<?xml version="1.0" encoding="utf-16"?>
<arranger elementsx="28" elementsy="8" width="8" height="8" layout="tiled" color="indexed" defaultcodec="SNES 3bpp" defaultdatafile="/FF2" defaultpalette="/Character Portraits/Palettes/CharPortraitPal0">
	<element fileoffset="ED3C0" posx="0" posy="0" />
	<element fileoffset="ED3D8" posx="1" posy="0" />
	<element fileoffset="ED3F0" posx="2" posy="0" />
	<element fileoffset="ED408" posx="3" posy="0" />
	<element fileoffset="ED6C0" posx="4" posy="0" palette="/Character Portraits/Palettes/CharPortraitPal2" />
	<element fileoffset="ED6D8" posx="5" posy="0" palette="/Character Portraits/Palettes/CharPortraitPal2" />
	<element fileoffset="ED6F0" posx="6" posy="0" palette="/Character Portraits/Palettes/CharPortraitPal2" />
	<element fileoffset="ED708" posx="7" posy="0" palette="/Character Portraits/Palettes/CharPortraitPal2" />
	<element fileoffset="ED9C0" posx="8" posy="0" palette="/Character Portraits/Palettes/CharPortraitPal4" />
	<element fileoffset="ED9D8" posx="9" posy="0" palette="/Character Portraits/Palettes/CharPortraitPal4" />
	<element fileoffset="ED9F0" posx="10" posy="0" palette="/Character Portraits/Palettes/CharPortraitPal4" />
	<element fileoffset="EDA08" posx="11" posy="0" palette="/Character Portraits/Palettes/CharPortraitPal4" />
	<element fileoffset="EDCC0" posx="12" posy="0" palette="/Character Portraits/Palettes/CharPortraitPal6" />
	<element fileoffset="EDCD8" posx="13" posy="0" palette="/Character Portraits/Palettes/CharPortraitPal6" />
	<element fileoffset="EDCF0" posx="14" posy="0" palette="/Character Portraits/Palettes/CharPortraitPal6" />
	<element fileoffset="EDD08" posx="15" posy="0" palette="/Character Portraits/Palettes/CharPortraitPal6" />
	<element fileoffset="EDFC0" posx="16" posy="0" palette="/Character Portraits/Palettes/CharPortraitPal8" />
	<element fileoffset="EDFD8" posx="17" posy="0" palette="/Character Portraits/Palettes/CharPortraitPal8" />
	<element fileoffset="EDFF0" posx="18" posy="0" palette="/Character Portraits/Palettes/CharPortraitPal8" />
	<element fileoffset="EE008" posx="19" posy="0" palette="/Character Portraits/Palettes/CharPortraitPal8" />
	<element fileoffset="EE2C0" posx="20" posy="0" palette="/Character Portraits/Palettes/CharPortraitPal10" />
	<element fileoffset="EE2D8" posx="21" posy="0" palette="/Character Portraits/Palettes/CharPortraitPal10" />
	<element fileoffset="EE2F0" posx="22" posy="0" palette="/Character Portraits/Palettes/CharPortraitPal10" />
	<element fileoffset="EE308" posx="23" posy="0" palette="/Character Portraits/Palettes/CharPortraitPal10" />
	<element fileoffset="EE5C0" posx="24" posy="0" palette="/Character Portraits/Palettes/CharPortraitPal12" />
	<element fileoffset="EE5D8" posx="25" posy="0" palette="/Character Portraits/Palettes/CharPortraitPal12" />
	<element fileoffset="EE5F0" posx="26" posy="0" palette="/Character Portraits/Palettes/CharPortraitPal12" />
	<element fileoffset="EE608" posx="27" posy="0" palette="/Character Portraits/Palettes/CharPortraitPal12" />
	<element fileoffset="ED420" posx="0" posy="1" />
	<element fileoffset="ED438" posx="1" posy="1" />
	<element fileoffset="ED450" posx="2" posy="1" />
	<element fileoffset="ED468" posx="3" posy="1" />
	<element fileoffset="ED720" posx="4" posy="1" palette="/Character Portraits/Palettes/CharPortraitPal2" />
	<element fileoffset="ED738" posx="5" posy="1" palette="/Character Portraits/Palettes/CharPortraitPal2" />
	<element fileoffset="ED750" posx="6" posy="1" palette="/Character Portraits/Palettes/CharPortraitPal2" />
	<element fileoffset="ED768" posx="7" posy="1" palette="/Character Portraits/Palettes/CharPortraitPal2" />
	<element fileoffset="EDA20" posx="8" posy="1" palette="/Character Portraits/Palettes/CharPortraitPal4" />
	<element fileoffset="EDA38" posx="9" posy="1" palette="/Character Portraits/Palettes/CharPortraitPal4" />
	<element fileoffset="EDA50" posx="10" posy="1" palette="/Character Portraits/Palettes/CharPortraitPal4" />
	<element fileoffset="EDA68" posx="11" posy="1" palette="/Character Portraits/Palettes/CharPortraitPal4" />
	<element fileoffset="EDD20" posx="12" posy="1" palette="/Character Portraits/Palettes/CharPortraitPal6" />
	<element fileoffset="EDD38" posx="13" posy="1" palette="/Character Portraits/Palettes/CharPortraitPal6" />
	<element fileoffset="EDD50" posx="14" posy="1" palette="/Character Portraits/Palettes/CharPortraitPal6" />
	<element fileoffset="EDD68" posx="15" posy="1" palette="/Character Portraits/Palettes/CharPortraitPal6" />
	<element fileoffset="EE020" posx="16" posy="1" palette="/Character Portraits/Palettes/CharPortraitPal8" />
	<element fileoffset="EE038" posx="17" posy="1" palette="/Character Portraits/Palettes/CharPortraitPal8" />
	<element fileoffset="EE050" posx="18" posy="1" palette="/Character Portraits/Palettes/CharPortraitPal8" />
	<element fileoffset="EE068" posx="19" posy="1" palette="/Character Portraits/Palettes/CharPortraitPal8" />
	<element fileoffset="EE320" posx="20" posy="1" palette="/Character Portraits/Palettes/CharPortraitPal10" />
	<element fileoffset="EE338" posx="21" posy="1" palette="/Character Portraits/Palettes/CharPortraitPal10" />
	<element fileoffset="EE350" posx="22" posy="1" palette="/Character Portraits/Palettes/CharPortraitPal10" />
	<element fileoffset="EE368" posx="23" posy="1" palette="/Character Portraits/Palettes/CharPortraitPal10" />
	<element fileoffset="EE620" posx="24" posy="1" palette="/Character Portraits/Palettes/CharPortraitPal12" />
	<element fileoffset="EE638" posx="25" posy="1" palette="/Character Portraits/Palettes/CharPortraitPal12" />
	<element fileoffset="EE650" posx="26" posy="1" palette="/Character Portraits/Palettes/CharPortraitPal12" />
	<element fileoffset="EE668" posx="27" posy="1" palette="/Character Portraits/Palettes/CharPortraitPal12" />
	<element fileoffset="ED480" posx="0" posy="2" />
	<element fileoffset="ED498" posx="1" posy="2" />
	<element fileoffset="ED4B0" posx="2" posy="2" />
	<element fileoffset="ED4C8" posx="3" posy="2" />
	<element fileoffset="ED780" posx="4" posy="2" palette="/Character Portraits/Palettes/CharPortraitPal2" />
	<element fileoffset="ED798" posx="5" posy="2" palette="/Character Portraits/Palettes/CharPortraitPal2" />
	<element fileoffset="ED7B0" posx="6" posy="2" palette="/Character Portraits/Palettes/CharPortraitPal2" />
	<element fileoffset="ED7C8" posx="7" posy="2" palette="/Character Portraits/Palettes/CharPortraitPal2" />
	<element fileoffset="EDA80" posx="8" posy="2" palette="/Character Portraits/Palettes/CharPortraitPal4" />
	<element fileoffset="EDA98" posx="9" posy="2" palette="/Character Portraits/Palettes/CharPortraitPal4" />
	<element fileoffset="EDAB0" posx="10" posy="2" palette="/Character Portraits/Palettes/CharPortraitPal4" />
	<element fileoffset="EDAC8" posx="11" posy="2" palette="/Character Portraits/Palettes/CharPortraitPal4" />
	<element fileoffset="EDD80" posx="12" posy="2" palette="/Character Portraits/Palettes/CharPortraitPal6" />
	<element fileoffset="EDD98" posx="13" posy="2" palette="/Character Portraits/Palettes/CharPortraitPal6" />
	<element fileoffset="EDDB0" posx="14" posy="2" palette="/Character Portraits/Palettes/CharPortraitPal6" />
	<element fileoffset="EDDC8" posx="15" posy="2" palette="/Character Portraits/Palettes/CharPortraitPal6" />
	<element fileoffset="EE080" posx="16" posy="2" palette="/Character Portraits/Palettes/CharPortraitPal8" />
	<element fileoffset="EE098" posx="17" posy="2" palette="/Character Portraits/Palettes/CharPortraitPal8" />
	<element fileoffset="EE0B0" posx="18" posy="2" palette="/Character Portraits/Palettes/CharPortraitPal8" />
	<element fileoffset="EE0C8" posx="19" posy="2" palette="/Character Portraits/Palettes/CharPortraitPal8" />
	<element fileoffset="EE380" posx="20" posy="2" palette="/Character Portraits/Palettes/CharPortraitPal10" />
	<element fileoffset="EE398" posx="21" posy="2" palette="/Character Portraits/Palettes/CharPortraitPal10" />
	<element fileoffset="EE3B0" posx="22" posy="2" palette="/Character Portraits/Palettes/CharPortraitPal10" />
	<element fileoffset="EE3C8" posx="23" posy="2" palette="/Character Portraits/Palettes/CharPortraitPal10" />
	<element fileoffset="EE680" posx="24" posy="2" palette="/Character Portraits/Palettes/CharPortraitPal12" />
	<element fileoffset="EE698" posx="25" posy="2" palette="/Character Portraits/Palettes/CharPortraitPal12" />
	<element fileoffset="EE6B0" posx="26" posy="2" palette="/Character Portraits/Palettes/CharPortraitPal12" />
	<element fileoffset="EE6C8" posx="27" posy="2" palette="/Character Portraits/Palettes/CharPortraitPal12" />
	<element fileoffset="ED4E0" posx="0" posy="3" />
	<element fileoffset="ED4F8" posx="1" posy="3" />
	<element fileoffset="ED510" posx="2" posy="3" />
	<element fileoffset="ED528" posx="3" posy="3" />
	<element fileoffset="ED7E0" posx="4" posy="3" palette="/Character Portraits/Palettes/CharPortraitPal2" />
	<element fileoffset="ED7F8" posx="5" posy="3" palette="/Character Portraits/Palettes/CharPortraitPal2" />
	<element fileoffset="ED810" posx="6" posy="3" palette="/Character Portraits/Palettes/CharPortraitPal2" />
	<element fileoffset="ED828" posx="7" posy="3" palette="/Character Portraits/Palettes/CharPortraitPal2" />
	<element fileoffset="EDAE0" posx="8" posy="3" palette="/Character Portraits/Palettes/CharPortraitPal4" />
	<element fileoffset="EDAF8" posx="9" posy="3" palette="/Character Portraits/Palettes/CharPortraitPal4" />
	<element fileoffset="EDB10" posx="10" posy="3" palette="/Character Portraits/Palettes/CharPortraitPal4" />
	<element fileoffset="EDB28" posx="11" posy="3" palette="/Character Portraits/Palettes/CharPortraitPal4" />
	<element fileoffset="EDDE0" posx="12" posy="3" palette="/Character Portraits/Palettes/CharPortraitPal6" />
	<element fileoffset="EDDF8" posx="13" posy="3" palette="/Character Portraits/Palettes/CharPortraitPal6" />
	<element fileoffset="EDE10" posx="14" posy="3" palette="/Character Portraits/Palettes/CharPortraitPal6" />
	<element fileoffset="EDE28" posx="15" posy="3" palette="/Character Portraits/Palettes/CharPortraitPal6" />
	<element fileoffset="EE0E0" posx="16" posy="3" palette="/Character Portraits/Palettes/CharPortraitPal8" />
	<element fileoffset="EE0F8" posx="17" posy="3" palette="/Character Portraits/Palettes/CharPortraitPal8" />
	<element fileoffset="EE110" posx="18" posy="3" palette="/Character Portraits/Palettes/CharPortraitPal8" />
	<element fileoffset="EE128" posx="19" posy="3" palette="/Character Portraits/Palettes/CharPortraitPal8" />
	<element fileoffset="EE3E0" posx="20" posy="3" palette="/Character Portraits/Palettes/CharPortraitPal10" />
	<element fileoffset="EE3F8" posx="21" posy="3" palette="/Character Portraits/Palettes/CharPortraitPal10" />
	<element fileoffset="EE410" posx="22" posy="3" palette="/Character Portraits/Palettes/CharPortraitPal10" />
	<element fileoffset="EE428" posx="23" posy="3" palette="/Character Portraits/Palettes/CharPortraitPal10" />
	<element fileoffset="EE6E0" posx="24" posy="3" palette="/Character Portraits/Palettes/CharPortraitPal12" />
	<element fileoffset="EE6F8" posx="25" posy="3" palette="/Character Portraits/Palettes/CharPortraitPal12" />
	<element fileoffset="EE710" posx="26" posy="3" palette="/Character Portraits/Palettes/CharPortraitPal12" />
	<element fileoffset="EE728" posx="27" posy="3" palette="/Character Portraits/Palettes/CharPortraitPal12" />
	<element fileoffset="ED540" posx="0" posy="4" palette="/Character Portraits/Palettes/CharPortraitPal1" />
	<element fileoffset="ED558" posx="1" posy="4" palette="/Character Portraits/Palettes/CharPortraitPal1" />
	<element fileoffset="ED570" posx="2" posy="4" palette="/Character Portraits/Palettes/CharPortraitPal1" />
	<element fileoffset="ED588" posx="3" posy="4" palette="/Character Portraits/Palettes/CharPortraitPal1" />
	<element fileoffset="ED840" posx="4" posy="4" palette="/Character Portraits/Palettes/CharPortraitPal3" />
	<element fileoffset="ED858" posx="5" posy="4" palette="/Character Portraits/Palettes/CharPortraitPal3" />
	<element fileoffset="ED870" posx="6" posy="4" palette="/Character Portraits/Palettes/CharPortraitPal3" />
	<element fileoffset="ED888" posx="7" posy="4" palette="/Character Portraits/Palettes/CharPortraitPal3" />
	<element fileoffset="EDB40" posx="8" posy="4" palette="/Character Portraits/Palettes/CharPortraitPal5" />
	<element fileoffset="EDB58" posx="9" posy="4" palette="/Character Portraits/Palettes/CharPortraitPal5" />
	<element fileoffset="EDB70" posx="10" posy="4" palette="/Character Portraits/Palettes/CharPortraitPal5" />
	<element fileoffset="EDB88" posx="11" posy="4" palette="/Character Portraits/Palettes/CharPortraitPal5" />
	<element fileoffset="EDE40" posx="12" posy="4" palette="/Character Portraits/Palettes/CharPortraitPal7" />
	<element fileoffset="EDE58" posx="13" posy="4" palette="/Character Portraits/Palettes/CharPortraitPal7" />
	<element fileoffset="EDE70" posx="14" posy="4" palette="/Character Portraits/Palettes/CharPortraitPal7" />
	<element fileoffset="EDE88" posx="15" posy="4" palette="/Character Portraits/Palettes/CharPortraitPal7" />
	<element fileoffset="EE140" posx="16" posy="4" palette="/Character Portraits/Palettes/CharPortraitPal9" />
	<element fileoffset="EE158" posx="17" posy="4" palette="/Character Portraits/Palettes/CharPortraitPal9" />
	<element fileoffset="EE170" posx="18" posy="4" palette="/Character Portraits/Palettes/CharPortraitPal9" />
	<element fileoffset="EE188" posx="19" posy="4" palette="/Character Portraits/Palettes/CharPortraitPal9" />
	<element fileoffset="EE440" posx="20" posy="4" palette="/Character Portraits/Palettes/CharPortraitPal11" />
	<element fileoffset="EE458" posx="21" posy="4" palette="/Character Portraits/Palettes/CharPortraitPal11" />
	<element fileoffset="EE470" posx="22" posy="4" palette="/Character Portraits/Palettes/CharPortraitPal11" />
	<element fileoffset="EE488" posx="23" posy="4" palette="/Character Portraits/Palettes/CharPortraitPal11" />
	<element fileoffset="EE740" posx="24" posy="4" palette="/Character Portraits/Palettes/CharPortraitPal13" />
	<element fileoffset="EE758" posx="25" posy="4" palette="/Character Portraits/Palettes/CharPortraitPal13" />
	<element fileoffset="EE770" posx="26" posy="4" palette="/Character Portraits/Palettes/CharPortraitPal13" />
	<element fileoffset="EE788" posx="27" posy="4" palette="/Character Portraits/Palettes/CharPortraitPal13" />
	<element fileoffset="ED5A0" posx="0" posy="5" palette="/Character Portraits/Palettes/CharPortraitPal1" />
	<element fileoffset="ED5B8" posx="1" posy="5" palette="/Character Portraits/Palettes/CharPortraitPal1" />
	<element fileoffset="ED5D0" posx="2" posy="5" palette="/Character Portraits/Palettes/CharPortraitPal1" />
	<element fileoffset="ED5E8" posx="3" posy="5" palette="/Character Portraits/Palettes/CharPortraitPal1" />
	<element fileoffset="ED8A0" posx="4" posy="5" palette="/Character Portraits/Palettes/CharPortraitPal3" />
	<element fileoffset="ED8B8" posx="5" posy="5" palette="/Character Portraits/Palettes/CharPortraitPal3" />
	<element fileoffset="ED8D0" posx="6" posy="5" palette="/Character Portraits/Palettes/CharPortraitPal3" />
	<element fileoffset="ED8E8" posx="7" posy="5" palette="/Character Portraits/Palettes/CharPortraitPal3" />
	<element fileoffset="EDBA0" posx="8" posy="5" palette="/Character Portraits/Palettes/CharPortraitPal5" />
	<element fileoffset="EDBB8" posx="9" posy="5" palette="/Character Portraits/Palettes/CharPortraitPal5" />
	<element fileoffset="EDBD0" posx="10" posy="5" palette="/Character Portraits/Palettes/CharPortraitPal5" />
	<element fileoffset="EDBE8" posx="11" posy="5" palette="/Character Portraits/Palettes/CharPortraitPal5" />
	<element fileoffset="EDEA0" posx="12" posy="5" palette="/Character Portraits/Palettes/CharPortraitPal7" />
	<element fileoffset="EDEB8" posx="13" posy="5" palette="/Character Portraits/Palettes/CharPortraitPal7" />
	<element fileoffset="EDED0" posx="14" posy="5" palette="/Character Portraits/Palettes/CharPortraitPal7" />
	<element fileoffset="EDEE8" posx="15" posy="5" palette="/Character Portraits/Palettes/CharPortraitPal7" />
	<element fileoffset="EE1A0" posx="16" posy="5" palette="/Character Portraits/Palettes/CharPortraitPal9" />
	<element fileoffset="EE1B8" posx="17" posy="5" palette="/Character Portraits/Palettes/CharPortraitPal9" />
	<element fileoffset="EE1D0" posx="18" posy="5" palette="/Character Portraits/Palettes/CharPortraitPal9" />
	<element fileoffset="EE1E8" posx="19" posy="5" palette="/Character Portraits/Palettes/CharPortraitPal9" />
	<element fileoffset="EE4A0" posx="20" posy="5" palette="/Character Portraits/Palettes/CharPortraitPal11" />
	<element fileoffset="EE4B8" posx="21" posy="5" palette="/Character Portraits/Palettes/CharPortraitPal11" />
	<element fileoffset="EE4D0" posx="22" posy="5" palette="/Character Portraits/Palettes/CharPortraitPal11" />
	<element fileoffset="EE4E8" posx="23" posy="5" palette="/Character Portraits/Palettes/CharPortraitPal11" />
	<element fileoffset="EE7A0" posx="24" posy="5" palette="/Character Portraits/Palettes/CharPortraitPal13" />
	<element fileoffset="EE7B8" posx="25" posy="5" palette="/Character Portraits/Palettes/CharPortraitPal13" />
	<element fileoffset="EE7D0" posx="26" posy="5" palette="/Character Portraits/Palettes/CharPortraitPal13" />
	<element fileoffset="EE7E8" posx="27" posy="5" palette="/Character Portraits/Palettes/CharPortraitPal13" />
	<element fileoffset="ED600" posx="0" posy="6" palette="/Character Portraits/Palettes/CharPortraitPal1" />
	<element fileoffset="ED618" posx="1" posy="6" palette="/Character Portraits/Palettes/CharPortraitPal1" />
	<element fileoffset="ED630" posx="2" posy="6" palette="/Character Portraits/Palettes/CharPortraitPal1" />
	<element fileoffset="ED648" posx="3" posy="6" palette="/Character Portraits/Palettes/CharPortraitPal1" />
	<element fileoffset="ED900" posx="4" posy="6" palette="/Character Portraits/Palettes/CharPortraitPal3" />
	<element fileoffset="ED918" posx="5" posy="6" palette="/Character Portraits/Palettes/CharPortraitPal3" />
	<element fileoffset="ED930" posx="6" posy="6" palette="/Character Portraits/Palettes/CharPortraitPal3" />
	<element fileoffset="ED948" posx="7" posy="6" palette="/Character Portraits/Palettes/CharPortraitPal3" />
	<element fileoffset="EDC00" posx="8" posy="6" palette="/Character Portraits/Palettes/CharPortraitPal5" />
	<element fileoffset="EDC18" posx="9" posy="6" palette="/Character Portraits/Palettes/CharPortraitPal5" />
	<element fileoffset="EDC30" posx="10" posy="6" palette="/Character Portraits/Palettes/CharPortraitPal5" />
	<element fileoffset="EDC48" posx="11" posy="6" palette="/Character Portraits/Palettes/CharPortraitPal5" />
	<element fileoffset="EDF00" posx="12" posy="6" palette="/Character Portraits/Palettes/CharPortraitPal7" />
	<element fileoffset="EDF18" posx="13" posy="6" palette="/Character Portraits/Palettes/CharPortraitPal7" />
	<element fileoffset="EDF30" posx="14" posy="6" palette="/Character Portraits/Palettes/CharPortraitPal7" />
	<element fileoffset="EDF48" posx="15" posy="6" palette="/Character Portraits/Palettes/CharPortraitPal7" />
	<element fileoffset="EE200" posx="16" posy="6" palette="/Character Portraits/Palettes/CharPortraitPal9" />
	<element fileoffset="EE218" posx="17" posy="6" palette="/Character Portraits/Palettes/CharPortraitPal9" />
	<element fileoffset="EE230" posx="18" posy="6" palette="/Character Portraits/Palettes/CharPortraitPal9" />
	<element fileoffset="EE248" posx="19" posy="6" palette="/Character Portraits/Palettes/CharPortraitPal9" />
	<element fileoffset="EE500" posx="20" posy="6" palette="/Character Portraits/Palettes/CharPortraitPal11" />
	<element fileoffset="EE518" posx="21" posy="6" palette="/Character Portraits/Palettes/CharPortraitPal11" />
	<element fileoffset="EE530" posx="22" posy="6" palette="/Character Portraits/Palettes/CharPortraitPal11" />
	<element fileoffset="EE548" posx="23" posy="6" palette="/Character Portraits/Palettes/CharPortraitPal11" />
	<element fileoffset="EE800" posx="24" posy="6" palette="/Character Portraits/Palettes/CharPortraitPal13" />
	<element fileoffset="EE818" posx="25" posy="6" palette="/Character Portraits/Palettes/CharPortraitPal13" />
	<element fileoffset="EE830" posx="26" posy="6" palette="/Character Portraits/Palettes/CharPortraitPal13" />
	<element fileoffset="EE848" posx="27" posy="6" palette="/Character Portraits/Palettes/CharPortraitPal13" />
	<element fileoffset="ED660" posx="0" posy="7" palette="/Character Portraits/Palettes/CharPortraitPal1" />
	<element fileoffset="ED678" posx="1" posy="7" palette="/Character Portraits/Palettes/CharPortraitPal1" />
	<element fileoffset="ED690" posx="2" posy="7" palette="/Character Portraits/Palettes/CharPortraitPal1" />
	<element fileoffset="ED6A8" posx="3" posy="7" palette="/Character Portraits/Palettes/CharPortraitPal1" />
	<element fileoffset="ED960" posx="4" posy="7" palette="/Character Portraits/Palettes/CharPortraitPal3" />
	<element fileoffset="ED978" posx="5" posy="7" palette="/Character Portraits/Palettes/CharPortraitPal3" />
	<element fileoffset="ED990" posx="6" posy="7" palette="/Character Portraits/Palettes/CharPortraitPal3" />
	<element fileoffset="ED9A8" posx="7" posy="7" palette="/Character Portraits/Palettes/CharPortraitPal3" />
	<element fileoffset="EDC60" posx="8" posy="7" palette="/Character Portraits/Palettes/CharPortraitPal5" />
	<element fileoffset="EDC78" posx="9" posy="7" palette="/Character Portraits/Palettes/CharPortraitPal5" />
	<element fileoffset="EDC90" posx="10" posy="7" palette="/Character Portraits/Palettes/CharPortraitPal5" />
	<element fileoffset="EDCA8" posx="11" posy="7" palette="/Character Portraits/Palettes/CharPortraitPal5" />
	<element fileoffset="EDF60" posx="12" posy="7" palette="/Character Portraits/Palettes/CharPortraitPal7" />
	<element fileoffset="EDF78" posx="13" posy="7" palette="/Character Portraits/Palettes/CharPortraitPal7" />
	<element fileoffset="EDF90" posx="14" posy="7" palette="/Character Portraits/Palettes/CharPortraitPal7" />
	<element fileoffset="EDFA8" posx="15" posy="7" palette="/Character Portraits/Palettes/CharPortraitPal7" />
	<element fileoffset="EE260" posx="16" posy="7" palette="/Character Portraits/Palettes/CharPortraitPal9" />
	<element fileoffset="EE278" posx="17" posy="7" palette="/Character Portraits/Palettes/CharPortraitPal9" />
	<element fileoffset="EE290" posx="18" posy="7" palette="/Character Portraits/Palettes/CharPortraitPal9" />
	<element fileoffset="EE2A8" posx="19" posy="7" palette="/Character Portraits/Palettes/CharPortraitPal9" />
	<element fileoffset="EE560" posx="20" posy="7" palette="/Character Portraits/Palettes/CharPortraitPal11" />
	<element fileoffset="EE578" posx="21" posy="7" palette="/Character Portraits/Palettes/CharPortraitPal11" />
	<element fileoffset="EE590" posx="22" posy="7" palette="/Character Portraits/Palettes/CharPortraitPal11" />
	<element fileoffset="EE5A8" posx="23" posy="7" palette="/Character Portraits/Palettes/CharPortraitPal11" />
	<element fileoffset="EE860" posx="24" posy="7" palette="/Character Portraits/Palettes/CharPortraitPal13" />
	<element fileoffset="EE878" posx="25" posy="7" palette="/Character Portraits/Palettes/CharPortraitPal13" />
	<element fileoffset="EE890" posx="26" posy="7" palette="/Character Portraits/Palettes/CharPortraitPal13" />
	<element fileoffset="EE8A8" posx="27" posy="7" palette="/Character Portraits/Palettes/CharPortraitPal13" />
</arranger>