<?xml version="1.0" encoding="utf-16"?>
<arranger elementsx="10" elementsy="6" width="8" height="8" layout="tiled" color="indexed" defaultcodec="SNES 4bpp" defaultdatafile="/FF2" defaultpalette="/Character Battle Sprites/Palettes/CharBattlePal11">
	<element fileoffset="D5800" posx="0" posy="0" />
	<element fileoffset="D5820" posx="1" posy="0" />
	<element fileoffset="D58C0" posx="2" posy="0" />
	<element fileoffset="D58E0" posx="3" posy="0" />
	<element fileoffset="D58C0" posx="4" posy="0" />
	<element fileoffset="D58E0" posx="5" posy="0" />
	<element fileoffset="D59C0" posx="6" posy="0" />
	<element fileoffset="D59E0" posx="7" posy="0" />
	<element fileoffset="D5BC0" posx="8" posy="0" />
	<element fileoffset="D5BE0" posx="9" posy="0" />
	<element fileoffset="D5840" posx="0" posy="1" />
	<element fileoffset="D5860" posx="1" posy="1" />
	<element fileoffset="D5900" posx="2" posy="1" />
	<element fileoffset="D5920" posx="3" posy="1" />
	<element fileoffset="D5900" posx="4" posy="1" />
	<element fileoffset="D5920" posx="5" posy="1" />
	<element fileoffset="D5A00" posx="6" posy="1" />
	<element fileoffset="D5A20" posx="7" posy="1" />
	<element fileoffset="D5C00" posx="8" posy="1" />
	<element fileoffset="D5C20" posx="9" posy="1" />
	<element fileoffset="D5880" posx="0" posy="2" />
	<element fileoffset="D58A0" posx="1" posy="2" />
	<element fileoffset="D5940" posx="2" posy="2" />
	<element fileoffset="D5960" posx="3" posy="2" />
	<element fileoffset="D5980" posx="4" posy="2" />
	<element fileoffset="D59A0" posx="5" posy="2" />
	<element fileoffset="D5A40" posx="6" posy="2" />
	<element fileoffset="D5A60" posx="7" posy="2" />
	<element fileoffset="D5C40" posx="8" posy="2" />
	<element fileoffset="D5C60" posx="9" posy="2" />
	<element fileoffset="D5E00" posx="0" posy="3" />
	<element fileoffset="D5E20" posx="1" posy="3" />
	<element fileoffset="D5E40" posx="2" posy="3" />
	<element fileoffset="D5F20" posx="3" posy="3" />
	<element fileoffset="D5F40" posx="4" posy="3" />
	<element fileoffset="D5C80" posx="5" posy="3" />
	<element fileoffset="D5CA0" posx="6" posy="3" />
	<element fileoffset="D5D40" posx="7" posy="3" />
	<element fileoffset="D5D60" posx="8" posy="3" />
	<element fileoffset="D5D80" posx="9" posy="3" />
	<element fileoffset="D5E60" posx="0" posy="4" />
	<element fileoffset="D5E80" posx="1" posy="4" />
	<element fileoffset="D5EA0" posx="2" posy="4" />
	<element fileoffset="D5F60" posx="3" posy="4" />
	<element fileoffset="D5F80" posx="4" posy="4" />
	<element fileoffset="D5CC0" posx="5" posy="4" />
	<element fileoffset="D5CE0" posx="6" posy="4" />
	<element fileoffset="D5DA0" posx="7" posy="4" />
	<element fileoffset="D5DC0" posx="8" posy="4" />
	<element fileoffset="D5DE0" posx="9" posy="4" />
	<element fileoffset="D5EC0" posx="0" posy="5" />
	<element fileoffset="D5EE0" posx="1" posy="5" />
	<element fileoffset="D5F00" posx="2" posy="5" />
	<element fileoffset="D5FA0" posx="3" posy="5" />
	<element fileoffset="D5FC0" posx="4" posy="5" />
	<element fileoffset="D5D00" posx="5" posy="5" />
	<element fileoffset="D5D20" posx="6" posy="5" />
</arranger>