<?xml version="1.0" encoding="utf-16"?>
<arranger elementsx="6" elementsy="3" width="8" height="8" layout="tiled" color="indexed" defaultcodec="SNES 4bpp" defaultdatafile="/FF2" defaultpalette="/Character Battle Sprites/Palettes/CharBattlePal15">
	<element fileoffset="D7960" posx="0" posy="0" />
	<element fileoffset="D7980" posx="1" posy="0" />
	<element fileoffset="D7960" posx="2" posy="0" />
	<element fileoffset="D7980" posx="3" posy="0" />
	<element fileoffset="D7A60" posx="4" posy="0" />
	<element fileoffset="D7A80" posx="5" posy="0" />
	<element fileoffset="D79A0" posx="0" posy="1" />
	<element fileoffset="D79C0" posx="1" posy="1" />
	<element fileoffset="D79A0" posx="2" posy="1" />
	<element fileoffset="D79C0" posx="3" posy="1" />
	<element fileoffset="D7AA0" posx="4" posy="1" />
	<element fileoffset="D7AC0" posx="5" posy="1" />
	<element fileoffset="D79E0" posx="0" posy="2" />
	<element fileoffset="D7A00" posx="1" posy="2" />
	<element fileoffset="D7A20" posx="2" posy="2" />
	<element fileoffset="D7A40" posx="3" posy="2" />
	<element fileoffset="D7AE0" posx="4" posy="2" />
	<element fileoffset="D7B00" posx="5" posy="2" />
</arranger>