<?xml version="1.0" encoding="utf-16"?>
<arranger elementsx="10" elementsy="6" width="8" height="8" layout="tiled" color="indexed" defaultcodec="SNES 4bpp" defaultdatafile="/FF2" defaultpalette="/Character Battle Sprites/Palettes/CharBattlePal9">
	<element fileoffset="D4800" posx="0" posy="0" />
	<element fileoffset="D4820" posx="1" posy="0" />
	<element fileoffset="D48C0" posx="2" posy="0" />
	<element fileoffset="D48E0" posx="3" posy="0" />
	<element fileoffset="D48C0" posx="4" posy="0" />
	<element fileoffset="D48E0" posx="5" posy="0" />
	<element fileoffset="D49C0" posx="6" posy="0" />
	<element fileoffset="D49E0" posx="7" posy="0" />
	<element fileoffset="D4BC0" posx="8" posy="0" />
	<element fileoffset="D4BE0" posx="9" posy="0" />
	<element fileoffset="D4840" posx="0" posy="1" />
	<element fileoffset="D4860" posx="1" posy="1" />
	<element fileoffset="D4900" posx="2" posy="1" />
	<element fileoffset="D4920" posx="3" posy="1" />
	<element fileoffset="D4900" posx="4" posy="1" />
	<element fileoffset="D4920" posx="5" posy="1" />
	<element fileoffset="D4A00" posx="6" posy="1" />
	<element fileoffset="D4A20" posx="7" posy="1" />
	<element fileoffset="D4C00" posx="8" posy="1" />
	<element fileoffset="D4C20" posx="9" posy="1" />
	<element fileoffset="D4880" posx="0" posy="2" />
	<element fileoffset="D48A0" posx="1" posy="2" />
	<element fileoffset="D4940" posx="2" posy="2" />
	<element fileoffset="D4960" posx="3" posy="2" />
	<element fileoffset="D4980" posx="4" posy="2" />
	<element fileoffset="D49A0" posx="5" posy="2" />
	<element fileoffset="D4A40" posx="6" posy="2" />
	<element fileoffset="D4A60" posx="7" posy="2" />
	<element fileoffset="D4C40" posx="8" posy="2" />
	<element fileoffset="D4C60" posx="9" posy="2" />
	<element fileoffset="D4E00" posx="0" posy="3" />
	<element fileoffset="D4E20" posx="1" posy="3" />
	<element fileoffset="D4E40" posx="2" posy="3" />
	<element fileoffset="D4F20" posx="3" posy="3" />
	<element fileoffset="D4F40" posx="4" posy="3" />
	<element fileoffset="D4C80" posx="5" posy="3" />
	<element fileoffset="D4CA0" posx="6" posy="3" />
	<element fileoffset="D4D40" posx="7" posy="3" />
	<element fileoffset="D4D60" posx="8" posy="3" />
	<element fileoffset="D4D80" posx="9" posy="3" />
	<element fileoffset="D4E60" posx="0" posy="4" />
	<element fileoffset="D4E80" posx="1" posy="4" />
	<element fileoffset="D4EA0" posx="2" posy="4" />
	<element fileoffset="D4F60" posx="3" posy="4" />
	<element fileoffset="D4F80" posx="4" posy="4" />
	<element fileoffset="D4CC0" posx="5" posy="4" />
	<element fileoffset="D4CE0" posx="6" posy="4" />
	<element fileoffset="D4DA0" posx="7" posy="4" />
	<element fileoffset="D4DC0" posx="8" posy="4" />
	<element fileoffset="D4DE0" posx="9" posy="4" />
	<element fileoffset="D4EC0" posx="0" posy="5" />
	<element fileoffset="D4EE0" posx="1" posy="5" />
	<element fileoffset="D4F00" posx="2" posy="5" />
	<element fileoffset="D4FA0" posx="3" posy="5" />
	<element fileoffset="D4FC0" posx="4" posy="5" />
	<element fileoffset="D4D00" posx="5" posy="5" />
	<element fileoffset="D4D20" posx="6" posy="5" />
</arranger>