<?xml version="1.0" encoding="utf-16"?>
<arranger elementsx="10" elementsy="6" width="8" height="8" layout="tiled" color="indexed" defaultcodec="SNES 4bpp" defaultdatafile="/FF2" defaultpalette="/Character Battle Sprites/Palettes/CharBattlePal0">
	<element fileoffset="D0000" posx="0" posy="0" />
	<element fileoffset="D0020" posx="1" posy="0" />
	<element fileoffset="D00C0" posx="2" posy="0" />
	<element fileoffset="D00E0" posx="3" posy="0" />
	<element fileoffset="D00C0" posx="4" posy="0" />
	<element fileoffset="D00E0" posx="5" posy="0" />
	<element fileoffset="D01C0" posx="6" posy="0" />
	<element fileoffset="D01E0" posx="7" posy="0" />
	<element fileoffset="D03C0" posx="8" posy="0" />
	<element fileoffset="D03E0" posx="9" posy="0" />
	<element fileoffset="D0040" posx="0" posy="1" />
	<element fileoffset="D0060" posx="1" posy="1" />
	<element fileoffset="D0100" posx="2" posy="1" />
	<element fileoffset="D0120" posx="3" posy="1" />
	<element fileoffset="D0100" posx="4" posy="1" />
	<element fileoffset="D0120" posx="5" posy="1" />
	<element fileoffset="D0200" posx="6" posy="1" />
	<element fileoffset="D0220" posx="7" posy="1" />
	<element fileoffset="D0400" posx="8" posy="1" />
	<element fileoffset="D0420" posx="9" posy="1" />
	<element fileoffset="D0080" posx="0" posy="2" />
	<element fileoffset="D00A0" posx="1" posy="2" />
	<element fileoffset="D0140" posx="2" posy="2" />
	<element fileoffset="D0160" posx="3" posy="2" />
	<element fileoffset="D0180" posx="4" posy="2" />
	<element fileoffset="D01A0" posx="5" posy="2" />
	<element fileoffset="D0240" posx="6" posy="2" />
	<element fileoffset="D0260" posx="7" posy="2" />
	<element fileoffset="D0440" posx="8" posy="2" />
	<element fileoffset="D0460" posx="9" posy="2" />
	<element fileoffset="D0600" posx="0" posy="3" />
	<element fileoffset="D0620" posx="1" posy="3" />
	<element fileoffset="D0640" posx="2" posy="3" />
	<element fileoffset="D0720" posx="3" posy="3" />
	<element fileoffset="D0740" posx="4" posy="3" />
	<element fileoffset="D0480" posx="5" posy="3" />
	<element fileoffset="D04A0" posx="6" posy="3" />
	<element fileoffset="D0540" posx="7" posy="3" />
	<element fileoffset="D0560" posx="8" posy="3" />
	<element fileoffset="D0580" posx="9" posy="3" />
	<element fileoffset="D0660" posx="0" posy="4" />
	<element fileoffset="D0680" posx="1" posy="4" />
	<element fileoffset="D06A0" posx="2" posy="4" />
	<element fileoffset="D0760" posx="3" posy="4" />
	<element fileoffset="D0780" posx="4" posy="4" />
	<element fileoffset="D04C0" posx="5" posy="4" />
	<element fileoffset="D04E0" posx="6" posy="4" />
	<element fileoffset="D05A0" posx="7" posy="4" />
	<element fileoffset="D05C0" posx="8" posy="4" />
	<element fileoffset="D05E0" posx="9" posy="4" />
	<element fileoffset="D06C0" posx="0" posy="5" />
	<element fileoffset="D06E0" posx="1" posy="5" />
	<element fileoffset="D0700" posx="2" posy="5" />
	<element fileoffset="D07A0" posx="3" posy="5" />
	<element fileoffset="D07C0" posx="4" posy="5" />
	<element fileoffset="D0500" posx="5" posy="5" />
	<element fileoffset="D0520" posx="6" posy="5" />
</arranger>