<?xml version="1.0" encoding="utf-16"?>
<arranger elementsx="10" elementsy="6" width="8" height="8" layout="tiled" color="indexed" defaultcodec="SNES 4bpp" defaultdatafile="/FF2" defaultpalette="/Character Battle Sprites/Palettes/CharBattlePal10">
	<element fileoffset="D5000" posx="0" posy="0" />
	<element fileoffset="D5020" posx="1" posy="0" />
	<element fileoffset="D50C0" posx="2" posy="0" />
	<element fileoffset="D50E0" posx="3" posy="0" />
	<element fileoffset="D50C0" posx="4" posy="0" />
	<element fileoffset="D50E0" posx="5" posy="0" />
	<element fileoffset="D51C0" posx="6" posy="0" />
	<element fileoffset="D51E0" posx="7" posy="0" />
	<element fileoffset="D5480" posx="8" posy="0" />
	<element fileoffset="D54A0" posx="9" posy="0" />
	<element fileoffset="D5040" posx="0" posy="1" />
	<element fileoffset="D5060" posx="1" posy="1" />
	<element fileoffset="D5100" posx="2" posy="1" />
	<element fileoffset="D5120" posx="3" posy="1" />
	<element fileoffset="D5100" posx="4" posy="1" />
	<element fileoffset="D5120" posx="5" posy="1" />
	<element fileoffset="D5200" posx="6" posy="1" />
	<element fileoffset="D5220" posx="7" posy="1" />
	<element fileoffset="D54C0" posx="8" posy="1" />
	<element fileoffset="D54E0" posx="9" posy="1" />
	<element fileoffset="D5080" posx="0" posy="2" />
	<element fileoffset="D50A0" posx="1" posy="2" />
	<element fileoffset="D5140" posx="2" posy="2" />
	<element fileoffset="D5160" posx="3" posy="2" />
	<element fileoffset="D5180" posx="4" posy="2" />
	<element fileoffset="D51A0" posx="5" posy="2" />
	<element fileoffset="D5240" posx="6" posy="2" />
	<element fileoffset="D5260" posx="7" posy="2" />
	<element fileoffset="D5500" posx="8" posy="2" />
	<element fileoffset="D5520" posx="9" posy="2" />
	<element fileoffset="D5600" posx="0" posy="3" />
	<element fileoffset="D5620" posx="1" posy="3" />
	<element fileoffset="D5640" posx="2" posy="3" />
	<element fileoffset="D5720" posx="3" posy="3" />
	<element fileoffset="D5740" posx="4" posy="3" />
	<element fileoffset="D53C0" posx="5" posy="3" />
	<element fileoffset="D53E0" posx="6" posy="3" />
	<element fileoffset="D5540" posx="7" posy="3" />
	<element fileoffset="D5560" posx="8" posy="3" />
	<element fileoffset="D5580" posx="9" posy="3" />
	<element fileoffset="D5660" posx="0" posy="4" />
	<element fileoffset="D5680" posx="1" posy="4" />
	<element fileoffset="D56A0" posx="2" posy="4" />
	<element fileoffset="D5760" posx="3" posy="4" />
	<element fileoffset="D5780" posx="4" posy="4" />
	<element fileoffset="D5400" posx="5" posy="4" />
	<element fileoffset="D5420" posx="6" posy="4" />
	<element fileoffset="D55A0" posx="7" posy="4" />
	<element fileoffset="D55C0" posx="8" posy="4" />
	<element fileoffset="D55E0" posx="9" posy="4" />
	<element fileoffset="D56C0" posx="0" posy="5" />
	<element fileoffset="D56E0" posx="1" posy="5" />
	<element fileoffset="D5700" posx="2" posy="5" />
	<element fileoffset="D57A0" posx="3" posy="5" />
	<element fileoffset="D57C0" posx="4" posy="5" />
	<element fileoffset="D5440" posx="5" posy="5" />
	<element fileoffset="D5460" posx="6" posy="5" />
</arranger>