<?xml version="1.0" encoding="utf-16"?>
<arranger elementsx="10" elementsy="6" width="8" height="8" layout="tiled" color="indexed" defaultcodec="SNES 4bpp" defaultdatafile="/FF2" defaultpalette="/Character Battle Sprites/Palettes/CharBattlePal12">
	<element fileoffset="D6000" posx="0" posy="0" />
	<element fileoffset="D6020" posx="1" posy="0" />
	<element fileoffset="D60C0" posx="2" posy="0" />
	<element fileoffset="D60E0" posx="3" posy="0" />
	<element fileoffset="D60C0" posx="4" posy="0" />
	<element fileoffset="D60E0" posx="5" posy="0" />
	<element fileoffset="D61C0" posx="6" posy="0" />
	<element fileoffset="D61E0" posx="7" posy="0" />
	<element fileoffset="D63C0" posx="8" posy="0" />
	<element fileoffset="D63E0" posx="9" posy="0" />
	<element fileoffset="D6040" posx="0" posy="1" />
	<element fileoffset="D6060" posx="1" posy="1" />
	<element fileoffset="D6100" posx="2" posy="1" />
	<element fileoffset="D6120" posx="3" posy="1" />
	<element fileoffset="D6100" posx="4" posy="1" />
	<element fileoffset="D6120" posx="5" posy="1" />
	<element fileoffset="D6200" posx="6" posy="1" />
	<element fileoffset="D6220" posx="7" posy="1" />
	<element fileoffset="D6400" posx="8" posy="1" />
	<element fileoffset="D6420" posx="9" posy="1" />
	<element fileoffset="D6080" posx="0" posy="2" />
	<element fileoffset="D60A0" posx="1" posy="2" />
	<element fileoffset="D6140" posx="2" posy="2" />
	<element fileoffset="D6160" posx="3" posy="2" />
	<element fileoffset="D6180" posx="4" posy="2" />
	<element fileoffset="D61A0" posx="5" posy="2" />
	<element fileoffset="D6240" posx="6" posy="2" />
	<element fileoffset="D6260" posx="7" posy="2" />
	<element fileoffset="D6440" posx="8" posy="2" />
	<element fileoffset="D6460" posx="9" posy="2" />
	<element fileoffset="D6600" posx="0" posy="3" />
	<element fileoffset="D6620" posx="1" posy="3" />
	<element fileoffset="D6640" posx="2" posy="3" />
	<element fileoffset="D6720" posx="3" posy="3" />
	<element fileoffset="D6740" posx="4" posy="3" />
	<element fileoffset="D6480" posx="5" posy="3" />
	<element fileoffset="D64A0" posx="6" posy="3" />
	<element fileoffset="D6540" posx="7" posy="3" />
	<element fileoffset="D6560" posx="8" posy="3" />
	<element fileoffset="D6580" posx="9" posy="3" />
	<element fileoffset="D6660" posx="0" posy="4" />
	<element fileoffset="D6680" posx="1" posy="4" />
	<element fileoffset="D66A0" posx="2" posy="4" />
	<element fileoffset="D6760" posx="3" posy="4" />
	<element fileoffset="D6780" posx="4" posy="4" />
	<element fileoffset="D64C0" posx="5" posy="4" />
	<element fileoffset="D64E0" posx="6" posy="4" />
	<element fileoffset="D65A0" posx="7" posy="4" />
	<element fileoffset="D65C0" posx="8" posy="4" />
	<element fileoffset="D65E0" posx="9" posy="4" />
	<element fileoffset="D66C0" posx="0" posy="5" />
	<element fileoffset="D66E0" posx="1" posy="5" />
	<element fileoffset="D6700" posx="2" posy="5" />
	<element fileoffset="D67A0" posx="3" posy="5" />
	<element fileoffset="D67C0" posx="4" posy="5" />
	<element fileoffset="D6500" posx="5" posy="5" />
	<element fileoffset="D6520" posx="6" posy="5" />
</arranger>