<?xml version="1.0" encoding="utf-16"?>
<arranger elementsx="10" elementsy="6" width="8" height="8" layout="tiled" color="indexed" defaultcodec="SNES 4bpp" defaultdatafile="/FF2" defaultpalette="/Character Battle Sprites/Palettes/CharBattlePal4">
	<element fileoffset="D2000" posx="0" posy="0" />
	<element fileoffset="D2020" posx="1" posy="0" />
	<element fileoffset="D20C0" posx="2" posy="0" />
	<element fileoffset="D20E0" posx="3" posy="0" />
	<element fileoffset="D20C0" posx="4" posy="0" />
	<element fileoffset="D20E0" posx="5" posy="0" />
	<element fileoffset="D21C0" posx="6" posy="0" />
	<element fileoffset="D21E0" posx="7" posy="0" />
	<element fileoffset="D23C0" posx="8" posy="0" />
	<element fileoffset="D23E0" posx="9" posy="0" />
	<element fileoffset="D2040" posx="0" posy="1" />
	<element fileoffset="D2060" posx="1" posy="1" />
	<element fileoffset="D2100" posx="2" posy="1" />
	<element fileoffset="D2120" posx="3" posy="1" />
	<element fileoffset="D2100" posx="4" posy="1" />
	<element fileoffset="D2120" posx="5" posy="1" />
	<element fileoffset="D2200" posx="6" posy="1" />
	<element fileoffset="D2220" posx="7" posy="1" />
	<element fileoffset="D2400" posx="8" posy="1" />
	<element fileoffset="D2420" posx="9" posy="1" />
	<element fileoffset="D2080" posx="0" posy="2" />
	<element fileoffset="D20A0" posx="1" posy="2" />
	<element fileoffset="D2140" posx="2" posy="2" />
	<element fileoffset="D2160" posx="3" posy="2" />
	<element fileoffset="D2180" posx="4" posy="2" />
	<element fileoffset="D21A0" posx="5" posy="2" />
	<element fileoffset="D2240" posx="6" posy="2" />
	<element fileoffset="D2260" posx="7" posy="2" />
	<element fileoffset="D2440" posx="8" posy="2" />
	<element fileoffset="D2460" posx="9" posy="2" />
	<element fileoffset="D2600" posx="0" posy="3" />
	<element fileoffset="D2620" posx="1" posy="3" />
	<element fileoffset="D2640" posx="2" posy="3" />
	<element fileoffset="D2480" posx="3" posy="3" />
	<element fileoffset="D24A0" posx="4" posy="3" />
	<element fileoffset="D2720" posx="5" posy="3" />
	<element fileoffset="D2740" posx="6" posy="3" />
	<element fileoffset="D2540" posx="7" posy="3" />
	<element fileoffset="D2560" posx="8" posy="3" />
	<element fileoffset="D2580" posx="9" posy="3" />
	<element fileoffset="D2660" posx="0" posy="4" />
	<element fileoffset="D2680" posx="1" posy="4" />
	<element fileoffset="D26A0" posx="2" posy="4" />
	<element fileoffset="D24C0" posx="3" posy="4" />
	<element fileoffset="D24E0" posx="4" posy="4" />
	<element fileoffset="D2760" posx="5" posy="4" />
	<element fileoffset="D2780" posx="6" posy="4" />
	<element fileoffset="D25A0" posx="7" posy="4" />
	<element fileoffset="D25C0" posx="8" posy="4" />
	<element fileoffset="D25E0" posx="9" posy="4" />
	<element fileoffset="D26C0" posx="0" posy="5" />
	<element fileoffset="D26E0" posx="1" posy="5" />
	<element fileoffset="D2700" posx="2" posy="5" />
	<element fileoffset="D2500" posx="3" posy="5" />
	<element fileoffset="D2520" posx="4" posy="5" />
	<element fileoffset="D27A0" posx="5" posy="5" />
	<element fileoffset="D27C0" posx="6" posy="5" />
</arranger>