<?xml version="1.0" encoding="utf-16"?>
<arranger elementsx="10" elementsy="6" width="8" height="8" layout="tiled" color="indexed" defaultcodec="SNES 4bpp" defaultdatafile="/FF2" defaultpalette="/Character Battle Sprites/Palettes/CharBattlePal13">
	<element fileoffset="D6800" posx="0" posy="0" />
	<element fileoffset="D6820" posx="1" posy="0" />
	<element fileoffset="D68C0" posx="2" posy="0" />
	<element fileoffset="D68E0" posx="3" posy="0" />
	<element fileoffset="D68C0" posx="4" posy="0" />
	<element fileoffset="D68E0" posx="5" posy="0" />
	<element fileoffset="D69C0" posx="6" posy="0" />
	<element fileoffset="D69E0" posx="7" posy="0" />
	<element fileoffset="D6BC0" posx="8" posy="0" />
	<element fileoffset="D6BE0" posx="9" posy="0" />
	<element fileoffset="D6840" posx="0" posy="1" />
	<element fileoffset="D6860" posx="1" posy="1" />
	<element fileoffset="D6900" posx="2" posy="1" />
	<element fileoffset="D6920" posx="3" posy="1" />
	<element fileoffset="D6900" posx="4" posy="1" />
	<element fileoffset="D6920" posx="5" posy="1" />
	<element fileoffset="D6A00" posx="6" posy="1" />
	<element fileoffset="D6A20" posx="7" posy="1" />
	<element fileoffset="D6C00" posx="8" posy="1" />
	<element fileoffset="D6C20" posx="9" posy="1" />
	<element fileoffset="D6880" posx="0" posy="2" />
	<element fileoffset="D68A0" posx="1" posy="2" />
	<element fileoffset="D6940" posx="2" posy="2" />
	<element fileoffset="D6960" posx="3" posy="2" />
	<element fileoffset="D6980" posx="4" posy="2" />
	<element fileoffset="D69A0" posx="5" posy="2" />
	<element fileoffset="D6A40" posx="6" posy="2" />
	<element fileoffset="D6A60" posx="7" posy="2" />
	<element fileoffset="D6C40" posx="8" posy="2" />
	<element fileoffset="D6C60" posx="9" posy="2" />
	<element fileoffset="D6E00" posx="0" posy="3" />
	<element fileoffset="D6E20" posx="1" posy="3" />
	<element fileoffset="D6E40" posx="2" posy="3" />
	<element fileoffset="D6F20" posx="3" posy="3" />
	<element fileoffset="D6F40" posx="4" posy="3" />
	<element fileoffset="D6C80" posx="5" posy="3" />
	<element fileoffset="D6CA0" posx="6" posy="3" />
	<element fileoffset="D6D40" posx="7" posy="3" />
	<element fileoffset="D6D60" posx="8" posy="3" />
	<element fileoffset="D6D80" posx="9" posy="3" />
	<element fileoffset="D6E60" posx="0" posy="4" />
	<element fileoffset="D6E80" posx="1" posy="4" />
	<element fileoffset="D6EA0" posx="2" posy="4" />
	<element fileoffset="D6F60" posx="3" posy="4" />
	<element fileoffset="D6F80" posx="4" posy="4" />
	<element fileoffset="D6CC0" posx="5" posy="4" />
	<element fileoffset="D6CE0" posx="6" posy="4" />
	<element fileoffset="D6DA0" posx="7" posy="4" />
	<element fileoffset="D6DC0" posx="8" posy="4" />
	<element fileoffset="D6DE0" posx="9" posy="4" />
	<element fileoffset="D6EC0" posx="0" posy="5" />
	<element fileoffset="D6EE0" posx="1" posy="5" />
	<element fileoffset="D6F00" posx="2" posy="5" />
	<element fileoffset="D6FA0" posx="3" posy="5" />
	<element fileoffset="D6FC0" posx="4" posy="5" />
	<element fileoffset="D6D00" posx="5" posy="5" />
	<element fileoffset="D6D20" posx="6" posy="5" />
</arranger>