<?xml version="1.0" encoding="utf-16"?>
<arranger elementsx="10" elementsy="6" width="8" height="8" layout="tiled" color="indexed" defaultcodec="SNES 4bpp" defaultdatafile="/FF2" defaultpalette="/Character Battle Sprites/Palettes/CharBattlePal14">
	<element fileoffset="D7600" posx="0" posy="0" />
	<element fileoffset="D7620" posx="1" posy="0" />
	<element fileoffset="D7700" posx="2" posy="0" />
	<element fileoffset="D7720" posx="3" posy="0" />
	<element fileoffset="D7700" posx="4" posy="0" />
	<element fileoffset="D7720" posx="5" posy="0" />
	<element fileoffset="D7640" posx="0" posy="1" />
	<element fileoffset="D7660" posx="1" posy="1" />
	<element fileoffset="D7740" posx="2" posy="1" />
	<element fileoffset="D7760" posx="3" posy="1" />
	<element fileoffset="D7740" posx="4" posy="1" />
	<element fileoffset="D7760" posx="5" posy="1" />
	<element fileoffset="D7680" posx="0" posy="2" />
	<element fileoffset="D76A0" posx="1" posy="2" />
	<element fileoffset="D7780" posx="2" posy="2" />
	<element fileoffset="D77A0" posx="3" posy="2" />
	<element fileoffset="D76C0" posx="4" posy="2" />
	<element fileoffset="D76E0" posx="5" posy="2" />
	<element fileoffset="D77E0" posx="3" posy="3" />
	<element fileoffset="D7800" posx="4" posy="3" />
	<element fileoffset="D78A0" posx="7" posy="3" />
	<element fileoffset="D78C0" posx="8" posy="3" />
	<element fileoffset="D78E0" posx="9" posy="3" />
	<element fileoffset="D7820" posx="3" posy="4" />
	<element fileoffset="D7840" posx="4" posy="4" />
	<element fileoffset="D7900" posx="7" posy="4" />
	<element fileoffset="D7920" posx="8" posy="4" />
	<element fileoffset="D7940" posx="9" posy="4" />
	<element fileoffset="D7860" posx="3" posy="5" />
	<element fileoffset="D7880" posx="4" posy="5" />
</arranger>