<?xml version="1.0" encoding="utf-16"?>
<arranger elementsx="10" elementsy="6" width="8" height="8" layout="tiled" color="indexed" defaultcodec="SNES 4bpp" defaultdatafile="/FF2" defaultpalette="/Character Battle Sprites/Palettes/CharBattlePal1">
	<element fileoffset="D0800" posx="0" posy="0" />
	<element fileoffset="D0820" posx="1" posy="0" />
	<element fileoffset="D08C0" posx="2" posy="0" />
	<element fileoffset="D08E0" posx="3" posy="0" />
	<element fileoffset="D08C0" posx="4" posy="0" />
	<element fileoffset="D08E0" posx="5" posy="0" />
	<element fileoffset="D09C0" posx="6" posy="0" />
	<element fileoffset="D09E0" posx="7" posy="0" />
	<element fileoffset="D0BC0" posx="8" posy="0" />
	<element fileoffset="D0BE0" posx="9" posy="0" />
	<element fileoffset="D0840" posx="0" posy="1" />
	<element fileoffset="D0860" posx="1" posy="1" />
	<element fileoffset="D0900" posx="2" posy="1" />
	<element fileoffset="D0920" posx="3" posy="1" />
	<element fileoffset="D0900" posx="4" posy="1" />
	<element fileoffset="D0920" posx="5" posy="1" />
	<element fileoffset="D0A00" posx="6" posy="1" />
	<element fileoffset="D0A20" posx="7" posy="1" />
	<element fileoffset="D0C00" posx="8" posy="1" />
	<element fileoffset="D0C20" posx="9" posy="1" />
	<element fileoffset="D0880" posx="0" posy="2" />
	<element fileoffset="D08A0" posx="1" posy="2" />
	<element fileoffset="D0940" posx="2" posy="2" />
	<element fileoffset="D0960" posx="3" posy="2" />
	<element fileoffset="D0980" posx="4" posy="2" />
	<element fileoffset="D09A0" posx="5" posy="2" />
	<element fileoffset="D0A40" posx="6" posy="2" />
	<element fileoffset="D0A60" posx="7" posy="2" />
	<element fileoffset="D0C40" posx="8" posy="2" />
	<element fileoffset="D0C60" posx="9" posy="2" />
	<element fileoffset="D0E00" posx="0" posy="3" />
	<element fileoffset="D0E20" posx="1" posy="3" />
	<element fileoffset="D0E40" posx="2" posy="3" />
	<element fileoffset="D0F20" posx="3" posy="3" />
	<element fileoffset="D0F40" posx="4" posy="3" />
	<element fileoffset="D0C80" posx="5" posy="3" />
	<element fileoffset="D0CA0" posx="6" posy="3" />
	<element fileoffset="D0D40" posx="7" posy="3" />
	<element fileoffset="D0D60" posx="8" posy="3" />
	<element fileoffset="D0D80" posx="9" posy="3" />
	<element fileoffset="D0E60" posx="0" posy="4" />
	<element fileoffset="D0E80" posx="1" posy="4" />
	<element fileoffset="D0EA0" posx="2" posy="4" />
	<element fileoffset="D0F60" posx="3" posy="4" />
	<element fileoffset="D0F80" posx="4" posy="4" />
	<element fileoffset="D0CC0" posx="5" posy="4" />
	<element fileoffset="D0CE0" posx="6" posy="4" />
	<element fileoffset="D0DA0" posx="7" posy="4" />
	<element fileoffset="D0DC0" posx="8" posy="4" />
	<element fileoffset="D0DE0" posx="9" posy="4" />
	<element fileoffset="D0EC0" posx="0" posy="5" />
	<element fileoffset="D0EE0" posx="1" posy="5" />
	<element fileoffset="D0F00" posx="2" posy="5" />
	<element fileoffset="D0FA0" posx="3" posy="5" />
	<element fileoffset="D0FC0" posx="4" posy="5" />
	<element fileoffset="D0D00" posx="5" posy="5" />
	<element fileoffset="D0D20" posx="6" posy="5" />
</arranger>