<?xml version="1.0" encoding="utf-16"?>
<arranger elementsx="10" elementsy="6" width="8" height="8" layout="tiled" color="indexed" defaultcodec="SNES 4bpp" defaultdatafile="/FF2" defaultpalette="/Character Battle Sprites/Palettes/CharBattlePal7">
	<element fileoffset="D3800" posx="0" posy="0" />
	<element fileoffset="D3820" posx="1" posy="0" />
	<element fileoffset="D38C0" posx="2" posy="0" />
	<element fileoffset="D38E0" posx="3" posy="0" />
	<element fileoffset="D38C0" posx="4" posy="0" />
	<element fileoffset="D38E0" posx="5" posy="0" />
	<element fileoffset="D39C0" posx="6" posy="0" />
	<element fileoffset="D39E0" posx="7" posy="0" />
	<element fileoffset="D3BC0" posx="8" posy="0" />
	<element fileoffset="D3BE0" posx="9" posy="0" />
	<element fileoffset="D3840" posx="0" posy="1" />
	<element fileoffset="D3860" posx="1" posy="1" />
	<element fileoffset="D3900" posx="2" posy="1" />
	<element fileoffset="D3920" posx="3" posy="1" />
	<element fileoffset="D3900" posx="4" posy="1" />
	<element fileoffset="D3920" posx="5" posy="1" />
	<element fileoffset="D3A00" posx="6" posy="1" />
	<element fileoffset="D3A20" posx="7" posy="1" />
	<element fileoffset="D3C00" posx="8" posy="1" />
	<element fileoffset="D3C20" posx="9" posy="1" />
	<element fileoffset="D3880" posx="0" posy="2" />
	<element fileoffset="D38A0" posx="1" posy="2" />
	<element fileoffset="D3940" posx="2" posy="2" />
	<element fileoffset="D3960" posx="3" posy="2" />
	<element fileoffset="D3980" posx="4" posy="2" />
	<element fileoffset="D39A0" posx="5" posy="2" />
	<element fileoffset="D3A40" posx="6" posy="2" />
	<element fileoffset="D3A60" posx="7" posy="2" />
	<element fileoffset="D3C40" posx="8" posy="2" />
	<element fileoffset="D3C60" posx="9" posy="2" />
	<element fileoffset="D3E00" posx="0" posy="3" />
	<element fileoffset="D3E20" posx="1" posy="3" />
	<element fileoffset="D3E40" posx="2" posy="3" />
	<element fileoffset="D3F20" posx="3" posy="3" />
	<element fileoffset="D3F40" posx="4" posy="3" />
	<element fileoffset="D3C80" posx="5" posy="3" />
	<element fileoffset="D3CA0" posx="6" posy="3" />
	<element fileoffset="D3D40" posx="7" posy="3" />
	<element fileoffset="D3D60" posx="8" posy="3" />
	<element fileoffset="D3D80" posx="9" posy="3" />
	<element fileoffset="D3E60" posx="0" posy="4" />
	<element fileoffset="D3E80" posx="1" posy="4" />
	<element fileoffset="D3EA0" posx="2" posy="4" />
	<element fileoffset="D3F60" posx="3" posy="4" />
	<element fileoffset="D3F80" posx="4" posy="4" />
	<element fileoffset="D3CC0" posx="5" posy="4" />
	<element fileoffset="D3CE0" posx="6" posy="4" />
	<element fileoffset="D3DA0" posx="7" posy="4" />
	<element fileoffset="D3DC0" posx="8" posy="4" />
	<element fileoffset="D3DE0" posx="9" posy="4" />
	<element fileoffset="D3EC0" posx="0" posy="5" />
	<element fileoffset="D3EE0" posx="1" posy="5" />
	<element fileoffset="D3F00" posx="2" posy="5" />
	<element fileoffset="D3FA0" posx="3" posy="5" />
	<element fileoffset="D3FC0" posx="4" posy="5" />
	<element fileoffset="D3D00" posx="5" posy="5" />
	<element fileoffset="D3D20" posx="6" posy="5" />
</arranger>