<?xml version="1.0" encoding="utf-16"?>
<arranger elementsx="10" elementsy="6" width="8" height="8" layout="tiled" color="indexed" defaultcodec="SNES 4bpp" defaultdatafile="/FF2" defaultpalette="/Character Battle Sprites/Palettes/CharBattlePal0">
	<element fileoffset="D7000" posx="0" posy="0" />
	<element fileoffset="D7020" posx="1" posy="0" />
	<element fileoffset="D70C0" posx="2" posy="0" />
	<element fileoffset="D70E0" posx="3" posy="0" />
	<element fileoffset="D70C0" posx="4" posy="0" />
	<element fileoffset="D70E0" posx="5" posy="0" />
	<element fileoffset="D71C0" posx="6" posy="0" />
	<element fileoffset="D71E0" posx="7" posy="0" />
	<element fileoffset="D73C0" posx="8" posy="0" />
	<element fileoffset="D73E0" posx="9" posy="0" />
	<element fileoffset="D7040" posx="0" posy="1" />
	<element fileoffset="D7060" posx="1" posy="1" />
	<element fileoffset="D7100" posx="2" posy="1" />
	<element fileoffset="D7120" posx="3" posy="1" />
	<element fileoffset="D7100" posx="4" posy="1" />
	<element fileoffset="D7120" posx="5" posy="1" />
	<element fileoffset="D7200" posx="6" posy="1" />
	<element fileoffset="D7220" posx="7" posy="1" />
	<element fileoffset="D7400" posx="8" posy="1" />
	<element fileoffset="D7420" posx="9" posy="1" />
	<element fileoffset="D7080" posx="0" posy="2" />
	<element fileoffset="D70A0" posx="1" posy="2" />
	<element fileoffset="D7140" posx="2" posy="2" />
	<element fileoffset="D7160" posx="3" posy="2" />
	<element fileoffset="D7180" posx="4" posy="2" />
	<element fileoffset="D71A0" posx="5" posy="2" />
	<element fileoffset="D7240" posx="6" posy="2" />
	<element fileoffset="D7260" posx="7" posy="2" />
	<element fileoffset="D7440" posx="8" posy="2" />
	<element fileoffset="D7460" posx="9" posy="2" />
	<element fileoffset="D7480" posx="3" posy="3" />
	<element fileoffset="D74A0" posx="4" posy="3" />
	<element fileoffset="D7540" posx="7" posy="3" />
	<element fileoffset="D7560" posx="8" posy="3" />
	<element fileoffset="D7580" posx="9" posy="3" />
	<element fileoffset="D74C0" posx="3" posy="4" />
	<element fileoffset="D74E0" posx="4" posy="4" />
	<element fileoffset="D75A0" posx="7" posy="4" />
	<element fileoffset="D75C0" posx="8" posy="4" />
	<element fileoffset="D75E0" posx="9" posy="4" />
	<element fileoffset="D7500" posx="3" posy="5" />
	<element fileoffset="D7520" posx="4" posy="5" />
</arranger>