<?xml version="1.0" encoding="utf-16"?>
<arranger elementsx="10" elementsy="6" width="8" height="8" layout="tiled" color="indexed" defaultcodec="SNES 4bpp" defaultdatafile="/FF2" defaultpalette="/Character Battle Sprites/Palettes/CharBattlePal8">
	<element fileoffset="D4000" posx="0" posy="0" />
	<element fileoffset="D4020" posx="1" posy="0" />
	<element fileoffset="D40C0" posx="2" posy="0" />
	<element fileoffset="D40E0" posx="3" posy="0" />
	<element fileoffset="D40C0" posx="4" posy="0" />
	<element fileoffset="D40E0" posx="5" posy="0" />
	<element fileoffset="D41C0" posx="6" posy="0" />
	<element fileoffset="D41E0" posx="7" posy="0" />
	<element fileoffset="D43C0" posx="8" posy="0" />
	<element fileoffset="D43E0" posx="9" posy="0" />
	<element fileoffset="D4040" posx="0" posy="1" />
	<element fileoffset="D4060" posx="1" posy="1" />
	<element fileoffset="D4100" posx="2" posy="1" />
	<element fileoffset="D4120" posx="3" posy="1" />
	<element fileoffset="D4100" posx="4" posy="1" />
	<element fileoffset="D4120" posx="5" posy="1" />
	<element fileoffset="D4200" posx="6" posy="1" />
	<element fileoffset="D4220" posx="7" posy="1" />
	<element fileoffset="D4400" posx="8" posy="1" />
	<element fileoffset="D4420" posx="9" posy="1" />
	<element fileoffset="D4080" posx="0" posy="2" />
	<element fileoffset="D40A0" posx="1" posy="2" />
	<element fileoffset="D4140" posx="2" posy="2" />
	<element fileoffset="D4160" posx="3" posy="2" />
	<element fileoffset="D4180" posx="4" posy="2" />
	<element fileoffset="D41A0" posx="5" posy="2" />
	<element fileoffset="D4240" posx="6" posy="2" />
	<element fileoffset="D4260" posx="7" posy="2" />
	<element fileoffset="D4440" posx="8" posy="2" />
	<element fileoffset="D4460" posx="9" posy="2" />
	<element fileoffset="D4600" posx="0" posy="3" />
	<element fileoffset="D4620" posx="1" posy="3" />
	<element fileoffset="D4640" posx="2" posy="3" />
	<element fileoffset="D4720" posx="3" posy="3" />
	<element fileoffset="D4740" posx="4" posy="3" />
	<element fileoffset="D4480" posx="5" posy="3" />
	<element fileoffset="D44A0" posx="6" posy="3" />
	<element fileoffset="D4540" posx="7" posy="3" />
	<element fileoffset="D4560" posx="8" posy="3" />
	<element fileoffset="D4580" posx="9" posy="3" />
	<element fileoffset="D4660" posx="0" posy="4" />
	<element fileoffset="D4680" posx="1" posy="4" />
	<element fileoffset="D46A0" posx="2" posy="4" />
	<element fileoffset="D4760" posx="3" posy="4" />
	<element fileoffset="D4780" posx="4" posy="4" />
	<element fileoffset="D44C0" posx="5" posy="4" />
	<element fileoffset="D44E0" posx="6" posy="4" />
	<element fileoffset="D45A0" posx="7" posy="4" />
	<element fileoffset="D45C0" posx="8" posy="4" />
	<element fileoffset="D45E0" posx="9" posy="4" />
	<element fileoffset="D46C0" posx="0" posy="5" />
	<element fileoffset="D46E0" posx="1" posy="5" />
	<element fileoffset="D4700" posx="2" posy="5" />
	<element fileoffset="D47A0" posx="3" posy="5" />
	<element fileoffset="D47C0" posx="4" posy="5" />
	<element fileoffset="D4500" posx="5" posy="5" />
	<element fileoffset="D4520" posx="6" posy="5" />
</arranger>