<?xml version="1.0" encoding="utf-16"?>
<arranger elementsx="10" elementsy="6" width="8" height="8" layout="tiled" color="indexed" defaultcodec="SNES 4bpp" defaultdatafile="/FF2" defaultpalette="/Character Battle Sprites/Palettes/CharBattlePal5">
	<element fileoffset="D2800" posx="0" posy="0" />
	<element fileoffset="D2820" posx="1" posy="0" />
	<element fileoffset="D28C0" posx="2" posy="0" />
	<element fileoffset="D28E0" posx="3" posy="0" />
	<element fileoffset="D28C0" posx="4" posy="0" />
	<element fileoffset="D28E0" posx="5" posy="0" />
	<element fileoffset="D29C0" posx="6" posy="0" />
	<element fileoffset="D29E0" posx="7" posy="0" />
	<element fileoffset="D2BC0" posx="8" posy="0" />
	<element fileoffset="D2BE0" posx="9" posy="0" />
	<element fileoffset="D2840" posx="0" posy="1" />
	<element fileoffset="D2860" posx="1" posy="1" />
	<element fileoffset="D2900" posx="2" posy="1" />
	<element fileoffset="D2920" posx="3" posy="1" />
	<element fileoffset="D2900" posx="4" posy="1" />
	<element fileoffset="D2920" posx="5" posy="1" />
	<element fileoffset="D2A00" posx="6" posy="1" />
	<element fileoffset="D2A20" posx="7" posy="1" />
	<element fileoffset="D2C00" posx="8" posy="1" />
	<element fileoffset="D2C20" posx="9" posy="1" />
	<element fileoffset="D2880" posx="0" posy="2" />
	<element fileoffset="D28A0" posx="1" posy="2" />
	<element fileoffset="D2940" posx="2" posy="2" />
	<element fileoffset="D2960" posx="3" posy="2" />
	<element fileoffset="D2980" posx="4" posy="2" />
	<element fileoffset="D29A0" posx="5" posy="2" />
	<element fileoffset="D2A40" posx="6" posy="2" />
	<element fileoffset="D2A60" posx="7" posy="2" />
	<element fileoffset="D2C40" posx="8" posy="2" />
	<element fileoffset="D2C60" posx="9" posy="2" />
	<element fileoffset="D2E00" posx="0" posy="3" />
	<element fileoffset="D2E20" posx="1" posy="3" />
	<element fileoffset="D2E40" posx="2" posy="3" />
	<element fileoffset="D2F20" posx="3" posy="3" />
	<element fileoffset="D2F40" posx="4" posy="3" />
	<element fileoffset="D2C80" posx="5" posy="3" />
	<element fileoffset="D2CA0" posx="6" posy="3" />
	<element fileoffset="D2D40" posx="7" posy="3" />
	<element fileoffset="D2D60" posx="8" posy="3" />
	<element fileoffset="D2D80" posx="9" posy="3" />
	<element fileoffset="D2E60" posx="0" posy="4" />
	<element fileoffset="D2E80" posx="1" posy="4" />
	<element fileoffset="D2EA0" posx="2" posy="4" />
	<element fileoffset="D2F60" posx="3" posy="4" />
	<element fileoffset="D2F80" posx="4" posy="4" />
	<element fileoffset="D2CC0" posx="5" posy="4" />
	<element fileoffset="D2CE0" posx="6" posy="4" />
	<element fileoffset="D2DA0" posx="7" posy="4" />
	<element fileoffset="D2DC0" posx="8" posy="4" />
	<element fileoffset="D2DE0" posx="9" posy="4" />
	<element fileoffset="D2EC0" posx="0" posy="5" />
	<element fileoffset="D2EE0" posx="1" posy="5" />
	<element fileoffset="D2F00" posx="2" posy="5" />
	<element fileoffset="D2FA0" posx="3" posy="5" />
	<element fileoffset="D2FC0" posx="4" posy="5" />
	<element fileoffset="D2D00" posx="5" posy="5" />
	<element fileoffset="D2D20" posx="6" posy="5" />
</arranger>