<?xml version="1.0" encoding="utf-16"?>
<arranger elementsx="10" elementsy="6" width="8" height="8" layout="tiled" color="indexed" defaultcodec="SNES 4bpp" defaultdatafile="/FF2" defaultpalette="/Character Battle Sprites/Palettes/CharBattlePal3">
	<element fileoffset="D1800" posx="0" posy="0" />
	<element fileoffset="D1820" posx="1" posy="0" />
	<element fileoffset="D18C0" posx="2" posy="0" />
	<element fileoffset="D18E0" posx="3" posy="0" />
	<element fileoffset="D18C0" posx="4" posy="0" />
	<element fileoffset="D18E0" posx="5" posy="0" />
	<element fileoffset="D19C0" posx="6" posy="0" />
	<element fileoffset="D19E0" posx="7" posy="0" />
	<element fileoffset="D1BC0" posx="8" posy="0" />
	<element fileoffset="D1BE0" posx="9" posy="0" />
	<element fileoffset="D1840" posx="0" posy="1" />
	<element fileoffset="D1860" posx="1" posy="1" />
	<element fileoffset="D1900" posx="2" posy="1" />
	<element fileoffset="D1920" posx="3" posy="1" />
	<element fileoffset="D1900" posx="4" posy="1" />
	<element fileoffset="D1920" posx="5" posy="1" />
	<element fileoffset="D1A00" posx="6" posy="1" />
	<element fileoffset="D1A20" posx="7" posy="1" />
	<element fileoffset="D1C00" posx="8" posy="1" />
	<element fileoffset="D1C20" posx="9" posy="1" />
	<element fileoffset="D1880" posx="0" posy="2" />
	<element fileoffset="D18A0" posx="1" posy="2" />
	<element fileoffset="D1940" posx="2" posy="2" />
	<element fileoffset="D1960" posx="3" posy="2" />
	<element fileoffset="D1980" posx="4" posy="2" />
	<element fileoffset="D19A0" posx="5" posy="2" />
	<element fileoffset="D1A40" posx="6" posy="2" />
	<element fileoffset="D1A60" posx="7" posy="2" />
	<element fileoffset="D1C40" posx="8" posy="2" />
	<element fileoffset="D1C60" posx="9" posy="2" />
	<element fileoffset="D1E00" posx="0" posy="3" />
	<element fileoffset="D1E20" posx="1" posy="3" />
	<element fileoffset="D1E40" posx="2" posy="3" />
	<element fileoffset="D1C80" posx="3" posy="3" />
	<element fileoffset="D1CA0" posx="4" posy="3" />
	<element fileoffset="D1F20" posx="5" posy="3" />
	<element fileoffset="D1F40" posx="6" posy="3" />
	<element fileoffset="D1D40" posx="7" posy="3" />
	<element fileoffset="D1D60" posx="8" posy="3" />
	<element fileoffset="D1D80" posx="9" posy="3" />
	<element fileoffset="D1E60" posx="0" posy="4" />
	<element fileoffset="D1E80" posx="1" posy="4" />
	<element fileoffset="D1EA0" posx="2" posy="4" />
	<element fileoffset="D1CC0" posx="3" posy="4" />
	<element fileoffset="D1CE0" posx="4" posy="4" />
	<element fileoffset="D1F60" posx="5" posy="4" />
	<element fileoffset="D1F80" posx="6" posy="4" />
	<element fileoffset="D1DA0" posx="7" posy="4" />
	<element fileoffset="D1DC0" posx="8" posy="4" />
	<element fileoffset="D1DE0" posx="9" posy="4" />
	<element fileoffset="D1EC0" posx="0" posy="5" />
	<element fileoffset="D1EE0" posx="1" posy="5" />
	<element fileoffset="D1F00" posx="2" posy="5" />
	<element fileoffset="D1D00" posx="3" posy="5" />
	<element fileoffset="D1D20" posx="4" posy="5" />
	<element fileoffset="D1FA0" posx="5" posy="5" />
	<element fileoffset="D1FC0" posx="6" posy="5" />
</arranger>