<?xml version="1.0" encoding="utf-16"?>
<arranger elementsx="10" elementsy="6" width="8" height="8" layout="tiled" color="indexed" defaultcodec="SNES 4bpp" defaultdatafile="/FF2" defaultpalette="/Character Battle Sprites/Palettes/CharBattlePal2">
	<element fileoffset="D1000" posx="0" posy="0" />
	<element fileoffset="D1020" posx="1" posy="0" />
	<element fileoffset="D10C0" posx="2" posy="0" />
	<element fileoffset="D10E0" posx="3" posy="0" />
	<element fileoffset="D10C0" posx="4" posy="0" />
	<element fileoffset="D10E0" posx="5" posy="0" />
	<element fileoffset="D11C0" posx="6" posy="0" />
	<element fileoffset="D11E0" posx="7" posy="0" />
	<element fileoffset="D13C0" posx="8" posy="0" />
	<element fileoffset="D13E0" posx="9" posy="0" />
	<element fileoffset="D1040" posx="0" posy="1" />
	<element fileoffset="D1060" posx="1" posy="1" />
	<element fileoffset="D1100" posx="2" posy="1" />
	<element fileoffset="D1120" posx="3" posy="1" />
	<element fileoffset="D1100" posx="4" posy="1" />
	<element fileoffset="D1120" posx="5" posy="1" />
	<element fileoffset="D1200" posx="6" posy="1" />
	<element fileoffset="D1220" posx="7" posy="1" />
	<element fileoffset="D1400" posx="8" posy="1" />
	<element fileoffset="D1420" posx="9" posy="1" />
	<element fileoffset="D1080" posx="0" posy="2" />
	<element fileoffset="D10A0" posx="1" posy="2" />
	<element fileoffset="D1140" posx="2" posy="2" />
	<element fileoffset="D1160" posx="3" posy="2" />
	<element fileoffset="D1180" posx="4" posy="2" />
	<element fileoffset="D11A0" posx="5" posy="2" />
	<element fileoffset="D1240" posx="6" posy="2" />
	<element fileoffset="D1260" posx="7" posy="2" />
	<element fileoffset="D1440" posx="8" posy="2" />
	<element fileoffset="D1460" posx="9" posy="2" />
	<element fileoffset="D1600" posx="0" posy="3" />
	<element fileoffset="D1620" posx="1" posy="3" />
	<element fileoffset="D1640" posx="2" posy="3" />
	<element fileoffset="D1720" posx="3" posy="3" />
	<element fileoffset="D1740" posx="4" posy="3" />
	<element fileoffset="D1480" posx="5" posy="3" />
	<element fileoffset="D14A0" posx="6" posy="3" />
	<element fileoffset="D1540" posx="7" posy="3" />
	<element fileoffset="D1560" posx="8" posy="3" />
	<element fileoffset="D1580" posx="9" posy="3" />
	<element fileoffset="D1660" posx="0" posy="4" />
	<element fileoffset="D1680" posx="1" posy="4" />
	<element fileoffset="D16A0" posx="2" posy="4" />
	<element fileoffset="D1760" posx="3" posy="4" />
	<element fileoffset="D1780" posx="4" posy="4" />
	<element fileoffset="D14C0" posx="5" posy="4" />
	<element fileoffset="D14E0" posx="6" posy="4" />
	<element fileoffset="D15A0" posx="7" posy="4" />
	<element fileoffset="D15C0" posx="8" posy="4" />
	<element fileoffset="D15E0" posx="9" posy="4" />
	<element fileoffset="D16C0" posx="0" posy="5" />
	<element fileoffset="D16E0" posx="1" posy="5" />
	<element fileoffset="D1700" posx="2" posy="5" />
	<element fileoffset="D17A0" posx="3" posy="5" />
	<element fileoffset="D17C0" posx="4" posy="5" />
	<element fileoffset="D1500" posx="5" posy="5" />
	<element fileoffset="D1520" posx="6" posy="5" />
</arranger>