<?xml version="1.0" encoding="utf-16"?>
<arranger elementsx="28" elementsy="32" width="8" height="8" layout="tiled" color="indexed" defaultcodec="SNES 3bpp" defaultdatafile="/FF2" defaultpalette="/NPC Sprites/Palettes/NpcMapPal1">
	<element fileoffset="DAA00" posx="0" posy="0" />
	<element fileoffset="DAA18" posx="1" posy="0" />
	<element fileoffset="DB000" posx="2" posy="0" />
	<element fileoffset="DB018" posx="3" posy="0" />
	<element fileoffset="DB600" posx="4" posy="0" />
	<element fileoffset="DB618" posx="5" posy="0" />
	<element fileoffset="DBC00" posx="6" posy="0" />
	<element fileoffset="DBC18" posx="7" posy="0" />
	<element fileoffset="DC200" posx="8" posy="0" palette="/NPC Sprites/Palettes/NpcMapPal2" />
	<element fileoffset="DC218" posx="9" posy="0" palette="/NPC Sprites/Palettes/NpcMapPal2" />
	<element fileoffset="DC800" posx="10" posy="0" palette="/NPC Sprites/Palettes/NpcMapPal2" />
	<element fileoffset="DC818" posx="11" posy="0" palette="/NPC Sprites/Palettes/NpcMapPal2" />
	<element fileoffset="DCE00" posx="12" posy="0" palette="/NPC Sprites/Palettes/NpcMapPal2" />
	<element fileoffset="DCE18" posx="13" posy="0" palette="/NPC Sprites/Palettes/NpcMapPal2" />
	<element fileoffset="DD400" posx="14" posy="0" palette="/NPC Sprites/Palettes/NpcMapPal3" />
	<element fileoffset="DD418" posx="15" posy="0" palette="/NPC Sprites/Palettes/NpcMapPal3" />
	<element fileoffset="DDA00" posx="16" posy="0" palette="/NPC Sprites/Palettes/NpcMapPal8" />
	<element fileoffset="DDA18" posx="17" posy="0" palette="/NPC Sprites/Palettes/NpcMapPal8" />
	<element fileoffset="DE000" posx="18" posy="0" />
	<element fileoffset="DE018" posx="19" posy="0" />
	<element fileoffset="DE600" posx="20" posy="0" />
	<element fileoffset="DE618" posx="21" posy="0" />
	<element fileoffset="DEC00" posx="22" posy="0" palette="/NPC Sprites/Palettes/NpcMapPal2" />
	<element fileoffset="DEC18" posx="23" posy="0" palette="/NPC Sprites/Palettes/NpcMapPal2" />
	<element fileoffset="DF200" posx="24" posy="0" palette="/NPC Sprites/Palettes/NpcMapPal5" />
	<element fileoffset="DF218" posx="25" posy="0" palette="/NPC Sprites/Palettes/NpcMapPal5" />
	<element fileoffset="DF260" posx="26" posy="0" palette="/NPC Sprites/Palettes/NpcMapPal5" />
	<element fileoffset="DF278" posx="27" posy="0" palette="/NPC Sprites/Palettes/NpcMapPal5" />
	<element fileoffset="DAA30" posx="0" posy="1" />
	<element fileoffset="DAA48" posx="1" posy="1" />
	<element fileoffset="DB030" posx="2" posy="1" />
	<element fileoffset="DB048" posx="3" posy="1" />
	<element fileoffset="DB630" posx="4" posy="1" />
	<element fileoffset="DB648" posx="5" posy="1" />
	<element fileoffset="DBC30" posx="6" posy="1" />
	<element fileoffset="DBC48" posx="7" posy="1" />
	<element fileoffset="DC230" posx="8" posy="1" palette="/NPC Sprites/Palettes/NpcMapPal2" />
	<element fileoffset="DC248" posx="9" posy="1" palette="/NPC Sprites/Palettes/NpcMapPal2" />
	<element fileoffset="DC830" posx="10" posy="1" palette="/NPC Sprites/Palettes/NpcMapPal2" />
	<element fileoffset="DC848" posx="11" posy="1" palette="/NPC Sprites/Palettes/NpcMapPal2" />
	<element fileoffset="DCE30" posx="12" posy="1" palette="/NPC Sprites/Palettes/NpcMapPal2" />
	<element fileoffset="DCE48" posx="13" posy="1" palette="/NPC Sprites/Palettes/NpcMapPal2" />
	<element fileoffset="DD430" posx="14" posy="1" palette="/NPC Sprites/Palettes/NpcMapPal3" />
	<element fileoffset="DD448" posx="15" posy="1" palette="/NPC Sprites/Palettes/NpcMapPal3" />
	<element fileoffset="DDA30" posx="16" posy="1" palette="/NPC Sprites/Palettes/NpcMapPal8" />
	<element fileoffset="DDA48" posx="17" posy="1" palette="/NPC Sprites/Palettes/NpcMapPal8" />
	<element fileoffset="DE030" posx="18" posy="1" />
	<element fileoffset="DE048" posx="19" posy="1" />
	<element fileoffset="DE630" posx="20" posy="1" />
	<element fileoffset="DE648" posx="21" posy="1" />
	<element fileoffset="DEC30" posx="22" posy="1" palette="/NPC Sprites/Palettes/NpcMapPal2" />
	<element fileoffset="DEC48" posx="23" posy="1" palette="/NPC Sprites/Palettes/NpcMapPal2" />
	<element fileoffset="DF230" posx="24" posy="1" palette="/NPC Sprites/Palettes/NpcMapPal5" />
	<element fileoffset="DF248" posx="25" posy="1" palette="/NPC Sprites/Palettes/NpcMapPal5" />
	<element fileoffset="DF290" posx="26" posy="1" palette="/NPC Sprites/Palettes/NpcMapPal5" />
	<element fileoffset="DF2A8" posx="27" posy="1" palette="/NPC Sprites/Palettes/NpcMapPal5" />
	<element fileoffset="DAA60" posx="0" posy="2" />
	<element fileoffset="DAA78" posx="1" posy="2" />
	<element fileoffset="DB060" posx="2" posy="2" />
	<element fileoffset="DB078" posx="3" posy="2" />
	<element fileoffset="DB660" posx="4" posy="2" />
	<element fileoffset="DB678" posx="5" posy="2" />
	<element fileoffset="DBC60" posx="6" posy="2" />
	<element fileoffset="DBC78" posx="7" posy="2" />
	<element fileoffset="DC260" posx="8" posy="2" palette="/NPC Sprites/Palettes/NpcMapPal2" />
	<element fileoffset="DC278" posx="9" posy="2" palette="/NPC Sprites/Palettes/NpcMapPal2" />
	<element fileoffset="DC860" posx="10" posy="2" palette="/NPC Sprites/Palettes/NpcMapPal2" />
	<element fileoffset="DC878" posx="11" posy="2" palette="/NPC Sprites/Palettes/NpcMapPal2" />
	<element fileoffset="DCE60" posx="12" posy="2" palette="/NPC Sprites/Palettes/NpcMapPal2" />
	<element fileoffset="DCE78" posx="13" posy="2" palette="/NPC Sprites/Palettes/NpcMapPal2" />
	<element fileoffset="DD460" posx="14" posy="2" palette="/NPC Sprites/Palettes/NpcMapPal3" />
	<element fileoffset="DD478" posx="15" posy="2" palette="/NPC Sprites/Palettes/NpcMapPal3" />
	<element fileoffset="DDA60" posx="16" posy="2" palette="/NPC Sprites/Palettes/NpcMapPal8" />
	<element fileoffset="DDA78" posx="17" posy="2" palette="/NPC Sprites/Palettes/NpcMapPal8" />
	<element fileoffset="DE060" posx="18" posy="2" />
	<element fileoffset="DE078" posx="19" posy="2" />
	<element fileoffset="DE660" posx="20" posy="2" />
	<element fileoffset="DE678" posx="21" posy="2" />
	<element fileoffset="DEC60" posx="22" posy="2" palette="/NPC Sprites/Palettes/NpcMapPal2" />
	<element fileoffset="DEC78" posx="23" posy="2" palette="/NPC Sprites/Palettes/NpcMapPal2" />
	<element fileoffset="DF2C0" posx="24" posy="2" palette="/NPC Sprites/Palettes/NpcMapPal5" />
	<element fileoffset="DF2D8" posx="25" posy="2" palette="/NPC Sprites/Palettes/NpcMapPal5" />
	<element fileoffset="DF320" posx="26" posy="2" palette="/NPC Sprites/Palettes/NpcMapPal5" />
	<element fileoffset="DF338" posx="27" posy="2" palette="/NPC Sprites/Palettes/NpcMapPal5" />
	<element fileoffset="DAA90" posx="0" posy="3" />
	<element fileoffset="DAAA8" posx="1" posy="3" />
	<element fileoffset="DB090" posx="2" posy="3" />
	<element fileoffset="DB0A8" posx="3" posy="3" />
	<element fileoffset="DB690" posx="4" posy="3" />
	<element fileoffset="DB6A8" posx="5" posy="3" />
	<element fileoffset="DBC90" posx="6" posy="3" />
	<element fileoffset="DBCA8" posx="7" posy="3" />
	<element fileoffset="DC290" posx="8" posy="3" palette="/NPC Sprites/Palettes/NpcMapPal2" />
	<element fileoffset="DC2A8" posx="9" posy="3" palette="/NPC Sprites/Palettes/NpcMapPal2" />
	<element fileoffset="DC890" posx="10" posy="3" palette="/NPC Sprites/Palettes/NpcMapPal2" />
	<element fileoffset="DC8A8" posx="11" posy="3" palette="/NPC Sprites/Palettes/NpcMapPal2" />
	<element fileoffset="DCE90" posx="12" posy="3" palette="/NPC Sprites/Palettes/NpcMapPal2" />
	<element fileoffset="DCEA8" posx="13" posy="3" palette="/NPC Sprites/Palettes/NpcMapPal2" />
	<element fileoffset="DD490" posx="14" posy="3" palette="/NPC Sprites/Palettes/NpcMapPal3" />
	<element fileoffset="DD4A8" posx="15" posy="3" palette="/NPC Sprites/Palettes/NpcMapPal3" />
	<element fileoffset="DDA90" posx="16" posy="3" palette="/NPC Sprites/Palettes/NpcMapPal8" />
	<element fileoffset="DDAA8" posx="17" posy="3" palette="/NPC Sprites/Palettes/NpcMapPal8" />
	<element fileoffset="DE090" posx="18" posy="3" />
	<element fileoffset="DE0A8" posx="19" posy="3" />
	<element fileoffset="DE690" posx="20" posy="3" />
	<element fileoffset="DE6A8" posx="21" posy="3" />
	<element fileoffset="DEC90" posx="22" posy="3" palette="/NPC Sprites/Palettes/NpcMapPal2" />
	<element fileoffset="DECA8" posx="23" posy="3" palette="/NPC Sprites/Palettes/NpcMapPal2" />
	<element fileoffset="DF2F0" posx="24" posy="3" palette="/NPC Sprites/Palettes/NpcMapPal5" />
	<element fileoffset="DF308" posx="25" posy="3" palette="/NPC Sprites/Palettes/NpcMapPal5" />
	<element fileoffset="DF350" posx="26" posy="3" palette="/NPC Sprites/Palettes/NpcMapPal5" />
	<element fileoffset="DF368" posx="27" posy="3" palette="/NPC Sprites/Palettes/NpcMapPal5" />
	<element fileoffset="DAAC0" posx="0" posy="4" />
	<element fileoffset="DAAD8" posx="1" posy="4" />
	<element fileoffset="DB0C0" posx="2" posy="4" />
	<element fileoffset="DB0D8" posx="3" posy="4" />
	<element fileoffset="DB6C0" posx="4" posy="4" />
	<element fileoffset="DB6D8" posx="5" posy="4" />
	<element fileoffset="DBCC0" posx="6" posy="4" />
	<element fileoffset="DBCD8" posx="7" posy="4" />
	<element fileoffset="DC2C0" posx="8" posy="4" palette="/NPC Sprites/Palettes/NpcMapPal2" />
	<element fileoffset="DC2D8" posx="9" posy="4" palette="/NPC Sprites/Palettes/NpcMapPal2" />
	<element fileoffset="DC8C0" posx="10" posy="4" palette="/NPC Sprites/Palettes/NpcMapPal2" />
	<element fileoffset="DC8D8" posx="11" posy="4" palette="/NPC Sprites/Palettes/NpcMapPal2" />
	<element fileoffset="DCEC0" posx="12" posy="4" palette="/NPC Sprites/Palettes/NpcMapPal2" />
	<element fileoffset="DCED8" posx="13" posy="4" palette="/NPC Sprites/Palettes/NpcMapPal2" />
	<element fileoffset="DD4C0" posx="14" posy="4" palette="/NPC Sprites/Palettes/NpcMapPal3" />
	<element fileoffset="DD4D8" posx="15" posy="4" palette="/NPC Sprites/Palettes/NpcMapPal3" />
	<element fileoffset="DDAC0" posx="16" posy="4" palette="/NPC Sprites/Palettes/NpcMapPal8" />
	<element fileoffset="DDAD8" posx="17" posy="4" palette="/NPC Sprites/Palettes/NpcMapPal8" />
	<element fileoffset="DE0C0" posx="18" posy="4" />
	<element fileoffset="DE0D8" posx="19" posy="4" />
	<element fileoffset="DE6C0" posx="20" posy="4" />
	<element fileoffset="DE6D8" posx="21" posy="4" />
	<element fileoffset="DECC0" posx="22" posy="4" palette="/NPC Sprites/Palettes/NpcMapPal2" />
	<element fileoffset="DECD8" posx="23" posy="4" palette="/NPC Sprites/Palettes/NpcMapPal2" />
	<element fileoffset="DF380" posx="24" posy="4" palette="/NPC Sprites/Palettes/NpcMapPal5" />
	<element fileoffset="DF398" posx="25" posy="4" palette="/NPC Sprites/Palettes/NpcMapPal5" />
	<element fileoffset="DF3E0" posx="26" posy="4" palette="/NPC Sprites/Palettes/NpcMapPal5" />
	<element fileoffset="DF3F8" posx="27" posy="4" palette="/NPC Sprites/Palettes/NpcMapPal5" />
	<element fileoffset="DAAF0" posx="0" posy="5" />
	<element fileoffset="DAB08" posx="1" posy="5" />
	<element fileoffset="DB0F0" posx="2" posy="5" />
	<element fileoffset="DB108" posx="3" posy="5" />
	<element fileoffset="DB6F0" posx="4" posy="5" />
	<element fileoffset="DB708" posx="5" posy="5" />
	<element fileoffset="DBCF0" posx="6" posy="5" />
	<element fileoffset="DBD08" posx="7" posy="5" />
	<element fileoffset="DC2F0" posx="8" posy="5" palette="/NPC Sprites/Palettes/NpcMapPal2" />
	<element fileoffset="DC308" posx="9" posy="5" palette="/NPC Sprites/Palettes/NpcMapPal2" />
	<element fileoffset="DC8F0" posx="10" posy="5" palette="/NPC Sprites/Palettes/NpcMapPal2" />
	<element fileoffset="DC908" posx="11" posy="5" palette="/NPC Sprites/Palettes/NpcMapPal2" />
	<element fileoffset="DCEF0" posx="12" posy="5" palette="/NPC Sprites/Palettes/NpcMapPal2" />
	<element fileoffset="DCF08" posx="13" posy="5" palette="/NPC Sprites/Palettes/NpcMapPal2" />
	<element fileoffset="DD4F0" posx="14" posy="5" palette="/NPC Sprites/Palettes/NpcMapPal3" />
	<element fileoffset="DD508" posx="15" posy="5" palette="/NPC Sprites/Palettes/NpcMapPal3" />
	<element fileoffset="DDAF0" posx="16" posy="5" palette="/NPC Sprites/Palettes/NpcMapPal8" />
	<element fileoffset="DDB08" posx="17" posy="5" palette="/NPC Sprites/Palettes/NpcMapPal8" />
	<element fileoffset="DE0F0" posx="18" posy="5" />
	<element fileoffset="DE108" posx="19" posy="5" />
	<element fileoffset="DE6F0" posx="20" posy="5" />
	<element fileoffset="DE708" posx="21" posy="5" />
	<element fileoffset="DECF0" posx="22" posy="5" palette="/NPC Sprites/Palettes/NpcMapPal2" />
	<element fileoffset="DED08" posx="23" posy="5" palette="/NPC Sprites/Palettes/NpcMapPal2" />
	<element fileoffset="DF3B0" posx="24" posy="5" palette="/NPC Sprites/Palettes/NpcMapPal5" />
	<element fileoffset="DF3C8" posx="25" posy="5" palette="/NPC Sprites/Palettes/NpcMapPal5" />
	<element fileoffset="DF410" posx="26" posy="5" palette="/NPC Sprites/Palettes/NpcMapPal5" />
	<element fileoffset="DF428" posx="27" posy="5" palette="/NPC Sprites/Palettes/NpcMapPal5" />
	<element fileoffset="DAB20" posx="0" posy="6" />
	<element fileoffset="DAB38" posx="1" posy="6" />
	<element fileoffset="DB120" posx="2" posy="6" />
	<element fileoffset="DB138" posx="3" posy="6" />
	<element fileoffset="DB720" posx="4" posy="6" />
	<element fileoffset="DB738" posx="5" posy="6" />
	<element fileoffset="DBD20" posx="6" posy="6" />
	<element fileoffset="DBD38" posx="7" posy="6" />
	<element fileoffset="DC320" posx="8" posy="6" palette="/NPC Sprites/Palettes/NpcMapPal2" />
	<element fileoffset="DC338" posx="9" posy="6" palette="/NPC Sprites/Palettes/NpcMapPal2" />
	<element fileoffset="DC920" posx="10" posy="6" palette="/NPC Sprites/Palettes/NpcMapPal2" />
	<element fileoffset="DC938" posx="11" posy="6" palette="/NPC Sprites/Palettes/NpcMapPal2" />
	<element fileoffset="DCF20" posx="12" posy="6" palette="/NPC Sprites/Palettes/NpcMapPal2" />
	<element fileoffset="DCF38" posx="13" posy="6" palette="/NPC Sprites/Palettes/NpcMapPal2" />
	<element fileoffset="DD520" posx="14" posy="6" palette="/NPC Sprites/Palettes/NpcMapPal3" />
	<element fileoffset="DD538" posx="15" posy="6" palette="/NPC Sprites/Palettes/NpcMapPal3" />
	<element fileoffset="DDB20" posx="16" posy="6" palette="/NPC Sprites/Palettes/NpcMapPal8" />
	<element fileoffset="DDB38" posx="17" posy="6" palette="/NPC Sprites/Palettes/NpcMapPal8" />
	<element fileoffset="DE120" posx="18" posy="6" />
	<element fileoffset="DE138" posx="19" posy="6" />
	<element fileoffset="DE720" posx="20" posy="6" />
	<element fileoffset="DE738" posx="21" posy="6" />
	<element fileoffset="DED20" posx="22" posy="6" palette="/NPC Sprites/Palettes/NpcMapPal2" />
	<element fileoffset="DED38" posx="23" posy="6" palette="/NPC Sprites/Palettes/NpcMapPal2" />
	<element fileoffset="DF440" posx="24" posy="6" palette="/NPC Sprites/Palettes/NpcMapPal5" />
	<element fileoffset="DF458" posx="25" posy="6" palette="/NPC Sprites/Palettes/NpcMapPal5" />
	<element fileoffset="DF4A0" posx="26" posy="6" palette="/NPC Sprites/Palettes/NpcMapPal5" />
	<element fileoffset="DF4B8" posx="27" posy="6" palette="/NPC Sprites/Palettes/NpcMapPal5" />
	<element fileoffset="DAB50" posx="0" posy="7" />
	<element fileoffset="DAB68" posx="1" posy="7" />
	<element fileoffset="DB150" posx="2" posy="7" />
	<element fileoffset="DB168" posx="3" posy="7" />
	<element fileoffset="DB750" posx="4" posy="7" />
	<element fileoffset="DB768" posx="5" posy="7" />
	<element fileoffset="DBD50" posx="6" posy="7" />
	<element fileoffset="DBD68" posx="7" posy="7" />
	<element fileoffset="DC350" posx="8" posy="7" palette="/NPC Sprites/Palettes/NpcMapPal2" />
	<element fileoffset="DC368" posx="9" posy="7" palette="/NPC Sprites/Palettes/NpcMapPal2" />
	<element fileoffset="DC950" posx="10" posy="7" palette="/NPC Sprites/Palettes/NpcMapPal2" />
	<element fileoffset="DC968" posx="11" posy="7" palette="/NPC Sprites/Palettes/NpcMapPal2" />
	<element fileoffset="DCF50" posx="12" posy="7" palette="/NPC Sprites/Palettes/NpcMapPal2" />
	<element fileoffset="DCF68" posx="13" posy="7" palette="/NPC Sprites/Palettes/NpcMapPal2" />
	<element fileoffset="DD550" posx="14" posy="7" palette="/NPC Sprites/Palettes/NpcMapPal3" />
	<element fileoffset="DD568" posx="15" posy="7" palette="/NPC Sprites/Palettes/NpcMapPal3" />
	<element fileoffset="DDB50" posx="16" posy="7" palette="/NPC Sprites/Palettes/NpcMapPal8" />
	<element fileoffset="DDB68" posx="17" posy="7" palette="/NPC Sprites/Palettes/NpcMapPal8" />
	<element fileoffset="DE150" posx="18" posy="7" />
	<element fileoffset="DE168" posx="19" posy="7" />
	<element fileoffset="DE750" posx="20" posy="7" />
	<element fileoffset="DE768" posx="21" posy="7" />
	<element fileoffset="DED50" posx="22" posy="7" palette="/NPC Sprites/Palettes/NpcMapPal2" />
	<element fileoffset="DED68" posx="23" posy="7" palette="/NPC Sprites/Palettes/NpcMapPal2" />
	<element fileoffset="DF470" posx="24" posy="7" palette="/NPC Sprites/Palettes/NpcMapPal5" />
	<element fileoffset="DF488" posx="25" posy="7" palette="/NPC Sprites/Palettes/NpcMapPal5" />
	<element fileoffset="DF4D0" posx="26" posy="7" palette="/NPC Sprites/Palettes/NpcMapPal5" />
	<element fileoffset="DF4E8" posx="27" posy="7" palette="/NPC Sprites/Palettes/NpcMapPal5" />
	<element fileoffset="DAB80" posx="0" posy="8" />
	<element fileoffset="DAB98" posx="1" posy="8" />
	<element fileoffset="DB180" posx="2" posy="8" />
	<element fileoffset="DB198" posx="3" posy="8" />
	<element fileoffset="DB780" posx="4" posy="8" />
	<element fileoffset="DB798" posx="5" posy="8" />
	<element fileoffset="DBD80" posx="6" posy="8" />
	<element fileoffset="DBD98" posx="7" posy="8" />
	<element fileoffset="DC380" posx="8" posy="8" />
	<element fileoffset="DC398" posx="9" posy="8" />
	<element fileoffset="DC980" posx="10" posy="8" />
	<element fileoffset="DC998" posx="11" posy="8" />
	<element fileoffset="DCF80" posx="12" posy="8" palette="/NPC Sprites/Palettes/NpcMapPal2" />
	<element fileoffset="DCF98" posx="13" posy="8" palette="/NPC Sprites/Palettes/NpcMapPal2" />
	<element fileoffset="DD580" posx="14" posy="8" palette="/NPC Sprites/Palettes/NpcMapPal3" />
	<element fileoffset="DD598" posx="15" posy="8" palette="/NPC Sprites/Palettes/NpcMapPal3" />
	<element fileoffset="DDB80" posx="16" posy="8" />
	<element fileoffset="DDB98" posx="17" posy="8" />
	<element fileoffset="DE180" posx="18" posy="8" />
	<element fileoffset="DE198" posx="19" posy="8" />
	<element fileoffset="DE780" posx="20" posy="8" />
	<element fileoffset="DE798" posx="21" posy="8" />
	<element fileoffset="DED80" posx="22" posy="8" />
	<element fileoffset="DED98" posx="23" posy="8" />
	<element fileoffset="DF800" posx="24" posy="8" palette="/NPC Sprites/Palettes/NpcMapPal2" />
	<element fileoffset="DF818" posx="25" posy="8" palette="/NPC Sprites/Palettes/NpcMapPal2" />
	<element fileoffset="DF980" posx="26" posy="8" />
	<element fileoffset="DF998" posx="27" posy="8" />
	<element fileoffset="DABB0" posx="0" posy="9" />
	<element fileoffset="DABC8" posx="1" posy="9" />
	<element fileoffset="DB1B0" posx="2" posy="9" />
	<element fileoffset="DB1C8" posx="3" posy="9" />
	<element fileoffset="DB7B0" posx="4" posy="9" />
	<element fileoffset="DB7C8" posx="5" posy="9" />
	<element fileoffset="DBDB0" posx="6" posy="9" />
	<element fileoffset="DBDC8" posx="7" posy="9" />
	<element fileoffset="DC3B0" posx="8" posy="9" />
	<element fileoffset="DC3C8" posx="9" posy="9" />
	<element fileoffset="DC9B0" posx="10" posy="9" />
	<element fileoffset="DC9C8" posx="11" posy="9" />
	<element fileoffset="DCFB0" posx="12" posy="9" palette="/NPC Sprites/Palettes/NpcMapPal2" />
	<element fileoffset="DCFC8" posx="13" posy="9" palette="/NPC Sprites/Palettes/NpcMapPal2" />
	<element fileoffset="DD5B0" posx="14" posy="9" palette="/NPC Sprites/Palettes/NpcMapPal3" />
	<element fileoffset="DD5C8" posx="15" posy="9" palette="/NPC Sprites/Palettes/NpcMapPal3" />
	<element fileoffset="DDBB0" posx="16" posy="9" />
	<element fileoffset="DDBC8" posx="17" posy="9" />
	<element fileoffset="DE1B0" posx="18" posy="9" />
	<element fileoffset="DE1C8" posx="19" posy="9" />
	<element fileoffset="DE7B0" posx="20" posy="9" />
	<element fileoffset="DE7C8" posx="21" posy="9" />
	<element fileoffset="DEDB0" posx="22" posy="9" />
	<element fileoffset="DEDC8" posx="23" posy="9" />
	<element fileoffset="DF830" posx="24" posy="9" palette="/NPC Sprites/Palettes/NpcMapPal2" />
	<element fileoffset="DF848" posx="25" posy="9" palette="/NPC Sprites/Palettes/NpcMapPal2" />
	<element fileoffset="DF9B0" posx="26" posy="9" />
	<element fileoffset="DF9C8" posx="27" posy="9" />
	<element fileoffset="DABE0" posx="0" posy="10" />
	<element fileoffset="DABF8" posx="1" posy="10" />
	<element fileoffset="DB1E0" posx="2" posy="10" />
	<element fileoffset="DB1F8" posx="3" posy="10" />
	<element fileoffset="DB7E0" posx="4" posy="10" />
	<element fileoffset="DB7F8" posx="5" posy="10" />
	<element fileoffset="DBDE0" posx="6" posy="10" />
	<element fileoffset="DBDF8" posx="7" posy="10" />
	<element fileoffset="DC3E0" posx="8" posy="10" />
	<element fileoffset="DC3F8" posx="9" posy="10" />
	<element fileoffset="DC9E0" posx="10" posy="10" />
	<element fileoffset="DC9F8" posx="11" posy="10" />
	<element fileoffset="DCFE0" posx="12" posy="10" palette="/NPC Sprites/Palettes/NpcMapPal2" />
	<element fileoffset="DCFF8" posx="13" posy="10" palette="/NPC Sprites/Palettes/NpcMapPal2" />
	<element fileoffset="DD5E0" posx="14" posy="10" palette="/NPC Sprites/Palettes/NpcMapPal3" />
	<element fileoffset="DD5F8" posx="15" posy="10" palette="/NPC Sprites/Palettes/NpcMapPal3" />
	<element fileoffset="DDBE0" posx="16" posy="10" />
	<element fileoffset="DDBF8" posx="17" posy="10" />
	<element fileoffset="DE1E0" posx="18" posy="10" />
	<element fileoffset="DE1F8" posx="19" posy="10" />
	<element fileoffset="DE7E0" posx="20" posy="10" />
	<element fileoffset="DE7F8" posx="21" posy="10" />
	<element fileoffset="DEDE0" posx="22" posy="10" />
	<element fileoffset="DEDF8" posx="23" posy="10" />
	<element fileoffset="DF860" posx="24" posy="10" />
	<element fileoffset="DF878" posx="25" posy="10" />
	<element fileoffset="DF9E0" posx="26" posy="10" />
	<element fileoffset="DF9F8" posx="27" posy="10" />
	<element fileoffset="DAC10" posx="0" posy="11" />
	<element fileoffset="DAC28" posx="1" posy="11" />
	<element fileoffset="DB210" posx="2" posy="11" />
	<element fileoffset="DB228" posx="3" posy="11" />
	<element fileoffset="DB810" posx="4" posy="11" />
	<element fileoffset="DB828" posx="5" posy="11" />
	<element fileoffset="DBE10" posx="6" posy="11" />
	<element fileoffset="DBE28" posx="7" posy="11" />
	<element fileoffset="DC410" posx="8" posy="11" />
	<element fileoffset="DC428" posx="9" posy="11" />
	<element fileoffset="DCA10" posx="10" posy="11" />
	<element fileoffset="DCA28" posx="11" posy="11" />
	<element fileoffset="DD010" posx="12" posy="11" palette="/NPC Sprites/Palettes/NpcMapPal2" />
	<element fileoffset="DD028" posx="13" posy="11" palette="/NPC Sprites/Palettes/NpcMapPal2" />
	<element fileoffset="DD610" posx="14" posy="11" palette="/NPC Sprites/Palettes/NpcMapPal3" />
	<element fileoffset="DD628" posx="15" posy="11" palette="/NPC Sprites/Palettes/NpcMapPal3" />
	<element fileoffset="DDC10" posx="16" posy="11" />
	<element fileoffset="DDC28" posx="17" posy="11" />
	<element fileoffset="DE210" posx="18" posy="11" />
	<element fileoffset="DE228" posx="19" posy="11" />
	<element fileoffset="DE810" posx="20" posy="11" />
	<element fileoffset="DE828" posx="21" posy="11" />
	<element fileoffset="DEE10" posx="22" posy="11" />
	<element fileoffset="DEE28" posx="23" posy="11" />
	<element fileoffset="DF890" posx="24" posy="11" />
	<element fileoffset="DF8A8" posx="25" posy="11" />
	<element fileoffset="DFA10" posx="26" posy="11" />
	<element fileoffset="DFA28" posx="27" posy="11" />
	<element fileoffset="DAC40" posx="0" posy="12" />
	<element fileoffset="DAC58" posx="1" posy="12" />
	<element fileoffset="DB240" posx="2" posy="12" />
	<element fileoffset="DB258" posx="3" posy="12" />
	<element fileoffset="DB840" posx="4" posy="12" />
	<element fileoffset="DB858" posx="5" posy="12" />
	<element fileoffset="DBE40" posx="6" posy="12" />
	<element fileoffset="DBE58" posx="7" posy="12" />
	<element fileoffset="DC440" posx="8" posy="12" />
	<element fileoffset="DC458" posx="9" posy="12" />
	<element fileoffset="DCA40" posx="10" posy="12" />
	<element fileoffset="DCA58" posx="11" posy="12" />
	<element fileoffset="DD040" posx="12" posy="12" palette="/NPC Sprites/Palettes/NpcMapPal2" />
	<element fileoffset="DD058" posx="13" posy="12" palette="/NPC Sprites/Palettes/NpcMapPal2" />
	<element fileoffset="DD640" posx="14" posy="12" palette="/NPC Sprites/Palettes/NpcMapPal3" />
	<element fileoffset="DD658" posx="15" posy="12" palette="/NPC Sprites/Palettes/NpcMapPal3" />
	<element fileoffset="DDC40" posx="16" posy="12" />
	<element fileoffset="DDC58" posx="17" posy="12" />
	<element fileoffset="DE240" posx="18" posy="12" />
	<element fileoffset="DE258" posx="19" posy="12" />
	<element fileoffset="DE840" posx="20" posy="12" />
	<element fileoffset="DE858" posx="21" posy="12" />
	<element fileoffset="DEE40" posx="22" posy="12" />
	<element fileoffset="DEE58" posx="23" posy="12" />
	<element fileoffset="DF8C0" posx="24" posy="12" />
	<element fileoffset="DF8D8" posx="25" posy="12" />
	<element fileoffset="DFA40" posx="26" posy="12" />
	<element fileoffset="DFA58" posx="27" posy="12" />
	<element fileoffset="DAC70" posx="0" posy="13" />
	<element fileoffset="DAC88" posx="1" posy="13" />
	<element fileoffset="DB270" posx="2" posy="13" />
	<element fileoffset="DB288" posx="3" posy="13" />
	<element fileoffset="DB870" posx="4" posy="13" />
	<element fileoffset="DB888" posx="5" posy="13" />
	<element fileoffset="DBE70" posx="6" posy="13" />
	<element fileoffset="DBE88" posx="7" posy="13" />
	<element fileoffset="DC470" posx="8" posy="13" />
	<element fileoffset="DC488" posx="9" posy="13" />
	<element fileoffset="DCA70" posx="10" posy="13" />
	<element fileoffset="DCA88" posx="11" posy="13" />
	<element fileoffset="DD070" posx="12" posy="13" palette="/NPC Sprites/Palettes/NpcMapPal2" />
	<element fileoffset="DD088" posx="13" posy="13" palette="/NPC Sprites/Palettes/NpcMapPal2" />
	<element fileoffset="DD670" posx="14" posy="13" palette="/NPC Sprites/Palettes/NpcMapPal3" />
	<element fileoffset="DD688" posx="15" posy="13" palette="/NPC Sprites/Palettes/NpcMapPal3" />
	<element fileoffset="DDC70" posx="16" posy="13" />
	<element fileoffset="DDC88" posx="17" posy="13" />
	<element fileoffset="DE270" posx="18" posy="13" />
	<element fileoffset="DE288" posx="19" posy="13" />
	<element fileoffset="DE870" posx="20" posy="13" />
	<element fileoffset="DE888" posx="21" posy="13" />
	<element fileoffset="DEE70" posx="22" posy="13" />
	<element fileoffset="DEE88" posx="23" posy="13" />
	<element fileoffset="DF8F0" posx="24" posy="13" />
	<element fileoffset="DF908" posx="25" posy="13" />
	<element fileoffset="DFA70" posx="26" posy="13" />
	<element fileoffset="DFA88" posx="27" posy="13" />
	<element fileoffset="DACA0" posx="0" posy="14" />
	<element fileoffset="DACB8" posx="1" posy="14" />
	<element fileoffset="DB2A0" posx="2" posy="14" />
	<element fileoffset="DB2B8" posx="3" posy="14" />
	<element fileoffset="DB8A0" posx="4" posy="14" />
	<element fileoffset="DB8B8" posx="5" posy="14" />
	<element fileoffset="DBEA0" posx="6" posy="14" />
	<element fileoffset="DBEB8" posx="7" posy="14" />
	<element fileoffset="DC4A0" posx="8" posy="14" />
	<element fileoffset="DC4B8" posx="9" posy="14" />
	<element fileoffset="DCAA0" posx="10" posy="14" />
	<element fileoffset="DCAB8" posx="11" posy="14" />
	<element fileoffset="DD0A0" posx="12" posy="14" palette="/NPC Sprites/Palettes/NpcMapPal2" />
	<element fileoffset="DD0B8" posx="13" posy="14" palette="/NPC Sprites/Palettes/NpcMapPal2" />
	<element fileoffset="DD6A0" posx="14" posy="14" palette="/NPC Sprites/Palettes/NpcMapPal3" />
	<element fileoffset="DD6B8" posx="15" posy="14" palette="/NPC Sprites/Palettes/NpcMapPal3" />
	<element fileoffset="DDCA0" posx="16" posy="14" />
	<element fileoffset="DDCB8" posx="17" posy="14" />
	<element fileoffset="DE2A0" posx="18" posy="14" />
	<element fileoffset="DE2B8" posx="19" posy="14" />
	<element fileoffset="DE8A0" posx="20" posy="14" />
	<element fileoffset="DE8B8" posx="21" posy="14" />
	<element fileoffset="DEEA0" posx="22" posy="14" />
	<element fileoffset="DEEB8" posx="23" posy="14" />
	<element fileoffset="DF920" posx="24" posy="14" />
	<element fileoffset="DF938" posx="25" posy="14" />
	<element fileoffset="DFAA0" posx="26" posy="14" />
	<element fileoffset="DFAB8" posx="27" posy="14" />
	<element fileoffset="DACD0" posx="0" posy="15" />
	<element fileoffset="DACE8" posx="1" posy="15" />
	<element fileoffset="DB2D0" posx="2" posy="15" />
	<element fileoffset="DB2E8" posx="3" posy="15" />
	<element fileoffset="DB8D0" posx="4" posy="15" />
	<element fileoffset="DB8E8" posx="5" posy="15" />
	<element fileoffset="DBED0" posx="6" posy="15" />
	<element fileoffset="DBEE8" posx="7" posy="15" />
	<element fileoffset="DC4D0" posx="8" posy="15" />
	<element fileoffset="DC4E8" posx="9" posy="15" />
	<element fileoffset="DCAD0" posx="10" posy="15" />
	<element fileoffset="DCAE8" posx="11" posy="15" />
	<element fileoffset="DD0D0" posx="12" posy="15" palette="/NPC Sprites/Palettes/NpcMapPal2" />
	<element fileoffset="DD0E8" posx="13" posy="15" palette="/NPC Sprites/Palettes/NpcMapPal2" />
	<element fileoffset="DD6D0" posx="14" posy="15" palette="/NPC Sprites/Palettes/NpcMapPal3" />
	<element fileoffset="DD6E8" posx="15" posy="15" palette="/NPC Sprites/Palettes/NpcMapPal3" />
	<element fileoffset="DDCD0" posx="16" posy="15" />
	<element fileoffset="DDCE8" posx="17" posy="15" />
	<element fileoffset="DE2D0" posx="18" posy="15" />
	<element fileoffset="DE2E8" posx="19" posy="15" />
	<element fileoffset="DE8D0" posx="20" posy="15" />
	<element fileoffset="DE8E8" posx="21" posy="15" />
	<element fileoffset="DEED0" posx="22" posy="15" />
	<element fileoffset="DEEE8" posx="23" posy="15" />
	<element fileoffset="DF950" posx="24" posy="15" />
	<element fileoffset="DF968" posx="25" posy="15" />
	<element fileoffset="DFAD0" posx="26" posy="15" />
	<element fileoffset="DFAE8" posx="27" posy="15" />
	<element fileoffset="DAD00" posx="0" posy="16" palette="/NPC Sprites/Palettes/NpcMapPal4" />
	<element fileoffset="DAD18" posx="1" posy="16" palette="/NPC Sprites/Palettes/NpcMapPal4" />
	<element fileoffset="DB300" posx="2" posy="16" palette="/NPC Sprites/Palettes/NpcMapPal2" />
	<element fileoffset="DB318" posx="3" posy="16" palette="/NPC Sprites/Palettes/NpcMapPal2" />
	<element fileoffset="DB900" posx="4" posy="16" palette="/NPC Sprites/Palettes/NpcMapPal3" />
	<element fileoffset="DB918" posx="5" posy="16" palette="/NPC Sprites/Palettes/NpcMapPal3" />
	<element fileoffset="DBF00" posx="6" posy="16" />
	<element fileoffset="DBF18" posx="7" posy="16" />
	<element fileoffset="DC500" posx="8" posy="16" palette="/NPC Sprites/Palettes/NpcMapPal2" />
	<element fileoffset="DC518" posx="9" posy="16" palette="/NPC Sprites/Palettes/NpcMapPal2" />
	<element fileoffset="DCB00" posx="10" posy="16" />
	<element fileoffset="DCB18" posx="11" posy="16" />
	<element fileoffset="DD100" posx="12" posy="16" />
	<element fileoffset="DD118" posx="13" posy="16" />
	<element fileoffset="DD700" posx="14" posy="16" />
	<element fileoffset="DD718" posx="15" posy="16" />
	<element fileoffset="DDD00" posx="16" posy="16" palette="/NPC Sprites/Palettes/NpcMapPal2" />
	<element fileoffset="DDD18" posx="17" posy="16" palette="/NPC Sprites/Palettes/NpcMapPal2" />
	<element fileoffset="DE300" posx="18" posy="16" />
	<element fileoffset="DE318" posx="19" posy="16" />
	<element fileoffset="DE900" posx="20" posy="16" palette="/NPC Sprites/Palettes/NpcMapPal15" />
	<element fileoffset="DE918" posx="21" posy="16" palette="/NPC Sprites/Palettes/NpcMapPal15" />
	<element fileoffset="DEF00" posx="22" posy="16" palette="/NPC Sprites/Palettes/NpcMapPal2" />
	<element fileoffset="DEF18" posx="23" posy="16" palette="/NPC Sprites/Palettes/NpcMapPal2" />
	<element fileoffset="DF500" posx="24" posy="16" />
	<element fileoffset="DF518" posx="25" posy="16" />
	<element fileoffset="DFB00" posx="26" posy="16" />
	<element fileoffset="DFB18" posx="27" posy="16" />
	<element fileoffset="DAD30" posx="0" posy="17" palette="/NPC Sprites/Palettes/NpcMapPal4" />
	<element fileoffset="DAD48" posx="1" posy="17" palette="/NPC Sprites/Palettes/NpcMapPal4" />
	<element fileoffset="DB330" posx="2" posy="17" palette="/NPC Sprites/Palettes/NpcMapPal2" />
	<element fileoffset="DB348" posx="3" posy="17" palette="/NPC Sprites/Palettes/NpcMapPal2" />
	<element fileoffset="DB930" posx="4" posy="17" palette="/NPC Sprites/Palettes/NpcMapPal3" />
	<element fileoffset="DB948" posx="5" posy="17" palette="/NPC Sprites/Palettes/NpcMapPal3" />
	<element fileoffset="DBF30" posx="6" posy="17" />
	<element fileoffset="DBF48" posx="7" posy="17" />
	<element fileoffset="DC530" posx="8" posy="17" palette="/NPC Sprites/Palettes/NpcMapPal2" />
	<element fileoffset="DC548" posx="9" posy="17" palette="/NPC Sprites/Palettes/NpcMapPal2" />
	<element fileoffset="DCB30" posx="10" posy="17" />
	<element fileoffset="DCB48" posx="11" posy="17" />
	<element fileoffset="DD130" posx="12" posy="17" />
	<element fileoffset="DD148" posx="13" posy="17" />
	<element fileoffset="DD730" posx="14" posy="17" />
	<element fileoffset="DD748" posx="15" posy="17" />
	<element fileoffset="DDD30" posx="16" posy="17" palette="/NPC Sprites/Palettes/NpcMapPal2" />
	<element fileoffset="DDD48" posx="17" posy="17" palette="/NPC Sprites/Palettes/NpcMapPal2" />
	<element fileoffset="DE330" posx="18" posy="17" />
	<element fileoffset="DE348" posx="19" posy="17" />
	<element fileoffset="DE930" posx="20" posy="17" palette="/NPC Sprites/Palettes/NpcMapPal15" />
	<element fileoffset="DE948" posx="21" posy="17" palette="/NPC Sprites/Palettes/NpcMapPal15" />
	<element fileoffset="DEF30" posx="22" posy="17" palette="/NPC Sprites/Palettes/NpcMapPal2" />
	<element fileoffset="DEF48" posx="23" posy="17" palette="/NPC Sprites/Palettes/NpcMapPal2" />
	<element fileoffset="DF530" posx="24" posy="17" />
	<element fileoffset="DF548" posx="25" posy="17" />
	<element fileoffset="DFB30" posx="26" posy="17" />
	<element fileoffset="DFB48" posx="27" posy="17" />
	<element fileoffset="DAD60" posx="0" posy="18" palette="/NPC Sprites/Palettes/NpcMapPal4" />
	<element fileoffset="DAD78" posx="1" posy="18" palette="/NPC Sprites/Palettes/NpcMapPal4" />
	<element fileoffset="DB360" posx="2" posy="18" palette="/NPC Sprites/Palettes/NpcMapPal2" />
	<element fileoffset="DB378" posx="3" posy="18" palette="/NPC Sprites/Palettes/NpcMapPal2" />
	<element fileoffset="DB960" posx="4" posy="18" palette="/NPC Sprites/Palettes/NpcMapPal3" />
	<element fileoffset="DB978" posx="5" posy="18" palette="/NPC Sprites/Palettes/NpcMapPal3" />
	<element fileoffset="DBF60" posx="6" posy="18" />
	<element fileoffset="DBF78" posx="7" posy="18" />
	<element fileoffset="DC560" posx="8" posy="18" palette="/NPC Sprites/Palettes/NpcMapPal2" />
	<element fileoffset="DC578" posx="9" posy="18" palette="/NPC Sprites/Palettes/NpcMapPal2" />
	<element fileoffset="DCB60" posx="10" posy="18" />
	<element fileoffset="DCB78" posx="11" posy="18" />
	<element fileoffset="DD160" posx="12" posy="18" />
	<element fileoffset="DD178" posx="13" posy="18" />
	<element fileoffset="DD760" posx="14" posy="18" />
	<element fileoffset="DD778" posx="15" posy="18" />
	<element fileoffset="DDD60" posx="16" posy="18" palette="/NPC Sprites/Palettes/NpcMapPal2" />
	<element fileoffset="DDD78" posx="17" posy="18" palette="/NPC Sprites/Palettes/NpcMapPal2" />
	<element fileoffset="DE360" posx="18" posy="18" />
	<element fileoffset="DE378" posx="19" posy="18" />
	<element fileoffset="DE960" posx="20" posy="18" palette="/NPC Sprites/Palettes/NpcMapPal15" />
	<element fileoffset="DE978" posx="21" posy="18" palette="/NPC Sprites/Palettes/NpcMapPal15" />
	<element fileoffset="DEF60" posx="22" posy="18" palette="/NPC Sprites/Palettes/NpcMapPal2" />
	<element fileoffset="DEF78" posx="23" posy="18" palette="/NPC Sprites/Palettes/NpcMapPal2" />
	<element fileoffset="DF560" posx="24" posy="18" />
	<element fileoffset="DF578" posx="25" posy="18" />
	<element fileoffset="DFB60" posx="26" posy="18" />
	<element fileoffset="DFB78" posx="27" posy="18" />
	<element fileoffset="DAD90" posx="0" posy="19" palette="/NPC Sprites/Palettes/NpcMapPal4" />
	<element fileoffset="DADA8" posx="1" posy="19" palette="/NPC Sprites/Palettes/NpcMapPal4" />
	<element fileoffset="DB390" posx="2" posy="19" palette="/NPC Sprites/Palettes/NpcMapPal2" />
	<element fileoffset="DB3A8" posx="3" posy="19" palette="/NPC Sprites/Palettes/NpcMapPal2" />
	<element fileoffset="DB990" posx="4" posy="19" palette="/NPC Sprites/Palettes/NpcMapPal3" />
	<element fileoffset="DB9A8" posx="5" posy="19" palette="/NPC Sprites/Palettes/NpcMapPal3" />
	<element fileoffset="DBF90" posx="6" posy="19" />
	<element fileoffset="DBFA8" posx="7" posy="19" />
	<element fileoffset="DC590" posx="8" posy="19" palette="/NPC Sprites/Palettes/NpcMapPal2" />
	<element fileoffset="DC5A8" posx="9" posy="19" palette="/NPC Sprites/Palettes/NpcMapPal2" />
	<element fileoffset="DCB90" posx="10" posy="19" />
	<element fileoffset="DCBA8" posx="11" posy="19" />
	<element fileoffset="DD190" posx="12" posy="19" />
	<element fileoffset="DD1A8" posx="13" posy="19" />
	<element fileoffset="DD790" posx="14" posy="19" />
	<element fileoffset="DD7A8" posx="15" posy="19" />
	<element fileoffset="DDD90" posx="16" posy="19" palette="/NPC Sprites/Palettes/NpcMapPal2" />
	<element fileoffset="DDDA8" posx="17" posy="19" palette="/NPC Sprites/Palettes/NpcMapPal2" />
	<element fileoffset="DE390" posx="18" posy="19" />
	<element fileoffset="DE3A8" posx="19" posy="19" />
	<element fileoffset="DE990" posx="20" posy="19" palette="/NPC Sprites/Palettes/NpcMapPal15" />
	<element fileoffset="DE9A8" posx="21" posy="19" palette="/NPC Sprites/Palettes/NpcMapPal15" />
	<element fileoffset="DEF90" posx="22" posy="19" palette="/NPC Sprites/Palettes/NpcMapPal2" />
	<element fileoffset="DEFA8" posx="23" posy="19" palette="/NPC Sprites/Palettes/NpcMapPal2" />
	<element fileoffset="DF590" posx="24" posy="19" />
	<element fileoffset="DF5A8" posx="25" posy="19" />
	<element fileoffset="DFB90" posx="26" posy="19" />
	<element fileoffset="DFBA8" posx="27" posy="19" />
	<element fileoffset="DADC0" posx="0" posy="20" palette="/NPC Sprites/Palettes/NpcMapPal4" />
	<element fileoffset="DADD8" posx="1" posy="20" palette="/NPC Sprites/Palettes/NpcMapPal4" />
	<element fileoffset="DB3C0" posx="2" posy="20" palette="/NPC Sprites/Palettes/NpcMapPal2" />
	<element fileoffset="DB3D8" posx="3" posy="20" palette="/NPC Sprites/Palettes/NpcMapPal2" />
	<element fileoffset="DB9C0" posx="4" posy="20" palette="/NPC Sprites/Palettes/NpcMapPal3" />
	<element fileoffset="DB9D8" posx="5" posy="20" palette="/NPC Sprites/Palettes/NpcMapPal3" />
	<element fileoffset="DBFC0" posx="6" posy="20" />
	<element fileoffset="DBFD8" posx="7" posy="20" />
	<element fileoffset="DC5C0" posx="8" posy="20" palette="/NPC Sprites/Palettes/NpcMapPal2" />
	<element fileoffset="DC5D8" posx="9" posy="20" palette="/NPC Sprites/Palettes/NpcMapPal2" />
	<element fileoffset="DCBC0" posx="10" posy="20" />
	<element fileoffset="DCBD8" posx="11" posy="20" />
	<element fileoffset="DD1C0" posx="12" posy="20" />
	<element fileoffset="DD1D8" posx="13" posy="20" />
	<element fileoffset="DD7C0" posx="14" posy="20" />
	<element fileoffset="DD7D8" posx="15" posy="20" />
	<element fileoffset="DDDC0" posx="16" posy="20" palette="/NPC Sprites/Palettes/NpcMapPal2" />
	<element fileoffset="DDDD8" posx="17" posy="20" palette="/NPC Sprites/Palettes/NpcMapPal2" />
	<element fileoffset="DE3C0" posx="18" posy="20" palette="/NPC Sprites/Palettes/NpcMapPal2" />
	<element fileoffset="DE3D8" posx="19" posy="20" palette="/NPC Sprites/Palettes/NpcMapPal2" />
	<element fileoffset="DE9C0" posx="20" posy="20" />
	<element fileoffset="DE9D8" posx="21" posy="20" />
	<element fileoffset="DEFC0" posx="22" posy="20" palette="/NPC Sprites/Palettes/NpcMapPal17" />
	<element fileoffset="DEFD8" posx="23" posy="20" palette="/NPC Sprites/Palettes/NpcMapPal17" />
	<element fileoffset="DF5C0" posx="24" posy="20" />
	<element fileoffset="DF5D8" posx="25" posy="20" />
	<element fileoffset="DFBC0" posx="26" posy="20" />
	<element fileoffset="DFBD8" posx="27" posy="20" />
	<element fileoffset="DADF0" posx="0" posy="21" palette="/NPC Sprites/Palettes/NpcMapPal4" />
	<element fileoffset="DAE08" posx="1" posy="21" palette="/NPC Sprites/Palettes/NpcMapPal4" />
	<element fileoffset="DB3F0" posx="2" posy="21" palette="/NPC Sprites/Palettes/NpcMapPal2" />
	<element fileoffset="DB408" posx="3" posy="21" palette="/NPC Sprites/Palettes/NpcMapPal2" />
	<element fileoffset="DB9F0" posx="4" posy="21" palette="/NPC Sprites/Palettes/NpcMapPal3" />
	<element fileoffset="DBA08" posx="5" posy="21" palette="/NPC Sprites/Palettes/NpcMapPal3" />
	<element fileoffset="DBFF0" posx="6" posy="21" />
	<element fileoffset="DC008" posx="7" posy="21" />
	<element fileoffset="DC5F0" posx="8" posy="21" palette="/NPC Sprites/Palettes/NpcMapPal2" />
	<element fileoffset="DC608" posx="9" posy="21" palette="/NPC Sprites/Palettes/NpcMapPal2" />
	<element fileoffset="DCBF0" posx="10" posy="21" />
	<element fileoffset="DCC08" posx="11" posy="21" />
	<element fileoffset="DD1F0" posx="12" posy="21" />
	<element fileoffset="DD208" posx="13" posy="21" />
	<element fileoffset="DD7F0" posx="14" posy="21" />
	<element fileoffset="DD808" posx="15" posy="21" />
	<element fileoffset="DDDF0" posx="16" posy="21" palette="/NPC Sprites/Palettes/NpcMapPal2" />
	<element fileoffset="DDE08" posx="17" posy="21" palette="/NPC Sprites/Palettes/NpcMapPal2" />
	<element fileoffset="DE3F0" posx="18" posy="21" palette="/NPC Sprites/Palettes/NpcMapPal2" />
	<element fileoffset="DE408" posx="19" posy="21" palette="/NPC Sprites/Palettes/NpcMapPal2" />
	<element fileoffset="DE9F0" posx="20" posy="21" />
	<element fileoffset="DEA08" posx="21" posy="21" />
	<element fileoffset="DEFF0" posx="22" posy="21" palette="/NPC Sprites/Palettes/NpcMapPal17" />
	<element fileoffset="DF008" posx="23" posy="21" palette="/NPC Sprites/Palettes/NpcMapPal17" />
	<element fileoffset="DF5F0" posx="24" posy="21" />
	<element fileoffset="DF608" posx="25" posy="21" />
	<element fileoffset="DFBF0" posx="26" posy="21" />
	<element fileoffset="DFC08" posx="27" posy="21" />
	<element fileoffset="DAE20" posx="0" posy="22" palette="/NPC Sprites/Palettes/NpcMapPal4" />
	<element fileoffset="DAE38" posx="1" posy="22" palette="/NPC Sprites/Palettes/NpcMapPal4" />
	<element fileoffset="DB420" posx="2" posy="22" palette="/NPC Sprites/Palettes/NpcMapPal2" />
	<element fileoffset="DB438" posx="3" posy="22" palette="/NPC Sprites/Palettes/NpcMapPal2" />
	<element fileoffset="DBA20" posx="4" posy="22" palette="/NPC Sprites/Palettes/NpcMapPal3" />
	<element fileoffset="DBA38" posx="5" posy="22" palette="/NPC Sprites/Palettes/NpcMapPal3" />
	<element fileoffset="DC020" posx="6" posy="22" />
	<element fileoffset="DC038" posx="7" posy="22" />
	<element fileoffset="DC620" posx="8" posy="22" palette="/NPC Sprites/Palettes/NpcMapPal2" />
	<element fileoffset="DC638" posx="9" posy="22" palette="/NPC Sprites/Palettes/NpcMapPal2" />
	<element fileoffset="DCC20" posx="10" posy="22" />
	<element fileoffset="DCC38" posx="11" posy="22" />
	<element fileoffset="DD220" posx="12" posy="22" />
	<element fileoffset="DD238" posx="13" posy="22" />
	<element fileoffset="DD820" posx="14" posy="22" />
	<element fileoffset="DD838" posx="15" posy="22" />
	<element fileoffset="DDE20" posx="16" posy="22" palette="/NPC Sprites/Palettes/NpcMapPal2" />
	<element fileoffset="DDE38" posx="17" posy="22" palette="/NPC Sprites/Palettes/NpcMapPal2" />
	<element fileoffset="DE420" posx="18" posy="22" palette="/NPC Sprites/Palettes/NpcMapPal2" />
	<element fileoffset="DE438" posx="19" posy="22" palette="/NPC Sprites/Palettes/NpcMapPal2" />
	<element fileoffset="DEA20" posx="20" posy="22" />
	<element fileoffset="DEA38" posx="21" posy="22" />
	<element fileoffset="DF020" posx="22" posy="22" palette="/NPC Sprites/Palettes/NpcMapPal17" />
	<element fileoffset="DF038" posx="23" posy="22" palette="/NPC Sprites/Palettes/NpcMapPal17" />
	<element fileoffset="DF620" posx="24" posy="22" palette="/NPC Sprites/Palettes/NpcMapPal3" />
	<element fileoffset="DF638" posx="25" posy="22" palette="/NPC Sprites/Palettes/NpcMapPal3" />
	<element fileoffset="DFC20" posx="26" posy="22" />
	<element fileoffset="DFC38" posx="27" posy="22" />
	<element fileoffset="DAE50" posx="0" posy="23" palette="/NPC Sprites/Palettes/NpcMapPal4" />
	<element fileoffset="DAE68" posx="1" posy="23" palette="/NPC Sprites/Palettes/NpcMapPal4" />
	<element fileoffset="DB450" posx="2" posy="23" palette="/NPC Sprites/Palettes/NpcMapPal2" />
	<element fileoffset="DB468" posx="3" posy="23" palette="/NPC Sprites/Palettes/NpcMapPal2" />
	<element fileoffset="DBA50" posx="4" posy="23" palette="/NPC Sprites/Palettes/NpcMapPal3" />
	<element fileoffset="DBA68" posx="5" posy="23" palette="/NPC Sprites/Palettes/NpcMapPal3" />
	<element fileoffset="DC050" posx="6" posy="23" />
	<element fileoffset="DC068" posx="7" posy="23" />
	<element fileoffset="DC650" posx="8" posy="23" palette="/NPC Sprites/Palettes/NpcMapPal2" />
	<element fileoffset="DC668" posx="9" posy="23" palette="/NPC Sprites/Palettes/NpcMapPal2" />
	<element fileoffset="DCC50" posx="10" posy="23" />
	<element fileoffset="DCC68" posx="11" posy="23" />
	<element fileoffset="DD250" posx="12" posy="23" />
	<element fileoffset="DD268" posx="13" posy="23" />
	<element fileoffset="DD850" posx="14" posy="23" />
	<element fileoffset="DD868" posx="15" posy="23" />
	<element fileoffset="DDE50" posx="16" posy="23" palette="/NPC Sprites/Palettes/NpcMapPal2" />
	<element fileoffset="DDE68" posx="17" posy="23" palette="/NPC Sprites/Palettes/NpcMapPal2" />
	<element fileoffset="DE450" posx="18" posy="23" palette="/NPC Sprites/Palettes/NpcMapPal2" />
	<element fileoffset="DE468" posx="19" posy="23" palette="/NPC Sprites/Palettes/NpcMapPal2" />
	<element fileoffset="DEA50" posx="20" posy="23" />
	<element fileoffset="DEA68" posx="21" posy="23" />
	<element fileoffset="DF050" posx="22" posy="23" palette="/NPC Sprites/Palettes/NpcMapPal17" />
	<element fileoffset="DF068" posx="23" posy="23" palette="/NPC Sprites/Palettes/NpcMapPal17" />
	<element fileoffset="DF650" posx="24" posy="23" palette="/NPC Sprites/Palettes/NpcMapPal3" />
	<element fileoffset="DF668" posx="25" posy="23" palette="/NPC Sprites/Palettes/NpcMapPal3" />
	<element fileoffset="DFC50" posx="26" posy="23" />
	<element fileoffset="DFC68" posx="27" posy="23" />
	<element fileoffset="DAE80" posx="0" posy="24" palette="/NPC Sprites/Palettes/NpcMapPal4" />
	<element fileoffset="DAE98" posx="1" posy="24" palette="/NPC Sprites/Palettes/NpcMapPal4" />
	<element fileoffset="DB480" posx="2" posy="24" palette="/NPC Sprites/Palettes/NpcMapPal3" />
	<element fileoffset="DB498" posx="3" posy="24" palette="/NPC Sprites/Palettes/NpcMapPal3" />
	<element fileoffset="DBA80" posx="4" posy="24" />
	<element fileoffset="DBA98" posx="5" posy="24" />
	<element fileoffset="DC080" posx="6" posy="24" />
	<element fileoffset="DC098" posx="7" posy="24" />
	<element fileoffset="DC680" posx="8" posy="24" palette="/NPC Sprites/Palettes/NpcMapPal5" />
	<element fileoffset="DC698" posx="9" posy="24" palette="/NPC Sprites/Palettes/NpcMapPal5" />
	<element fileoffset="DCC80" posx="10" posy="24" />
	<element fileoffset="DCC98" posx="11" posy="24" />
	<element fileoffset="DD280" posx="12" posy="24" palette="/NPC Sprites/Palettes/NpcMapPal2" />
	<element fileoffset="DD298" posx="13" posy="24" palette="/NPC Sprites/Palettes/NpcMapPal2" />
	<element fileoffset="DD880" posx="14" posy="24" />
	<element fileoffset="DD898" posx="15" posy="24" />
	<element fileoffset="DDE80" posx="16" posy="24" palette="/NPC Sprites/Palettes/NpcMapPal15" />
	<element fileoffset="DDE98" posx="17" posy="24" palette="/NPC Sprites/Palettes/NpcMapPal15" />
	<element fileoffset="DE480" posx="18" posy="24" palette="/NPC Sprites/Palettes/NpcMapPal2" />
	<element fileoffset="DE498" posx="19" posy="24" palette="/NPC Sprites/Palettes/NpcMapPal2" />
	<element fileoffset="DEA80" posx="20" posy="24" />
	<element fileoffset="DEA98" posx="21" posy="24" />
	<element fileoffset="DF080" posx="22" posy="24" />
	<element fileoffset="DF098" posx="23" posy="24" />
	<element fileoffset="DF680" posx="24" posy="24" />
	<element fileoffset="DF698" posx="25" posy="24" />
	<element fileoffset="DFC80" posx="26" posy="24" />
	<element fileoffset="DFC98" posx="27" posy="24" />
	<element fileoffset="DAEB0" posx="0" posy="25" palette="/NPC Sprites/Palettes/NpcMapPal4" />
	<element fileoffset="DAEC8" posx="1" posy="25" palette="/NPC Sprites/Palettes/NpcMapPal4" />
	<element fileoffset="DB4B0" posx="2" posy="25" palette="/NPC Sprites/Palettes/NpcMapPal3" />
	<element fileoffset="DB4C8" posx="3" posy="25" palette="/NPC Sprites/Palettes/NpcMapPal3" />
	<element fileoffset="DBAB0" posx="4" posy="25" />
	<element fileoffset="DBAC8" posx="5" posy="25" />
	<element fileoffset="DC0B0" posx="6" posy="25" />
	<element fileoffset="DC0C8" posx="7" posy="25" />
	<element fileoffset="DC6B0" posx="8" posy="25" palette="/NPC Sprites/Palettes/NpcMapPal5" />
	<element fileoffset="DC6C8" posx="9" posy="25" palette="/NPC Sprites/Palettes/NpcMapPal5" />
	<element fileoffset="DCCB0" posx="10" posy="25" />
	<element fileoffset="DCCC8" posx="11" posy="25" />
	<element fileoffset="DD2B0" posx="12" posy="25" palette="/NPC Sprites/Palettes/NpcMapPal2" />
	<element fileoffset="DD2C8" posx="13" posy="25" palette="/NPC Sprites/Palettes/NpcMapPal2" />
	<element fileoffset="DD8B0" posx="14" posy="25" />
	<element fileoffset="DD8C8" posx="15" posy="25" />
	<element fileoffset="DDEB0" posx="16" posy="25" palette="/NPC Sprites/Palettes/NpcMapPal15" />
	<element fileoffset="DDEC8" posx="17" posy="25" palette="/NPC Sprites/Palettes/NpcMapPal15" />
	<element fileoffset="DE4B0" posx="18" posy="25" palette="/NPC Sprites/Palettes/NpcMapPal2" />
	<element fileoffset="DE4C8" posx="19" posy="25" palette="/NPC Sprites/Palettes/NpcMapPal2" />
	<element fileoffset="DEAB0" posx="20" posy="25" />
	<element fileoffset="DEAC8" posx="21" posy="25" />
	<element fileoffset="DF0B0" posx="22" posy="25" />
	<element fileoffset="DF0C8" posx="23" posy="25" />
	<element fileoffset="DF6B0" posx="24" posy="25" />
	<element fileoffset="DF6C8" posx="25" posy="25" />
	<element fileoffset="DFCB0" posx="26" posy="25" />
	<element fileoffset="DFCC8" posx="27" posy="25" />
	<element fileoffset="DAEE0" posx="0" posy="26" palette="/NPC Sprites/Palettes/NpcMapPal4" />
	<element fileoffset="DAEF8" posx="1" posy="26" palette="/NPC Sprites/Palettes/NpcMapPal4" />
	<element fileoffset="DB4E0" posx="2" posy="26" palette="/NPC Sprites/Palettes/NpcMapPal3" />
	<element fileoffset="DB4F8" posx="3" posy="26" palette="/NPC Sprites/Palettes/NpcMapPal3" />
	<element fileoffset="DBAE0" posx="4" posy="26" />
	<element fileoffset="DBAF8" posx="5" posy="26" />
	<element fileoffset="DC0E0" posx="6" posy="26" />
	<element fileoffset="DC0F8" posx="7" posy="26" />
	<element fileoffset="DC6E0" posx="8" posy="26" palette="/NPC Sprites/Palettes/NpcMapPal5" />
	<element fileoffset="DC6F8" posx="9" posy="26" palette="/NPC Sprites/Palettes/NpcMapPal5" />
	<element fileoffset="DCCE0" posx="10" posy="26" />
	<element fileoffset="DCCF8" posx="11" posy="26" />
	<element fileoffset="DD2E0" posx="12" posy="26" palette="/NPC Sprites/Palettes/NpcMapPal2" />
	<element fileoffset="DD2F8" posx="13" posy="26" palette="/NPC Sprites/Palettes/NpcMapPal2" />
	<element fileoffset="DD8E0" posx="14" posy="26" />
	<element fileoffset="DD8F8" posx="15" posy="26" />
	<element fileoffset="DDEE0" posx="16" posy="26" palette="/NPC Sprites/Palettes/NpcMapPal15" />
	<element fileoffset="DDEF8" posx="17" posy="26" palette="/NPC Sprites/Palettes/NpcMapPal15" />
	<element fileoffset="DE4E0" posx="18" posy="26" palette="/NPC Sprites/Palettes/NpcMapPal2" />
	<element fileoffset="DE4F8" posx="19" posy="26" palette="/NPC Sprites/Palettes/NpcMapPal2" />
	<element fileoffset="DEAE0" posx="20" posy="26" />
	<element fileoffset="DEAF8" posx="21" posy="26" />
	<element fileoffset="DF0E0" posx="22" posy="26" />
	<element fileoffset="DF0F8" posx="23" posy="26" />
	<element fileoffset="DF6E0" posx="24" posy="26" />
	<element fileoffset="DF6F8" posx="25" posy="26" />
	<element fileoffset="DFCE0" posx="26" posy="26" />
	<element fileoffset="DFCF8" posx="27" posy="26" />
	<element fileoffset="DAF10" posx="0" posy="27" palette="/NPC Sprites/Palettes/NpcMapPal4" />
	<element fileoffset="DAF28" posx="1" posy="27" palette="/NPC Sprites/Palettes/NpcMapPal4" />
	<element fileoffset="DB510" posx="2" posy="27" palette="/NPC Sprites/Palettes/NpcMapPal3" />
	<element fileoffset="DB528" posx="3" posy="27" palette="/NPC Sprites/Palettes/NpcMapPal3" />
	<element fileoffset="DBB10" posx="4" posy="27" />
	<element fileoffset="DBB28" posx="5" posy="27" />
	<element fileoffset="DC110" posx="6" posy="27" />
	<element fileoffset="DC128" posx="7" posy="27" />
	<element fileoffset="DC710" posx="8" posy="27" palette="/NPC Sprites/Palettes/NpcMapPal5" />
	<element fileoffset="DC728" posx="9" posy="27" palette="/NPC Sprites/Palettes/NpcMapPal5" />
	<element fileoffset="DCD10" posx="10" posy="27" />
	<element fileoffset="DCD28" posx="11" posy="27" />
	<element fileoffset="DD310" posx="12" posy="27" palette="/NPC Sprites/Palettes/NpcMapPal2" />
	<element fileoffset="DD328" posx="13" posy="27" palette="/NPC Sprites/Palettes/NpcMapPal2" />
	<element fileoffset="DD910" posx="14" posy="27" />
	<element fileoffset="DD928" posx="15" posy="27" />
	<element fileoffset="DDF10" posx="16" posy="27" palette="/NPC Sprites/Palettes/NpcMapPal15" />
	<element fileoffset="DDF28" posx="17" posy="27" palette="/NPC Sprites/Palettes/NpcMapPal15" />
	<element fileoffset="DE510" posx="18" posy="27" palette="/NPC Sprites/Palettes/NpcMapPal2" />
	<element fileoffset="DE528" posx="19" posy="27" palette="/NPC Sprites/Palettes/NpcMapPal2" />
	<element fileoffset="DEB10" posx="20" posy="27" />
	<element fileoffset="DEB28" posx="21" posy="27" />
	<element fileoffset="DF110" posx="22" posy="27" />
	<element fileoffset="DF128" posx="23" posy="27" />
	<element fileoffset="DF710" posx="24" posy="27" />
	<element fileoffset="DF728" posx="25" posy="27" />
	<element fileoffset="DFD10" posx="26" posy="27" />
	<element fileoffset="DFD28" posx="27" posy="27" />
	<element fileoffset="DAF40" posx="0" posy="28" palette="/NPC Sprites/Palettes/NpcMapPal4" />
	<element fileoffset="DAF58" posx="1" posy="28" palette="/NPC Sprites/Palettes/NpcMapPal4" />
	<element fileoffset="DB540" posx="2" posy="28" palette="/NPC Sprites/Palettes/NpcMapPal3" />
	<element fileoffset="DB558" posx="3" posy="28" palette="/NPC Sprites/Palettes/NpcMapPal3" />
	<element fileoffset="DBB40" posx="4" posy="28" />
	<element fileoffset="DBB58" posx="5" posy="28" />
	<element fileoffset="DC140" posx="6" posy="28" />
	<element fileoffset="DC158" posx="7" posy="28" />
	<element fileoffset="DC740" posx="8" posy="28" palette="/NPC Sprites/Palettes/NpcMapPal5" />
	<element fileoffset="DC758" posx="9" posy="28" palette="/NPC Sprites/Palettes/NpcMapPal5" />
	<element fileoffset="DCD40" posx="10" posy="28" />
	<element fileoffset="DCD58" posx="11" posy="28" />
	<element fileoffset="DD340" posx="12" posy="28" palette="/NPC Sprites/Palettes/NpcMapPal2" />
	<element fileoffset="DD358" posx="13" posy="28" palette="/NPC Sprites/Palettes/NpcMapPal2" />
	<element fileoffset="DD940" posx="14" posy="28" />
	<element fileoffset="DD958" posx="15" posy="28" />
	<element fileoffset="DDF40" posx="16" posy="28" palette="/NPC Sprites/Palettes/NpcMapPal15" />
	<element fileoffset="DDF58" posx="17" posy="28" palette="/NPC Sprites/Palettes/NpcMapPal15" />
	<element fileoffset="DE540" posx="18" posy="28" palette="/NPC Sprites/Palettes/NpcMapPal2" />
	<element fileoffset="DE558" posx="19" posy="28" palette="/NPC Sprites/Palettes/NpcMapPal2" />
	<element fileoffset="DEB40" posx="20" posy="28" palette="/NPC Sprites/Palettes/NpcMapPal2" />
	<element fileoffset="DEB58" posx="21" posy="28" palette="/NPC Sprites/Palettes/NpcMapPal2" />
	<element fileoffset="DF140" posx="22" posy="28" />
	<element fileoffset="DF158" posx="23" posy="28" />
	<element fileoffset="DF740" posx="24" posy="28" />
	<element fileoffset="DF758" posx="25" posy="28" />
	<element fileoffset="DFD40" posx="26" posy="28" />
	<element fileoffset="DFD58" posx="27" posy="28" />
	<element fileoffset="DAF70" posx="0" posy="29" palette="/NPC Sprites/Palettes/NpcMapPal4" />
	<element fileoffset="DAF88" posx="1" posy="29" palette="/NPC Sprites/Palettes/NpcMapPal4" />
	<element fileoffset="DB570" posx="2" posy="29" palette="/NPC Sprites/Palettes/NpcMapPal3" />
	<element fileoffset="DB588" posx="3" posy="29" palette="/NPC Sprites/Palettes/NpcMapPal3" />
	<element fileoffset="DBB70" posx="4" posy="29" />
	<element fileoffset="DBB88" posx="5" posy="29" />
	<element fileoffset="DC170" posx="6" posy="29" />
	<element fileoffset="DC188" posx="7" posy="29" />
	<element fileoffset="DC770" posx="8" posy="29" palette="/NPC Sprites/Palettes/NpcMapPal5" />
	<element fileoffset="DC788" posx="9" posy="29" palette="/NPC Sprites/Palettes/NpcMapPal5" />
	<element fileoffset="DCD70" posx="10" posy="29" />
	<element fileoffset="DCD88" posx="11" posy="29" />
	<element fileoffset="DD370" posx="12" posy="29" palette="/NPC Sprites/Palettes/NpcMapPal2" />
	<element fileoffset="DD388" posx="13" posy="29" palette="/NPC Sprites/Palettes/NpcMapPal2" />
	<element fileoffset="DD970" posx="14" posy="29" />
	<element fileoffset="DD988" posx="15" posy="29" />
	<element fileoffset="DDF70" posx="16" posy="29" palette="/NPC Sprites/Palettes/NpcMapPal15" />
	<element fileoffset="DDF88" posx="17" posy="29" palette="/NPC Sprites/Palettes/NpcMapPal15" />
	<element fileoffset="DE570" posx="18" posy="29" palette="/NPC Sprites/Palettes/NpcMapPal2" />
	<element fileoffset="DE588" posx="19" posy="29" palette="/NPC Sprites/Palettes/NpcMapPal2" />
	<element fileoffset="DEB70" posx="20" posy="29" palette="/NPC Sprites/Palettes/NpcMapPal2" />
	<element fileoffset="DEB88" posx="21" posy="29" palette="/NPC Sprites/Palettes/NpcMapPal2" />
	<element fileoffset="DF170" posx="22" posy="29" />
	<element fileoffset="DF188" posx="23" posy="29" />
	<element fileoffset="DF770" posx="24" posy="29" />
	<element fileoffset="DF788" posx="25" posy="29" />
	<element fileoffset="DFD70" posx="26" posy="29" />
	<element fileoffset="DFD88" posx="27" posy="29" />
	<element fileoffset="DAFA0" posx="0" posy="30" palette="/NPC Sprites/Palettes/NpcMapPal4" />
	<element fileoffset="DAFB8" posx="1" posy="30" palette="/NPC Sprites/Palettes/NpcMapPal4" />
	<element fileoffset="DB5A0" posx="2" posy="30" palette="/NPC Sprites/Palettes/NpcMapPal3" />
	<element fileoffset="DB5B8" posx="3" posy="30" palette="/NPC Sprites/Palettes/NpcMapPal3" />
	<element fileoffset="DBBA0" posx="4" posy="30" />
	<element fileoffset="DBBB8" posx="5" posy="30" />
	<element fileoffset="DC1A0" posx="6" posy="30" />
	<element fileoffset="DC1B8" posx="7" posy="30" />
	<element fileoffset="DC7A0" posx="8" posy="30" palette="/NPC Sprites/Palettes/NpcMapPal5" />
	<element fileoffset="DC7B8" posx="9" posy="30" palette="/NPC Sprites/Palettes/NpcMapPal5" />
	<element fileoffset="DCDA0" posx="10" posy="30" />
	<element fileoffset="DCDB8" posx="11" posy="30" />
	<element fileoffset="DD3A0" posx="12" posy="30" palette="/NPC Sprites/Palettes/NpcMapPal2" />
	<element fileoffset="DD3B8" posx="13" posy="30" palette="/NPC Sprites/Palettes/NpcMapPal2" />
	<element fileoffset="DD9A0" posx="14" posy="30" />
	<element fileoffset="DD9B8" posx="15" posy="30" />
	<element fileoffset="DDFA0" posx="16" posy="30" palette="/NPC Sprites/Palettes/NpcMapPal15" />
	<element fileoffset="DDFB8" posx="17" posy="30" palette="/NPC Sprites/Palettes/NpcMapPal15" />
	<element fileoffset="DE5A0" posx="18" posy="30" palette="/NPC Sprites/Palettes/NpcMapPal2" />
	<element fileoffset="DE5B8" posx="19" posy="30" palette="/NPC Sprites/Palettes/NpcMapPal2" />
	<element fileoffset="DEBA0" posx="20" posy="30" palette="/NPC Sprites/Palettes/NpcMapPal2" />
	<element fileoffset="DEBB8" posx="21" posy="30" palette="/NPC Sprites/Palettes/NpcMapPal2" />
	<element fileoffset="DF1A0" posx="22" posy="30" />
	<element fileoffset="DF1B8" posx="23" posy="30" />
	<element fileoffset="DF7A0" posx="24" posy="30" />
	<element fileoffset="DF7B8" posx="25" posy="30" />
	<element fileoffset="DFDA0" posx="26" posy="30" />
	<element fileoffset="DFDB8" posx="27" posy="30" />
	<element fileoffset="DAFD0" posx="0" posy="31" palette="/NPC Sprites/Palettes/NpcMapPal4" />
	<element fileoffset="DAFE8" posx="1" posy="31" palette="/NPC Sprites/Palettes/NpcMapPal4" />
	<element fileoffset="DB5D0" posx="2" posy="31" palette="/NPC Sprites/Palettes/NpcMapPal3" />
	<element fileoffset="DB5E8" posx="3" posy="31" palette="/NPC Sprites/Palettes/NpcMapPal3" />
	<element fileoffset="DBBD0" posx="4" posy="31" />
	<element fileoffset="DBBE8" posx="5" posy="31" />
	<element fileoffset="DC1D0" posx="6" posy="31" />
	<element fileoffset="DC1E8" posx="7" posy="31" />
	<element fileoffset="DC7D0" posx="8" posy="31" palette="/NPC Sprites/Palettes/NpcMapPal5" />
	<element fileoffset="DC7E8" posx="9" posy="31" palette="/NPC Sprites/Palettes/NpcMapPal5" />
	<element fileoffset="DCDD0" posx="10" posy="31" />
	<element fileoffset="DCDE8" posx="11" posy="31" />
	<element fileoffset="DD3D0" posx="12" posy="31" palette="/NPC Sprites/Palettes/NpcMapPal2" />
	<element fileoffset="DD3E8" posx="13" posy="31" palette="/NPC Sprites/Palettes/NpcMapPal2" />
	<element fileoffset="DD9D0" posx="14" posy="31" />
	<element fileoffset="DD9E8" posx="15" posy="31" />
	<element fileoffset="DDFD0" posx="16" posy="31" palette="/NPC Sprites/Palettes/NpcMapPal15" />
	<element fileoffset="DDFE8" posx="17" posy="31" palette="/NPC Sprites/Palettes/NpcMapPal15" />
	<element fileoffset="DE5D0" posx="18" posy="31" palette="/NPC Sprites/Palettes/NpcMapPal2" />
	<element fileoffset="DE5E8" posx="19" posy="31" palette="/NPC Sprites/Palettes/NpcMapPal2" />
	<element fileoffset="DEBD0" posx="20" posy="31" palette="/NPC Sprites/Palettes/NpcMapPal2" />
	<element fileoffset="DEBE8" posx="21" posy="31" palette="/NPC Sprites/Palettes/NpcMapPal2" />
	<element fileoffset="DF1D0" posx="22" posy="31" />
	<element fileoffset="DF1E8" posx="23" posy="31" />
	<element fileoffset="DF7D0" posx="24" posy="31" />
	<element fileoffset="DF7E8" posx="25" posy="31" />
	<element fileoffset="DFDD0" posx="26" posy="31" />
	<element fileoffset="DFDE8" posx="27" posy="31" />
</arranger>