<?xml version="1.0" encoding="utf-16"?>
<arranger elementsx="30" elementsy="23" width="8" height="8" layout="tiled" color="indexed" defaultcodec="NES 2bpp" defaultdatafile="/Crystalis.nes" defaultpalette="/Menu/Palettes/MenuOutlinePal">
	<element fileoffset="4F810" posx="0" posy="0" />
	<element fileoffset="4F820" posx="1" posy="0" />
	<element fileoffset="4F830" posx="2" posy="0" />
	<element fileoffset="4F8A0" posx="3" posy="0" />
	<element fileoffset="4F8B0" posx="4" posy="0" />
	<element fileoffset="4F8C0" posx="5" posy="0" />
	<element fileoffset="4F930" posx="6" posy="0" />
	<element fileoffset="4F940" posx="7" posy="0" />
	<element fileoffset="4F950" posx="8" posy="0" />
	<element fileoffset="4F9C0" posx="9" posy="0" />
	<element fileoffset="4F9D0" posx="10" posy="0" />
	<element fileoffset="4F9E0" posx="11" posy="0" />
	<element fileoffset="4FA50" posx="12" posy="0" />
	<element fileoffset="4FA60" posx="13" posy="0" />
	<element fileoffset="4FA70" posx="14" posy="0" />
	<element fileoffset="4EE40" posx="15" posy="0" />
	<element fileoffset="4EE50" posx="16" posy="0" />
	<element fileoffset="4EE60" posx="17" posy="0" />
	<element fileoffset="4EC00" posx="18" posy="0" />
	<element fileoffset="4EC10" posx="19" posy="0" />
	<element fileoffset="4EC20" posx="20" posy="0" />
	<element fileoffset="4FB70" posx="21" posy="0" />
	<element fileoffset="4FB80" posx="22" posy="0" />
	<element fileoffset="4FB90" posx="23" posy="0" />
	<element fileoffset="4FC00" posx="24" posy="0" />
	<element fileoffset="4FC10" posx="25" posy="0" />
	<element fileoffset="4FC20" posx="26" posy="0" />
	<element fileoffset="4FC90" posx="27" posy="0" />
	<element fileoffset="4FCA0" posx="28" posy="0" />
	<element fileoffset="4FCB0" posx="29" posy="0" />
	<element fileoffset="4F840" posx="0" posy="1" />
	<element fileoffset="4F850" posx="1" posy="1" />
	<element fileoffset="4F860" posx="2" posy="1" />
	<element fileoffset="4F8D0" posx="3" posy="1" />
	<element fileoffset="4F8E0" posx="4" posy="1" />
	<element fileoffset="4F8F0" posx="5" posy="1" />
	<element fileoffset="4F960" posx="6" posy="1" />
	<element fileoffset="4F970" posx="7" posy="1" />
	<element fileoffset="4F980" posx="8" posy="1" />
	<element fileoffset="4F9F0" posx="9" posy="1" />
	<element fileoffset="4FA00" posx="10" posy="1" />
	<element fileoffset="4FA10" posx="11" posy="1" />
	<element fileoffset="4FA80" posx="12" posy="1" />
	<element fileoffset="4FA90" posx="13" posy="1" />
	<element fileoffset="4FAA0" posx="14" posy="1" />
	<element fileoffset="4EE70" posx="15" posy="1" />
	<element fileoffset="4EE80" posx="16" posy="1" />
	<element fileoffset="4EE90" posx="17" posy="1" />
	<element fileoffset="4EC30" posx="18" posy="1" />
	<element fileoffset="4EC40" posx="19" posy="1" />
	<element fileoffset="4EC50" posx="20" posy="1" />
	<element fileoffset="4FBA0" posx="21" posy="1" />
	<element fileoffset="4FBB0" posx="22" posy="1" />
	<element fileoffset="4FBC0" posx="23" posy="1" />
	<element fileoffset="4FC30" posx="24" posy="1" />
	<element fileoffset="4FC40" posx="25" posy="1" />
	<element fileoffset="4FC50" posx="26" posy="1" />
	<element fileoffset="4FCC0" posx="27" posy="1" />
	<element fileoffset="4FCD0" posx="28" posy="1" />
	<element fileoffset="4FCE0" posx="29" posy="1" />
	<element fileoffset="4F870" posx="0" posy="2" />
	<element fileoffset="4F880" posx="1" posy="2" />
	<element fileoffset="4F890" posx="2" posy="2" />
	<element fileoffset="4F900" posx="3" posy="2" />
	<element fileoffset="4F910" posx="4" posy="2" />
	<element fileoffset="4F920" posx="5" posy="2" />
	<element fileoffset="4F990" posx="6" posy="2" />
	<element fileoffset="4F9A0" posx="7" posy="2" />
	<element fileoffset="4F9B0" posx="8" posy="2" />
	<element fileoffset="4FA20" posx="9" posy="2" />
	<element fileoffset="4FA30" posx="10" posy="2" />
	<element fileoffset="4FA40" posx="11" posy="2" />
	<element fileoffset="4FAB0" posx="12" posy="2" />
	<element fileoffset="4FAC0" posx="13" posy="2" />
	<element fileoffset="4FAD0" posx="14" posy="2" />
	<element fileoffset="4EEA0" posx="15" posy="2" />
	<element fileoffset="4EEB0" posx="16" posy="2" />
	<element fileoffset="4EEC0" posx="17" posy="2" />
	<element fileoffset="4EC60" posx="18" posy="2" />
	<element fileoffset="4EC70" posx="19" posy="2" />
	<element fileoffset="4EC80" posx="20" posy="2" />
	<element fileoffset="4FBD0" posx="21" posy="2" />
	<element fileoffset="4FBE0" posx="22" posy="2" />
	<element fileoffset="4FBF0" posx="23" posy="2" />
	<element fileoffset="4FC60" posx="24" posy="2" />
	<element fileoffset="4FC70" posx="25" posy="2" />
	<element fileoffset="4FC80" posx="26" posy="2" />
	<element fileoffset="4FCF0" posx="27" posy="2" />
	<element fileoffset="4FD00" posx="28" posy="2" />
	<element fileoffset="4FD10" posx="29" posy="2" />
	<element fileoffset="4FD20" posx="0" posy="3" />
	<element fileoffset="4FD30" posx="1" posy="3" />
	<element fileoffset="4FD40" posx="2" posy="3" />
	<element fileoffset="4FAE0" posx="3" posy="3" />
	<element fileoffset="4FAF0" posx="4" posy="3" />
	<element fileoffset="4FB00" posx="5" posy="3" />
	<element fileoffset="4FDB0" posx="6" posy="3" />
	<element fileoffset="4FDC0" posx="7" posy="3" />
	<element fileoffset="4FDD0" posx="8" posy="3" />
	<element fileoffset="4FED0" posx="9" posy="3" />
	<element fileoffset="4FEE0" posx="10" posy="3" />
	<element fileoffset="4FEF0" posx="11" posy="3" />
	<element fileoffset="4FE40" posx="12" posy="3" />
	<element fileoffset="4FE50" posx="13" posy="3" />
	<element fileoffset="4FE60" posx="14" posy="3" />
	<element fileoffset="4E810" posx="15" posy="3" />
	<element fileoffset="4E820" posx="16" posy="3" />
	<element fileoffset="4E830" posx="17" posy="3" />
	<element fileoffset="4E8A0" posx="18" posy="3" />
	<element fileoffset="4E8B0" posx="19" posy="3" />
	<element fileoffset="4E8C0" posx="20" posy="3" />
	<element fileoffset="4EDB0" posx="21" posy="3" />
	<element fileoffset="4EDC0" posx="22" posy="3" />
	<element fileoffset="4EDD0" posx="23" posy="3" />
	<element fileoffset="4E9C0" posx="24" posy="3" />
	<element fileoffset="4E9D0" posx="25" posy="3" />
	<element fileoffset="4E9E0" posx="26" posy="3" />
	<element fileoffset="4EAE0" posx="27" posy="3" />
	<element fileoffset="4EAF0" posx="28" posy="3" />
	<element fileoffset="4EB00" posx="29" posy="3" />
	<element fileoffset="4FD50" posx="0" posy="4" />
	<element fileoffset="4FD60" posx="1" posy="4" />
	<element fileoffset="4FD70" posx="2" posy="4" />
	<element fileoffset="4FB10" posx="3" posy="4" />
	<element fileoffset="4FB20" posx="4" posy="4" />
	<element fileoffset="4FB30" posx="5" posy="4" />
	<element fileoffset="4FDE0" posx="6" posy="4" />
	<element fileoffset="4FDF0" posx="7" posy="4" />
	<element fileoffset="4FE00" posx="8" posy="4" />
	<element fileoffset="4FF00" posx="9" posy="4" />
	<element fileoffset="4FF10" posx="10" posy="4" />
	<element fileoffset="4FF20" posx="11" posy="4" />
	<element fileoffset="4FE70" posx="12" posy="4" />
	<element fileoffset="4FE80" posx="13" posy="4" />
	<element fileoffset="4FE90" posx="14" posy="4" />
	<element fileoffset="4E840" posx="15" posy="4" />
	<element fileoffset="4E850" posx="16" posy="4" />
	<element fileoffset="4E860" posx="17" posy="4" />
	<element fileoffset="4E8D0" posx="18" posy="4" />
	<element fileoffset="4E8E0" posx="19" posy="4" />
	<element fileoffset="4E8F0" posx="20" posy="4" />
	<element fileoffset="4EDE0" posx="21" posy="4" />
	<element fileoffset="4EDF0" posx="22" posy="4" />
	<element fileoffset="4EE00" posx="23" posy="4" />
	<element fileoffset="4E9F0" posx="24" posy="4" />
	<element fileoffset="4EA00" posx="25" posy="4" />
	<element fileoffset="4EA10" posx="26" posy="4" />
	<element fileoffset="4EB10" posx="27" posy="4" />
	<element fileoffset="4EB20" posx="28" posy="4" />
	<element fileoffset="4EB30" posx="29" posy="4" />
	<element fileoffset="4FD80" posx="0" posy="5" />
	<element fileoffset="4FD90" posx="1" posy="5" />
	<element fileoffset="4FDA0" posx="2" posy="5" />
	<element fileoffset="4FB40" posx="3" posy="5" />
	<element fileoffset="4FB50" posx="4" posy="5" />
	<element fileoffset="4FB60" posx="5" posy="5" />
	<element fileoffset="4FE10" posx="6" posy="5" />
	<element fileoffset="4FE20" posx="7" posy="5" />
	<element fileoffset="4FE30" posx="8" posy="5" />
	<element fileoffset="4FF30" posx="9" posy="5" />
	<element fileoffset="4FF40" posx="10" posy="5" />
	<element fileoffset="4FF50" posx="11" posy="5" />
	<element fileoffset="4FEA0" posx="12" posy="5" />
	<element fileoffset="4FEB0" posx="13" posy="5" />
	<element fileoffset="4FEC0" posx="14" posy="5" />
	<element fileoffset="4E870" posx="15" posy="5" />
	<element fileoffset="4E880" posx="16" posy="5" />
	<element fileoffset="4E890" posx="17" posy="5" />
	<element fileoffset="4E900" posx="18" posy="5" />
	<element fileoffset="4E910" posx="19" posy="5" />
	<element fileoffset="4E920" posx="20" posy="5" />
	<element fileoffset="4EE10" posx="21" posy="5" />
	<element fileoffset="4EE20" posx="22" posy="5" />
	<element fileoffset="4EE30" posx="23" posy="5" />
	<element fileoffset="4EA20" posx="24" posy="5" />
	<element fileoffset="4EA30" posx="25" posy="5" />
	<element fileoffset="4EA40" posx="26" posy="5" />
	<element fileoffset="4EB40" posx="27" posy="5" />
	<element fileoffset="4EB50" posx="28" posy="5" />
	<element fileoffset="4EB60" posx="29" posy="5" />
	<element fileoffset="4ED20" posx="0" posy="6" />
	<element fileoffset="4ED30" posx="1" posy="6" />
	<element fileoffset="4ED40" posx="2" posy="6" />
	<element fileoffset="4EA50" posx="3" posy="6" />
	<element fileoffset="4EA60" posx="4" posy="6" />
	<element fileoffset="4EA70" posx="5" posy="6" />
	<element fileoffset="4EB70" posx="6" posy="6" />
	<element fileoffset="4EB80" posx="7" posy="6" />
	<element fileoffset="4EB90" posx="8" posy="6" />
	<element fileoffset="4E930" posx="9" posy="6" />
	<element fileoffset="4E940" posx="10" posy="6" />
	<element fileoffset="4E950" posx="11" posy="6" />
	<element fileoffset="4EC90" posx="12" posy="6" />
	<element fileoffset="4ECA0" posx="13" posy="6" />
	<element fileoffset="4ECB0" posx="14" posy="6" />
	<element fileoffset="4EED0" posx="15" posy="6" />
	<element fileoffset="4EEE0" posx="16" posy="6" />
	<element fileoffset="4EEF0" posx="17" posy="6" />
	<element fileoffset="4E210" posx="18" posy="6" />
	<element fileoffset="4E220" posx="19" posy="6" />
	<element fileoffset="4E230" posx="20" posy="6" />
	<element fileoffset="4E2A0" posx="21" posy="6" />
	<element fileoffset="4E2B0" posx="22" posy="6" />
	<element fileoffset="4E2C0" posx="23" posy="6" />
	<element fileoffset="4E330" posx="24" posy="6" />
	<element fileoffset="4E340" posx="25" posy="6" />
	<element fileoffset="4E350" posx="26" posy="6" />
	<element fileoffset="4E3C0" posx="27" posy="6" />
	<element fileoffset="4E3D0" posx="28" posy="6" />
	<element fileoffset="4E3E0" posx="29" posy="6" />
	<element fileoffset="4ED50" posx="0" posy="7" />
	<element fileoffset="4ED60" posx="1" posy="7" />
	<element fileoffset="4ED70" posx="2" posy="7" />
	<element fileoffset="4EA80" posx="3" posy="7" />
	<element fileoffset="4EA90" posx="4" posy="7" />
	<element fileoffset="4EAA0" posx="5" posy="7" />
	<element fileoffset="4EBA0" posx="6" posy="7" />
	<element fileoffset="4EBB0" posx="7" posy="7" />
	<element fileoffset="4EBC0" posx="8" posy="7" />
	<element fileoffset="4E960" posx="9" posy="7" />
	<element fileoffset="4E970" posx="10" posy="7" />
	<element fileoffset="4E980" posx="11" posy="7" />
	<element fileoffset="4ECC0" posx="12" posy="7" />
	<element fileoffset="4ECD0" posx="13" posy="7" />
	<element fileoffset="4ECE0" posx="14" posy="7" />
	<element fileoffset="4EF00" posx="15" posy="7" />
	<element fileoffset="4EF10" posx="16" posy="7" />
	<element fileoffset="4EF20" posx="17" posy="7" />
	<element fileoffset="4E240" posx="18" posy="7" />
	<element fileoffset="4E250" posx="19" posy="7" />
	<element fileoffset="4E260" posx="20" posy="7" />
	<element fileoffset="4E2D0" posx="21" posy="7" />
	<element fileoffset="4E2E0" posx="22" posy="7" />
	<element fileoffset="4E2F0" posx="23" posy="7" />
	<element fileoffset="4E360" posx="24" posy="7" />
	<element fileoffset="4E370" posx="25" posy="7" />
	<element fileoffset="4E380" posx="26" posy="7" />
	<element fileoffset="4E3F0" posx="27" posy="7" />
	<element fileoffset="4E400" posx="28" posy="7" />
	<element fileoffset="4E410" posx="29" posy="7" />
	<element fileoffset="4ED80" posx="0" posy="8" />
	<element fileoffset="4ED90" posx="1" posy="8" />
	<element fileoffset="4EDA0" posx="2" posy="8" />
	<element fileoffset="4EAB0" posx="3" posy="8" />
	<element fileoffset="4EAC0" posx="4" posy="8" />
	<element fileoffset="4EAD0" posx="5" posy="8" />
	<element fileoffset="4EBD0" posx="6" posy="8" />
	<element fileoffset="4EBE0" posx="7" posy="8" />
	<element fileoffset="4EBF0" posx="8" posy="8" />
	<element fileoffset="4E990" posx="9" posy="8" />
	<element fileoffset="4E9A0" posx="10" posy="8" />
	<element fileoffset="4E9B0" posx="11" posy="8" />
	<element fileoffset="4ECF0" posx="12" posy="8" />
	<element fileoffset="4ED00" posx="13" posy="8" />
	<element fileoffset="4ED10" posx="14" posy="8" />
	<element fileoffset="4EF30" posx="15" posy="8" />
	<element fileoffset="4EF40" posx="16" posy="8" />
	<element fileoffset="4EF50" posx="17" posy="8" />
	<element fileoffset="4E270" posx="18" posy="8" />
	<element fileoffset="4E280" posx="19" posy="8" />
	<element fileoffset="4E290" posx="20" posy="8" />
	<element fileoffset="4E300" posx="21" posy="8" />
	<element fileoffset="4E310" posx="22" posy="8" />
	<element fileoffset="4E320" posx="23" posy="8" />
	<element fileoffset="4E390" posx="24" posy="8" />
	<element fileoffset="4E3A0" posx="25" posy="8" />
	<element fileoffset="4E3B0" posx="26" posy="8" />
	<element fileoffset="4E420" posx="27" posy="8" />
	<element fileoffset="4E430" posx="28" posy="8" />
	<element fileoffset="4E440" posx="29" posy="8" />
	<element fileoffset="4E450" posx="0" posy="9" />
	<element fileoffset="4E460" posx="1" posy="9" />
	<element fileoffset="4E470" posx="2" posy="9" />
	<element fileoffset="4E4E0" posx="3" posy="9" />
	<element fileoffset="4E4F0" posx="4" posy="9" />
	<element fileoffset="4E500" posx="5" posy="9" />
	<element fileoffset="4E570" posx="6" posy="9" />
	<element fileoffset="4E580" posx="7" posy="9" />
	<element fileoffset="4E590" posx="8" posy="9" />
	<element fileoffset="4E600" posx="9" posy="9" />
	<element fileoffset="4E610" posx="10" posy="9" />
	<element fileoffset="4E620" posx="11" posy="9" />
	<element fileoffset="4E690" posx="12" posy="9" />
	<element fileoffset="4E6A0" posx="13" posy="9" />
	<element fileoffset="4E6B0" posx="14" posy="9" />
	<element fileoffset="56490" posx="15" posy="9" palette="/Menu/Palettes/MenuEquipmentAPal" />
	<element fileoffset="564A0" posx="16" posy="9" palette="/Menu/Palettes/MenuEquipmentAPal" />
	<element fileoffset="564B0" posx="17" posy="9" palette="/Menu/Palettes/MenuEquipmentAPal" />
	<element fileoffset="56520" posx="18" posy="9" palette="/Menu/Palettes/MenuEquipmentBPal" />
	<element fileoffset="56530" posx="19" posy="9" palette="/Menu/Palettes/MenuEquipmentBPal" />
	<element fileoffset="56540" posx="20" posy="9" palette="/Menu/Palettes/MenuEquipmentBPal" />
	<element fileoffset="565B0" posx="21" posy="9" palette="/Menu/Palettes/MenuEquipmentCPal" />
	<element fileoffset="565C0" posx="22" posy="9" palette="/Menu/Palettes/MenuEquipmentCPal" />
	<element fileoffset="565D0" posx="23" posy="9" palette="/Menu/Palettes/MenuEquipmentCPal" />
	<element fileoffset="56640" posx="24" posy="9" palette="/Menu/Palettes/MenuEquipmentDPal" />
	<element fileoffset="56650" posx="25" posy="9" palette="/Menu/Palettes/MenuEquipmentDPal" />
	<element fileoffset="56660" posx="26" posy="9" palette="/Menu/Palettes/MenuEquipmentDPal" />
	<element fileoffset="566D0" posx="27" posy="9" palette="/Menu/Palettes/MenuEquipmentDPal" />
	<element fileoffset="566E0" posx="28" posy="9" palette="/Menu/Palettes/MenuEquipmentDPal" />
	<element fileoffset="566F0" posx="29" posy="9" palette="/Menu/Palettes/MenuEquipmentDPal" />
	<element fileoffset="4E480" posx="0" posy="10" />
	<element fileoffset="4E490" posx="1" posy="10" />
	<element fileoffset="4E4A0" posx="2" posy="10" />
	<element fileoffset="4E510" posx="3" posy="10" />
	<element fileoffset="4E520" posx="4" posy="10" />
	<element fileoffset="4E530" posx="5" posy="10" />
	<element fileoffset="4E5A0" posx="6" posy="10" />
	<element fileoffset="4E5B0" posx="7" posy="10" />
	<element fileoffset="4E5C0" posx="8" posy="10" />
	<element fileoffset="4E630" posx="9" posy="10" />
	<element fileoffset="4E640" posx="10" posy="10" />
	<element fileoffset="4E650" posx="11" posy="10" />
	<element fileoffset="4E6C0" posx="12" posy="10" />
	<element fileoffset="4E6D0" posx="13" posy="10" />
	<element fileoffset="4E6E0" posx="14" posy="10" />
	<element fileoffset="564C0" posx="15" posy="10" palette="/Menu/Palettes/MenuEquipmentAPal" />
	<element fileoffset="564D0" posx="16" posy="10" palette="/Menu/Palettes/MenuEquipmentAPal" />
	<element fileoffset="564E0" posx="17" posy="10" palette="/Menu/Palettes/MenuEquipmentAPal" />
	<element fileoffset="56550" posx="18" posy="10" palette="/Menu/Palettes/MenuEquipmentBPal" />
	<element fileoffset="56560" posx="19" posy="10" palette="/Menu/Palettes/MenuEquipmentBPal" />
	<element fileoffset="56570" posx="20" posy="10" palette="/Menu/Palettes/MenuEquipmentBPal" />
	<element fileoffset="565E0" posx="21" posy="10" palette="/Menu/Palettes/MenuEquipmentCPal" />
	<element fileoffset="565F0" posx="22" posy="10" palette="/Menu/Palettes/MenuEquipmentCPal" />
	<element fileoffset="56600" posx="23" posy="10" palette="/Menu/Palettes/MenuEquipmentCPal" />
	<element fileoffset="56670" posx="24" posy="10" palette="/Menu/Palettes/MenuEquipmentDPal" />
	<element fileoffset="56680" posx="25" posy="10" palette="/Menu/Palettes/MenuEquipmentDPal" />
	<element fileoffset="56690" posx="26" posy="10" palette="/Menu/Palettes/MenuEquipmentDPal" />
	<element fileoffset="56700" posx="27" posy="10" palette="/Menu/Palettes/MenuEquipmentDPal" />
	<element fileoffset="56710" posx="28" posy="10" palette="/Menu/Palettes/MenuEquipmentDPal" />
	<element fileoffset="56720" posx="29" posy="10" palette="/Menu/Palettes/MenuEquipmentDPal" />
	<element fileoffset="4E4B0" posx="0" posy="11" />
	<element fileoffset="4E4C0" posx="1" posy="11" />
	<element fileoffset="4E4D0" posx="2" posy="11" />
	<element fileoffset="4E540" posx="3" posy="11" />
	<element fileoffset="4E550" posx="4" posy="11" />
	<element fileoffset="4E560" posx="5" posy="11" />
	<element fileoffset="4E5D0" posx="6" posy="11" />
	<element fileoffset="4E5E0" posx="7" posy="11" />
	<element fileoffset="4E5F0" posx="8" posy="11" />
	<element fileoffset="4E660" posx="9" posy="11" />
	<element fileoffset="4E670" posx="10" posy="11" />
	<element fileoffset="4E680" posx="11" posy="11" />
	<element fileoffset="4E6F0" posx="12" posy="11" />
	<element fileoffset="4E700" posx="13" posy="11" />
	<element fileoffset="4E710" posx="14" posy="11" />
	<element fileoffset="564F0" posx="15" posy="11" palette="/Menu/Palettes/MenuEquipmentAPal" />
	<element fileoffset="56500" posx="16" posy="11" palette="/Menu/Palettes/MenuEquipmentAPal" />
	<element fileoffset="56510" posx="17" posy="11" palette="/Menu/Palettes/MenuEquipmentAPal" />
	<element fileoffset="56580" posx="18" posy="11" palette="/Menu/Palettes/MenuEquipmentBPal" />
	<element fileoffset="56590" posx="19" posy="11" palette="/Menu/Palettes/MenuEquipmentBPal" />
	<element fileoffset="565A0" posx="20" posy="11" palette="/Menu/Palettes/MenuEquipmentBPal" />
	<element fileoffset="56610" posx="21" posy="11" palette="/Menu/Palettes/MenuEquipmentCPal" />
	<element fileoffset="56620" posx="22" posy="11" palette="/Menu/Palettes/MenuEquipmentCPal" />
	<element fileoffset="56630" posx="23" posy="11" palette="/Menu/Palettes/MenuEquipmentCPal" />
	<element fileoffset="566A0" posx="24" posy="11" palette="/Menu/Palettes/MenuEquipmentDPal" />
	<element fileoffset="566B0" posx="25" posy="11" palette="/Menu/Palettes/MenuEquipmentDPal" />
	<element fileoffset="566C0" posx="26" posy="11" palette="/Menu/Palettes/MenuEquipmentDPal" />
	<element fileoffset="56730" posx="27" posy="11" palette="/Menu/Palettes/MenuEquipmentDPal" />
	<element fileoffset="56740" posx="28" posy="11" palette="/Menu/Palettes/MenuEquipmentDPal" />
	<element fileoffset="56750" posx="29" posy="11" palette="/Menu/Palettes/MenuEquipmentDPal" />
	<element fileoffset="56F40" posx="0" posy="12" palette="/Menu/Palettes/MenuEquipmentAPal" />
	<element fileoffset="56F50" posx="1" posy="12" palette="/Menu/Palettes/MenuEquipmentAPal" />
	<element fileoffset="56F40" posx="2" posy="12" palette="/Menu/Palettes/MenuEquipmentBPal" />
	<element fileoffset="56F50" posx="3" posy="12" palette="/Menu/Palettes/MenuEquipmentBPal" />
	<element fileoffset="56F40" posx="4" posy="12" palette="/Menu/Palettes/MenuEquipmentCPal" />
	<element fileoffset="56F50" posx="5" posy="12" palette="/Menu/Palettes/MenuEquipmentCPal" />
	<element fileoffset="56F40" posx="6" posy="12" palette="/Menu/Palettes/MenuEquipmentDPal" />
	<element fileoffset="56F50" posx="7" posy="12" palette="/Menu/Palettes/MenuEquipmentDPal" />
	<element fileoffset="56E80" posx="8" posy="12" palette="/Menu/Palettes/MenuEquipmentAPal" />
	<element fileoffset="56E90" posx="9" posy="12" palette="/Menu/Palettes/MenuEquipmentAPal" />
	<element fileoffset="56E80" posx="10" posy="12" palette="/Menu/Palettes/MenuEquipmentBPal" />
	<element fileoffset="56E90" posx="11" posy="12" palette="/Menu/Palettes/MenuEquipmentBPal" />
	<element fileoffset="56E80" posx="12" posy="12" palette="/Menu/Palettes/MenuEquipmentCPal" />
	<element fileoffset="56E90" posx="13" posy="12" palette="/Menu/Palettes/MenuEquipmentCPal" />
	<element fileoffset="56E80" posx="14" posy="12" palette="/Menu/Palettes/MenuEquipmentDPal" />
	<element fileoffset="56E90" posx="15" posy="12" palette="/Menu/Palettes/MenuEquipmentDPal" />
	<element fileoffset="56A80" posx="16" posy="12" palette="/Menu/Palettes/MenuEquipmentAPal" />
	<element fileoffset="56A90" posx="17" posy="12" palette="/Menu/Palettes/MenuEquipmentAPal" />
	<element fileoffset="56AC0" posx="18" posy="12" palette="/Menu/Palettes/MenuEquipmentCPal" />
	<element fileoffset="56AD0" posx="19" posy="12" palette="/Menu/Palettes/MenuEquipmentCPal" />
	<element fileoffset="56B00" posx="20" posy="12" palette="/Menu/Palettes/MenuEquipmentAPal" />
	<element fileoffset="56B10" posx="21" posy="12" palette="/Menu/Palettes/MenuEquipmentAPal" />
	<element fileoffset="56B40" posx="22" posy="12" palette="/Menu/Palettes/MenuEquipmentCPal" />
	<element fileoffset="56B50" posx="23" posy="12" palette="/Menu/Palettes/MenuEquipmentCPal" />
	<element fileoffset="56B80" posx="24" posy="12" palette="/Menu/Palettes/MenuEquipmentBPal" />
	<element fileoffset="56B90" posx="25" posy="12" palette="/Menu/Palettes/MenuEquipmentBPal" />
	<element fileoffset="56BC0" posx="26" posy="12" palette="/Menu/Palettes/MenuEquipmentBPal" />
	<element fileoffset="56BD0" posx="27" posy="12" palette="/Menu/Palettes/MenuEquipmentBPal" />
	<element fileoffset="56C00" posx="28" posy="12" palette="/Menu/Palettes/MenuEquipmentAPal" />
	<element fileoffset="56C10" posx="29" posy="12" palette="/Menu/Palettes/MenuEquipmentAPal" />
	<element fileoffset="56F60" posx="0" posy="13" palette="/Menu/Palettes/MenuEquipmentAPal" />
	<element fileoffset="56F70" posx="1" posy="13" palette="/Menu/Palettes/MenuEquipmentAPal" />
	<element fileoffset="56F60" posx="2" posy="13" palette="/Menu/Palettes/MenuEquipmentBPal" />
	<element fileoffset="56F70" posx="3" posy="13" palette="/Menu/Palettes/MenuEquipmentBPal" />
	<element fileoffset="56F60" posx="4" posy="13" palette="/Menu/Palettes/MenuEquipmentCPal" />
	<element fileoffset="56F70" posx="5" posy="13" palette="/Menu/Palettes/MenuEquipmentCPal" />
	<element fileoffset="56F60" posx="6" posy="13" palette="/Menu/Palettes/MenuEquipmentDPal" />
	<element fileoffset="56F70" posx="7" posy="13" palette="/Menu/Palettes/MenuEquipmentDPal" />
	<element fileoffset="56EA0" posx="8" posy="13" palette="/Menu/Palettes/MenuEquipmentAPal" />
	<element fileoffset="56EB0" posx="9" posy="13" palette="/Menu/Palettes/MenuEquipmentAPal" />
	<element fileoffset="56EA0" posx="10" posy="13" palette="/Menu/Palettes/MenuEquipmentBPal" />
	<element fileoffset="56EB0" posx="11" posy="13" palette="/Menu/Palettes/MenuEquipmentBPal" />
	<element fileoffset="56EA0" posx="12" posy="13" palette="/Menu/Palettes/MenuEquipmentCPal" />
	<element fileoffset="56EB0" posx="13" posy="13" palette="/Menu/Palettes/MenuEquipmentCPal" />
	<element fileoffset="56EA0" posx="14" posy="13" palette="/Menu/Palettes/MenuEquipmentDPal" />
	<element fileoffset="56EB0" posx="15" posy="13" palette="/Menu/Palettes/MenuEquipmentDPal" />
	<element fileoffset="56AA0" posx="16" posy="13" palette="/Menu/Palettes/MenuEquipmentAPal" />
	<element fileoffset="56AB0" posx="17" posy="13" palette="/Menu/Palettes/MenuEquipmentAPal" />
	<element fileoffset="56AE0" posx="18" posy="13" palette="/Menu/Palettes/MenuEquipmentCPal" />
	<element fileoffset="56AF0" posx="19" posy="13" palette="/Menu/Palettes/MenuEquipmentCPal" />
	<element fileoffset="56B20" posx="20" posy="13" palette="/Menu/Palettes/MenuEquipmentAPal" />
	<element fileoffset="56B30" posx="21" posy="13" palette="/Menu/Palettes/MenuEquipmentAPal" />
	<element fileoffset="56B60" posx="22" posy="13" palette="/Menu/Palettes/MenuEquipmentCPal" />
	<element fileoffset="56B70" posx="23" posy="13" palette="/Menu/Palettes/MenuEquipmentCPal" />
	<element fileoffset="56BA0" posx="24" posy="13" palette="/Menu/Palettes/MenuEquipmentBPal" />
	<element fileoffset="56BB0" posx="25" posy="13" palette="/Menu/Palettes/MenuEquipmentBPal" />
	<element fileoffset="56BE0" posx="26" posy="13" palette="/Menu/Palettes/MenuEquipmentBPal" />
	<element fileoffset="56BF0" posx="27" posy="13" palette="/Menu/Palettes/MenuEquipmentBPal" />
	<element fileoffset="56C20" posx="28" posy="13" palette="/Menu/Palettes/MenuEquipmentAPal" />
	<element fileoffset="56C30" posx="29" posy="13" palette="/Menu/Palettes/MenuEquipmentAPal" />
	<element fileoffset="56A40" posx="0" posy="14" palette="/Menu/Palettes/MenuEquipmentBPal" />
	<element fileoffset="56A50" posx="1" posy="14" palette="/Menu/Palettes/MenuEquipmentBPal" />
	<element fileoffset="56880" posx="2" posy="14" palette="/Menu/Palettes/MenuEquipmentAPal" />
	<element fileoffset="56890" posx="3" posy="14" palette="/Menu/Palettes/MenuEquipmentAPal" />
	<element fileoffset="568C0" posx="4" posy="14" palette="/Menu/Palettes/MenuEquipmentAPal" />
	<element fileoffset="568D0" posx="5" posy="14" palette="/Menu/Palettes/MenuEquipmentAPal" />
	<element fileoffset="56900" posx="6" posy="14" palette="/Menu/Palettes/MenuEquipmentCPal" />
	<element fileoffset="56910" posx="7" posy="14" palette="/Menu/Palettes/MenuEquipmentCPal" />
	<element fileoffset="56940" posx="8" posy="14" palette="/Menu/Palettes/MenuEquipmentAPal" />
	<element fileoffset="56950" posx="9" posy="14" palette="/Menu/Palettes/MenuEquipmentAPal" />
	<element fileoffset="56980" posx="10" posy="14" palette="/Menu/Palettes/MenuEquipmentCPal" />
	<element fileoffset="56990" posx="11" posy="14" palette="/Menu/Palettes/MenuEquipmentCPal" />
	<element fileoffset="569C0" posx="12" posy="14" palette="/Menu/Palettes/MenuEquipmentBPal" />
	<element fileoffset="569D0" posx="13" posy="14" palette="/Menu/Palettes/MenuEquipmentBPal" />
	<element fileoffset="56A00" posx="14" posy="14" palette="/Menu/Palettes/MenuEquipmentBPal" />
	<element fileoffset="56A10" posx="15" posy="14" palette="/Menu/Palettes/MenuEquipmentBPal" />
	<element fileoffset="56A00" posx="16" posy="14" palette="/Menu/Palettes/MenuEquipmentAPal" />
	<element fileoffset="56A10" posx="17" posy="14" palette="/Menu/Palettes/MenuEquipmentAPal" />
	<element fileoffset="56C40" posx="18" posy="14" palette="/Menu/Palettes/MenuItemsAPal" />
	<element fileoffset="56C50" posx="19" posy="14" palette="/Menu/Palettes/MenuItemsAPal" />
	<element fileoffset="56C40" posx="20" posy="14" palette="/Menu/Palettes/MenuItemsDPal" />
	<element fileoffset="56C50" posx="21" posy="14" palette="/Menu/Palettes/MenuItemsDPal" />
	<element fileoffset="56C40" posx="22" posy="14" palette="/Menu/Palettes/MenuItemsBPal" />
	<element fileoffset="56C50" posx="23" posy="14" palette="/Menu/Palettes/MenuItemsBPal" />
	<element fileoffset="56C40" posx="24" posy="14" palette="/Menu/Palettes/MenuItemsCPal" />
	<element fileoffset="56C50" posx="25" posy="14" palette="/Menu/Palettes/MenuItemsCPal" />
	<element fileoffset="56C80" posx="26" posy="14" palette="/Menu/Palettes/MenuItemsBPal" />
	<element fileoffset="56C90" posx="27" posy="14" palette="/Menu/Palettes/MenuItemsBPal" />
	<element fileoffset="56C80" posx="28" posy="14" palette="/Menu/Palettes/MenuItemsAPal" />
	<element fileoffset="56C90" posx="29" posy="14" palette="/Menu/Palettes/MenuItemsAPal" />
	<element fileoffset="56A60" posx="0" posy="15" palette="/Menu/Palettes/MenuEquipmentBPal" />
	<element fileoffset="56A70" posx="1" posy="15" palette="/Menu/Palettes/MenuEquipmentBPal" />
	<element fileoffset="568A0" posx="2" posy="15" palette="/Menu/Palettes/MenuEquipmentAPal" />
	<element fileoffset="568B0" posx="3" posy="15" palette="/Menu/Palettes/MenuEquipmentAPal" />
	<element fileoffset="568E0" posx="4" posy="15" palette="/Menu/Palettes/MenuEquipmentAPal" />
	<element fileoffset="568F0" posx="5" posy="15" palette="/Menu/Palettes/MenuEquipmentAPal" />
	<element fileoffset="56920" posx="6" posy="15" palette="/Menu/Palettes/MenuEquipmentCPal" />
	<element fileoffset="56930" posx="7" posy="15" palette="/Menu/Palettes/MenuEquipmentCPal" />
	<element fileoffset="56960" posx="8" posy="15" palette="/Menu/Palettes/MenuEquipmentAPal" />
	<element fileoffset="56970" posx="9" posy="15" palette="/Menu/Palettes/MenuEquipmentAPal" />
	<element fileoffset="569A0" posx="10" posy="15" palette="/Menu/Palettes/MenuEquipmentCPal" />
	<element fileoffset="569B0" posx="11" posy="15" palette="/Menu/Palettes/MenuEquipmentCPal" />
	<element fileoffset="569E0" posx="12" posy="15" palette="/Menu/Palettes/MenuEquipmentBPal" />
	<element fileoffset="569F0" posx="13" posy="15" palette="/Menu/Palettes/MenuEquipmentBPal" />
	<element fileoffset="56A20" posx="14" posy="15" palette="/Menu/Palettes/MenuEquipmentBPal" />
	<element fileoffset="56A30" posx="15" posy="15" palette="/Menu/Palettes/MenuEquipmentBPal" />
	<element fileoffset="56A20" posx="16" posy="15" palette="/Menu/Palettes/MenuEquipmentAPal" />
	<element fileoffset="56A30" posx="17" posy="15" palette="/Menu/Palettes/MenuEquipmentAPal" />
	<element fileoffset="56C60" posx="18" posy="15" palette="/Menu/Palettes/MenuItemsAPal" />
	<element fileoffset="56C70" posx="19" posy="15" palette="/Menu/Palettes/MenuItemsAPal" />
	<element fileoffset="56C60" posx="20" posy="15" palette="/Menu/Palettes/MenuItemsDPal" />
	<element fileoffset="56C70" posx="21" posy="15" palette="/Menu/Palettes/MenuItemsDPal" />
	<element fileoffset="56C60" posx="22" posy="15" palette="/Menu/Palettes/MenuItemsBPal" />
	<element fileoffset="56C70" posx="23" posy="15" palette="/Menu/Palettes/MenuItemsBPal" />
	<element fileoffset="56C60" posx="24" posy="15" palette="/Menu/Palettes/MenuItemsCPal" />
	<element fileoffset="56C70" posx="25" posy="15" palette="/Menu/Palettes/MenuItemsCPal" />
	<element fileoffset="56CA0" posx="26" posy="15" palette="/Menu/Palettes/MenuItemsBPal" />
	<element fileoffset="56CB0" posx="27" posy="15" palette="/Menu/Palettes/MenuItemsBPal" />
	<element fileoffset="56CA0" posx="28" posy="15" palette="/Menu/Palettes/MenuItemsAPal" />
	<element fileoffset="56CB0" posx="29" posy="15" palette="/Menu/Palettes/MenuItemsAPal" />
	<element fileoffset="56C80" posx="0" posy="16" palette="/Menu/Palettes/MenuItemsCPal" />
	<element fileoffset="56C90" posx="1" posy="16" palette="/Menu/Palettes/MenuItemsCPal" />
	<element fileoffset="56F00" posx="2" posy="16" palette="/Menu/Palettes/MenuItemsDPal" />
	<element fileoffset="56F10" posx="3" posy="16" palette="/Menu/Palettes/MenuItemsDPal" />
	<element fileoffset="56F00" posx="4" posy="16" palette="/Menu/Palettes/MenuItemsAPal" />
	<element fileoffset="56F10" posx="5" posy="16" palette="/Menu/Palettes/MenuItemsAPal" />
	<element fileoffset="56F00" posx="6" posy="16" palette="/Menu/Palettes/MenuItemsBPal" />
	<element fileoffset="56F10" posx="7" posy="16" palette="/Menu/Palettes/MenuItemsBPal" />
	<element fileoffset="56F00" posx="8" posy="16" palette="/Menu/Palettes/MenuItemsCPal" />
	<element fileoffset="56F10" posx="9" posy="16" palette="/Menu/Palettes/MenuItemsCPal" />
	<element fileoffset="56D40" posx="10" posy="16" palette="/Menu/Palettes/MenuItemsDPal" />
	<element fileoffset="56D50" posx="11" posy="16" palette="/Menu/Palettes/MenuItemsDPal" />
	<element fileoffset="56D40" posx="12" posy="16" palette="/Menu/Palettes/MenuItemsAPal" />
	<element fileoffset="56D50" posx="13" posy="16" palette="/Menu/Palettes/MenuItemsAPal" />
	<element fileoffset="56D40" posx="14" posy="16" palette="/Menu/Palettes/MenuItemsCPal" />
	<element fileoffset="56D50" posx="15" posy="16" palette="/Menu/Palettes/MenuItemsCPal" />
	<element fileoffset="56D40" posx="16" posy="16" palette="/Menu/Palettes/MenuItemsBPal" />
	<element fileoffset="56D50" posx="17" posy="16" palette="/Menu/Palettes/MenuItemsBPal" />
	<element fileoffset="56E00" posx="18" posy="16" palette="/Menu/Palettes/MenuItemsCPal" />
	<element fileoffset="56E10" posx="19" posy="16" palette="/Menu/Palettes/MenuItemsCPal" />
	<element fileoffset="56E00" posx="20" posy="16" palette="/Menu/Palettes/MenuItemsBPal" />
	<element fileoffset="56E10" posx="21" posy="16" palette="/Menu/Palettes/MenuItemsBPal" />
	<element fileoffset="56E00" posx="22" posy="16" palette="/Menu/Palettes/MenuItemsAPal" />
	<element fileoffset="56E10" posx="23" posy="16" palette="/Menu/Palettes/MenuItemsAPal" />
	<element fileoffset="56DC0" posx="24" posy="16" palette="/Menu/Palettes/MenuItemsAPal" />
	<element fileoffset="56DD0" posx="25" posy="16" palette="/Menu/Palettes/MenuItemsAPal" />
	<element fileoffset="56DC0" posx="26" posy="16" palette="/Menu/Palettes/MenuItemsBPal" />
	<element fileoffset="56DD0" posx="27" posy="16" palette="/Menu/Palettes/MenuItemsBPal" />
	<element fileoffset="56D00" posx="28" posy="16" palette="/Menu/Palettes/MenuItemsCPal" />
	<element fileoffset="56D10" posx="29" posy="16" palette="/Menu/Palettes/MenuItemsCPal" />
	<element fileoffset="56CA0" posx="0" posy="17" palette="/Menu/Palettes/MenuItemsCPal" />
	<element fileoffset="56CB0" posx="1" posy="17" palette="/Menu/Palettes/MenuItemsCPal" />
	<element fileoffset="56F20" posx="2" posy="17" palette="/Menu/Palettes/MenuItemsDPal" />
	<element fileoffset="56F30" posx="3" posy="17" palette="/Menu/Palettes/MenuItemsDPal" />
	<element fileoffset="56F20" posx="4" posy="17" palette="/Menu/Palettes/MenuItemsAPal" />
	<element fileoffset="56F30" posx="5" posy="17" palette="/Menu/Palettes/MenuItemsAPal" />
	<element fileoffset="56F20" posx="6" posy="17" palette="/Menu/Palettes/MenuItemsBPal" />
	<element fileoffset="56F30" posx="7" posy="17" palette="/Menu/Palettes/MenuItemsBPal" />
	<element fileoffset="56F20" posx="8" posy="17" palette="/Menu/Palettes/MenuItemsCPal" />
	<element fileoffset="56F30" posx="9" posy="17" palette="/Menu/Palettes/MenuItemsCPal" />
	<element fileoffset="56D60" posx="10" posy="17" palette="/Menu/Palettes/MenuItemsDPal" />
	<element fileoffset="56D70" posx="11" posy="17" palette="/Menu/Palettes/MenuItemsDPal" />
	<element fileoffset="56D60" posx="12" posy="17" palette="/Menu/Palettes/MenuItemsAPal" />
	<element fileoffset="56D70" posx="13" posy="17" palette="/Menu/Palettes/MenuItemsAPal" />
	<element fileoffset="56D60" posx="14" posy="17" palette="/Menu/Palettes/MenuItemsCPal" />
	<element fileoffset="56D70" posx="15" posy="17" palette="/Menu/Palettes/MenuItemsCPal" />
	<element fileoffset="56D60" posx="16" posy="17" palette="/Menu/Palettes/MenuItemsBPal" />
	<element fileoffset="56D70" posx="17" posy="17" palette="/Menu/Palettes/MenuItemsBPal" />
	<element fileoffset="56E20" posx="18" posy="17" palette="/Menu/Palettes/MenuItemsCPal" />
	<element fileoffset="56E30" posx="19" posy="17" palette="/Menu/Palettes/MenuItemsCPal" />
	<element fileoffset="56E20" posx="20" posy="17" palette="/Menu/Palettes/MenuItemsBPal" />
	<element fileoffset="56E30" posx="21" posy="17" palette="/Menu/Palettes/MenuItemsBPal" />
	<element fileoffset="56E20" posx="22" posy="17" palette="/Menu/Palettes/MenuItemsAPal" />
	<element fileoffset="56E30" posx="23" posy="17" palette="/Menu/Palettes/MenuItemsAPal" />
	<element fileoffset="56DE0" posx="24" posy="17" palette="/Menu/Palettes/MenuItemsAPal" />
	<element fileoffset="56DF0" posx="25" posy="17" palette="/Menu/Palettes/MenuItemsAPal" />
	<element fileoffset="56DE0" posx="26" posy="17" palette="/Menu/Palettes/MenuItemsBPal" />
	<element fileoffset="56DF0" posx="27" posy="17" palette="/Menu/Palettes/MenuItemsBPal" />
	<element fileoffset="56D20" posx="28" posy="17" palette="/Menu/Palettes/MenuItemsCPal" />
	<element fileoffset="56D30" posx="29" posy="17" palette="/Menu/Palettes/MenuItemsCPal" />
	<element fileoffset="56DC0" posx="0" posy="18" palette="/Menu/Palettes/MenuItemsCPal" />
	<element fileoffset="56DD0" posx="1" posy="18" palette="/Menu/Palettes/MenuItemsCPal" />
	<element fileoffset="56DC0" posx="2" posy="18" palette="/Menu/Palettes/MenuItemsDPal" />
	<element fileoffset="56DD0" posx="3" posy="18" palette="/Menu/Palettes/MenuItemsDPal" />
	<element fileoffset="56D80" posx="4" posy="18" palette="/Menu/Palettes/MenuItemsBPal" />
	<element fileoffset="56D90" posx="5" posy="18" palette="/Menu/Palettes/MenuItemsBPal" />
	<element fileoffset="56D80" posx="6" posy="18" palette="/Menu/Palettes/MenuItemsCPal" />
	<element fileoffset="56D90" posx="7" posy="18" palette="/Menu/Palettes/MenuItemsCPal" />
	<element fileoffset="56D80" posx="8" posy="18" palette="/Menu/Palettes/MenuItemsAPal" />
	<element fileoffset="56D90" posx="9" posy="18" palette="/Menu/Palettes/MenuItemsAPal" />
	<element fileoffset="56E40" posx="10" posy="18" palette="/Menu/Palettes/MenuItemsAPal" />
	<element fileoffset="56E50" posx="11" posy="18" palette="/Menu/Palettes/MenuItemsAPal" />
	<element fileoffset="56E40" posx="12" posy="18" palette="/Menu/Palettes/MenuItemsBPal" />
	<element fileoffset="56E50" posx="13" posy="18" palette="/Menu/Palettes/MenuItemsBPal" />
	<element fileoffset="56CC0" posx="14" posy="18" palette="/Menu/Palettes/MenuItemsAPal" />
	<element fileoffset="56CD0" posx="15" posy="18" palette="/Menu/Palettes/MenuItemsAPal" />
	<element fileoffset="56CC0" posx="16" posy="18" palette="DefaultRgba32" />
	<element fileoffset="56CD0" posx="17" posy="18" palette="DefaultRgba32" />
	<element fileoffset="56EC0" posx="18" posy="18" palette="/Menu/Palettes/MenuItemsAPal" />
	<element fileoffset="56ED0" posx="19" posy="18" palette="/Menu/Palettes/MenuItemsAPal" />
	<element fileoffset="56EC0" posx="20" posy="18" palette="/Menu/Palettes/MenuItemsDPal" />
	<element fileoffset="56ED0" posx="21" posy="18" palette="/Menu/Palettes/MenuItemsDPal" />
	<element fileoffset="56EC0" posx="22" posy="18" palette="/Menu/Palettes/MenuItemsBPal" />
	<element fileoffset="56ED0" posx="23" posy="18" palette="/Menu/Palettes/MenuItemsBPal" />
	<element fileoffset="56F80" posx="24" posy="18" palette="/Menu/Palettes/MenuItemsDPal" />
	<element fileoffset="56F90" posx="25" posy="18" palette="/Menu/Palettes/MenuItemsDPal" />
	<element fileoffset="56F80" posx="26" posy="18" palette="/Menu/Palettes/MenuItemsBPal" />
	<element fileoffset="56F90" posx="27" posy="18" palette="/Menu/Palettes/MenuItemsBPal" />
	<element fileoffset="56F80" posx="28" posy="18" palette="/Menu/Palettes/MenuItemsCPal" />
	<element fileoffset="56F90" posx="29" posy="18" palette="/Menu/Palettes/MenuItemsCPal" />
	<element fileoffset="56DE0" posx="0" posy="19" palette="/Menu/Palettes/MenuItemsCPal" />
	<element fileoffset="56DF0" posx="1" posy="19" palette="/Menu/Palettes/MenuItemsCPal" />
	<element fileoffset="56DE0" posx="2" posy="19" palette="/Menu/Palettes/MenuItemsDPal" />
	<element fileoffset="56DF0" posx="3" posy="19" palette="/Menu/Palettes/MenuItemsDPal" />
	<element fileoffset="56DA0" posx="4" posy="19" palette="/Menu/Palettes/MenuItemsBPal" />
	<element fileoffset="56DB0" posx="5" posy="19" palette="/Menu/Palettes/MenuItemsBPal" />
	<element fileoffset="56DA0" posx="6" posy="19" palette="/Menu/Palettes/MenuItemsCPal" />
	<element fileoffset="56DB0" posx="7" posy="19" palette="/Menu/Palettes/MenuItemsCPal" />
	<element fileoffset="56DA0" posx="8" posy="19" palette="/Menu/Palettes/MenuItemsAPal" />
	<element fileoffset="56DB0" posx="9" posy="19" palette="/Menu/Palettes/MenuItemsAPal" />
	<element fileoffset="56E60" posx="10" posy="19" palette="/Menu/Palettes/MenuItemsAPal" />
	<element fileoffset="56E70" posx="11" posy="19" palette="/Menu/Palettes/MenuItemsAPal" />
	<element fileoffset="56E60" posx="12" posy="19" palette="/Menu/Palettes/MenuItemsBPal" />
	<element fileoffset="56E70" posx="13" posy="19" palette="/Menu/Palettes/MenuItemsBPal" />
	<element fileoffset="56CE0" posx="14" posy="19" palette="/Menu/Palettes/MenuItemsAPal" />
	<element fileoffset="56CF0" posx="15" posy="19" palette="/Menu/Palettes/MenuItemsAPal" />
	<element fileoffset="56CE0" posx="16" posy="19" palette="DefaultRgba32" />
	<element fileoffset="56CF0" posx="17" posy="19" palette="DefaultRgba32" />
	<element fileoffset="56EE0" posx="18" posy="19" palette="/Menu/Palettes/MenuItemsAPal" />
	<element fileoffset="56EF0" posx="19" posy="19" palette="/Menu/Palettes/MenuItemsAPal" />
	<element fileoffset="56EE0" posx="20" posy="19" palette="/Menu/Palettes/MenuItemsDPal" />
	<element fileoffset="56EF0" posx="21" posy="19" palette="/Menu/Palettes/MenuItemsDPal" />
	<element fileoffset="56EE0" posx="22" posy="19" palette="/Menu/Palettes/MenuItemsBPal" />
	<element fileoffset="56EF0" posx="23" posy="19" palette="/Menu/Palettes/MenuItemsBPal" />
	<element fileoffset="56FA0" posx="24" posy="19" palette="/Menu/Palettes/MenuItemsDPal" />
	<element fileoffset="56FB0" posx="25" posy="19" palette="/Menu/Palettes/MenuItemsDPal" />
	<element fileoffset="56FA0" posx="26" posy="19" palette="/Menu/Palettes/MenuItemsBPal" />
	<element fileoffset="56FB0" posx="27" posy="19" palette="/Menu/Palettes/MenuItemsBPal" />
	<element fileoffset="56FA0" posx="28" posy="19" palette="/Menu/Palettes/MenuItemsCPal" />
	<element fileoffset="56FB0" posx="29" posy="19" palette="/Menu/Palettes/MenuItemsCPal" />
	<element fileoffset="56010" posx="0" posy="20" palette="/Menu/Palettes/MenuItemsCPal" />
	<element fileoffset="56020" posx="1" posy="20" palette="/Menu/Palettes/MenuItemsCPal" />
	<element fileoffset="56030" posx="2" posy="20" palette="/Menu/Palettes/MenuItemsCPal" />
	<element fileoffset="560A0" posx="3" posy="20" palette="/Menu/Palettes/MenuItemsBPal" />
	<element fileoffset="560B0" posx="4" posy="20" palette="/Menu/Palettes/MenuItemsBPal" />
	<element fileoffset="560C0" posx="5" posy="20" palette="/Menu/Palettes/MenuItemsBPal" />
	<element fileoffset="56130" posx="6" posy="20" palette="/Menu/Palettes/MenuItemsDPal" />
	<element fileoffset="56140" posx="7" posy="20" palette="/Menu/Palettes/MenuItemsDPal" />
	<element fileoffset="56150" posx="8" posy="20" palette="/Menu/Palettes/MenuItemsDPal" />
	<element fileoffset="561C0" posx="9" posy="20" palette="/Menu/Palettes/MenuItemsDPal" />
	<element fileoffset="561D0" posx="10" posy="20" palette="/Menu/Palettes/MenuItemsDPal" />
	<element fileoffset="561E0" posx="11" posy="20" palette="/Menu/Palettes/MenuItemsDPal" />
	<element fileoffset="56250" posx="12" posy="20" palette="/Menu/Palettes/MenuItemsCPal" />
	<element fileoffset="56260" posx="13" posy="20" palette="/Menu/Palettes/MenuItemsCPal" />
	<element fileoffset="56270" posx="14" posy="20" palette="/Menu/Palettes/MenuItemsCPal" />
	<element fileoffset="562E0" posx="15" posy="20" palette="/Menu/Palettes/MenuItemsCPal" />
	<element fileoffset="562F0" posx="16" posy="20" palette="/Menu/Palettes/MenuItemsCPal" />
	<element fileoffset="56300" posx="17" posy="20" palette="/Menu/Palettes/MenuItemsCPal" />
	<element fileoffset="56370" posx="18" posy="20" palette="/Menu/Palettes/MenuItemsBPal" />
	<element fileoffset="56380" posx="19" posy="20" palette="/Menu/Palettes/MenuItemsBPal" />
	<element fileoffset="56390" posx="20" posy="20" palette="/Menu/Palettes/MenuItemsBPal" />
	<element fileoffset="56400" posx="21" posy="20" palette="/Menu/Palettes/MenuItemsCPal" />
	<element fileoffset="56410" posx="22" posy="20" palette="/Menu/Palettes/MenuItemsCPal" />
	<element fileoffset="56420" posx="23" posy="20" palette="/Menu/Palettes/MenuItemsCPal" />
	<element fileoffset="56760" posx="24" posy="20" palette="/Menu/Palettes/MenuEquipmentAPal" />
	<element fileoffset="56770" posx="25" posy="20" palette="/Menu/Palettes/MenuEquipmentAPal" />
	<element fileoffset="56780" posx="26" posy="20" palette="/Menu/Palettes/MenuEquipmentAPal" />
	<element fileoffset="567F0" posx="27" posy="20" palette="/Menu/Palettes/MenuEquipmentBPal" />
	<element fileoffset="56800" posx="28" posy="20" palette="/Menu/Palettes/MenuEquipmentBPal" />
	<element fileoffset="56810" posx="29" posy="20" palette="/Menu/Palettes/MenuEquipmentBPal" />
	<element fileoffset="56040" posx="0" posy="21" palette="/Menu/Palettes/MenuItemsCPal" />
	<element fileoffset="56050" posx="1" posy="21" palette="/Menu/Palettes/MenuItemsCPal" />
	<element fileoffset="56060" posx="2" posy="21" palette="/Menu/Palettes/MenuItemsCPal" />
	<element fileoffset="560D0" posx="3" posy="21" palette="/Menu/Palettes/MenuItemsBPal" />
	<element fileoffset="560E0" posx="4" posy="21" palette="/Menu/Palettes/MenuItemsBPal" />
	<element fileoffset="560F0" posx="5" posy="21" palette="/Menu/Palettes/MenuItemsBPal" />
	<element fileoffset="56160" posx="6" posy="21" palette="/Menu/Palettes/MenuItemsDPal" />
	<element fileoffset="56170" posx="7" posy="21" palette="/Menu/Palettes/MenuItemsDPal" />
	<element fileoffset="56180" posx="8" posy="21" palette="/Menu/Palettes/MenuItemsDPal" />
	<element fileoffset="561F0" posx="9" posy="21" palette="/Menu/Palettes/MenuItemsDPal" />
	<element fileoffset="56200" posx="10" posy="21" palette="/Menu/Palettes/MenuItemsDPal" />
	<element fileoffset="56210" posx="11" posy="21" palette="/Menu/Palettes/MenuItemsDPal" />
	<element fileoffset="56280" posx="12" posy="21" palette="/Menu/Palettes/MenuItemsCPal" />
	<element fileoffset="56290" posx="13" posy="21" palette="/Menu/Palettes/MenuItemsCPal" />
	<element fileoffset="562A0" posx="14" posy="21" palette="/Menu/Palettes/MenuItemsCPal" />
	<element fileoffset="56310" posx="15" posy="21" palette="/Menu/Palettes/MenuItemsCPal" />
	<element fileoffset="56320" posx="16" posy="21" palette="/Menu/Palettes/MenuItemsCPal" />
	<element fileoffset="56330" posx="17" posy="21" palette="/Menu/Palettes/MenuItemsCPal" />
	<element fileoffset="563A0" posx="18" posy="21" palette="/Menu/Palettes/MenuItemsBPal" />
	<element fileoffset="563B0" posx="19" posy="21" palette="/Menu/Palettes/MenuItemsBPal" />
	<element fileoffset="563C0" posx="20" posy="21" palette="/Menu/Palettes/MenuItemsBPal" />
	<element fileoffset="56430" posx="21" posy="21" palette="/Menu/Palettes/MenuItemsCPal" />
	<element fileoffset="56440" posx="22" posy="21" palette="/Menu/Palettes/MenuItemsCPal" />
	<element fileoffset="56450" posx="23" posy="21" palette="/Menu/Palettes/MenuItemsCPal" />
	<element fileoffset="56790" posx="24" posy="21" palette="/Menu/Palettes/MenuEquipmentAPal" />
	<element fileoffset="567A0" posx="25" posy="21" palette="/Menu/Palettes/MenuEquipmentAPal" />
	<element fileoffset="567B0" posx="26" posy="21" palette="/Menu/Palettes/MenuEquipmentAPal" />
	<element fileoffset="56820" posx="27" posy="21" palette="/Menu/Palettes/MenuEquipmentBPal" />
	<element fileoffset="56830" posx="28" posy="21" palette="/Menu/Palettes/MenuEquipmentBPal" />
	<element fileoffset="56840" posx="29" posy="21" palette="/Menu/Palettes/MenuEquipmentBPal" />
	<element fileoffset="56070" posx="0" posy="22" palette="/Menu/Palettes/MenuItemsCPal" />
	<element fileoffset="56080" posx="1" posy="22" palette="/Menu/Palettes/MenuItemsCPal" />
	<element fileoffset="56090" posx="2" posy="22" palette="/Menu/Palettes/MenuItemsCPal" />
	<element fileoffset="56100" posx="3" posy="22" palette="/Menu/Palettes/MenuItemsBPal" />
	<element fileoffset="56110" posx="4" posy="22" palette="/Menu/Palettes/MenuItemsBPal" />
	<element fileoffset="56120" posx="5" posy="22" palette="/Menu/Palettes/MenuItemsBPal" />
	<element fileoffset="56190" posx="6" posy="22" palette="/Menu/Palettes/MenuItemsDPal" />
	<element fileoffset="561A0" posx="7" posy="22" palette="/Menu/Palettes/MenuItemsDPal" />
	<element fileoffset="561B0" posx="8" posy="22" palette="/Menu/Palettes/MenuItemsDPal" />
	<element fileoffset="56220" posx="9" posy="22" palette="/Menu/Palettes/MenuItemsDPal" />
	<element fileoffset="56230" posx="10" posy="22" palette="/Menu/Palettes/MenuItemsDPal" />
	<element fileoffset="56240" posx="11" posy="22" palette="/Menu/Palettes/MenuItemsDPal" />
	<element fileoffset="562B0" posx="12" posy="22" palette="/Menu/Palettes/MenuItemsCPal" />
	<element fileoffset="562C0" posx="13" posy="22" palette="/Menu/Palettes/MenuItemsCPal" />
	<element fileoffset="562D0" posx="14" posy="22" palette="/Menu/Palettes/MenuItemsCPal" />
	<element fileoffset="56340" posx="15" posy="22" palette="/Menu/Palettes/MenuItemsCPal" />
	<element fileoffset="56350" posx="16" posy="22" palette="/Menu/Palettes/MenuItemsCPal" />
	<element fileoffset="56360" posx="17" posy="22" palette="/Menu/Palettes/MenuItemsCPal" />
	<element fileoffset="563D0" posx="18" posy="22" palette="/Menu/Palettes/MenuItemsBPal" />
	<element fileoffset="563E0" posx="19" posy="22" palette="/Menu/Palettes/MenuItemsBPal" />
	<element fileoffset="563F0" posx="20" posy="22" palette="/Menu/Palettes/MenuItemsBPal" />
	<element fileoffset="56460" posx="21" posy="22" palette="/Menu/Palettes/MenuItemsCPal" />
	<element fileoffset="56470" posx="22" posy="22" palette="/Menu/Palettes/MenuItemsCPal" />
	<element fileoffset="56480" posx="23" posy="22" palette="/Menu/Palettes/MenuItemsCPal" />
	<element fileoffset="567C0" posx="24" posy="22" palette="/Menu/Palettes/MenuEquipmentAPal" />
	<element fileoffset="567D0" posx="25" posy="22" palette="/Menu/Palettes/MenuEquipmentAPal" />
	<element fileoffset="567E0" posx="26" posy="22" palette="/Menu/Palettes/MenuEquipmentAPal" />
	<element fileoffset="56850" posx="27" posy="22" palette="/Menu/Palettes/MenuEquipmentBPal" />
	<element fileoffset="56860" posx="28" posy="22" palette="/Menu/Palettes/MenuEquipmentBPal" />
	<element fileoffset="56870" posx="29" posy="22" palette="/Menu/Palettes/MenuEquipmentBPal" />
</arranger>