<?xml version="1.0" encoding="utf-16"?>
<arranger elementsx="6" elementsy="24" width="8" height="8" layout="tiled" color="indexed" defaultcodec="SNES 3bpp" defaultdatafile="/FF2" defaultpalette="DefaultRgba32">
	<element fileoffset="54D40" posx="0" posy="0" />
	<element fileoffset="54D58" posx="1" posy="0" />
	<element fileoffset="54D70" posx="2" posy="0" />
	<element fileoffset="54D88" posx="3" posy="0" />
	<element fileoffset="54DA0" posx="4" posy="0" />
	<element fileoffset="54DB8" posx="5" posy="0" />
	<element fileoffset="54DD0" posx="0" posy="1" />
	<element fileoffset="54DE8" posx="1" posy="1" />
	<element fileoffset="54E00" posx="2" posy="1" />
	<element fileoffset="54E18" posx="3" posy="1" />
	<element fileoffset="54E30" posx="4" posy="1" />
	<element fileoffset="54E48" posx="5" posy="1" />
	<element fileoffset="54E60" posx="0" posy="2" />
	<element fileoffset="54E78" posx="1" posy="2" />
	<element fileoffset="54E90" posx="2" posy="2" />
	<element fileoffset="54EA8" posx="3" posy="2" />
	<element fileoffset="54EC0" posx="4" posy="2" />
	<element fileoffset="54ED8" posx="5" posy="2" />
	<element fileoffset="54EF0" posx="0" posy="3" />
	<element fileoffset="54F08" posx="1" posy="3" />
	<element fileoffset="54F20" posx="2" posy="3" />
	<element fileoffset="54F38" posx="3" posy="3" />
	<element fileoffset="54F50" posx="4" posy="3" />
	<element fileoffset="54F68" posx="5" posy="3" />
	<element fileoffset="54F80" posx="0" posy="4" />
	<element fileoffset="54F98" posx="1" posy="4" />
	<element fileoffset="54FB0" posx="2" posy="4" />
	<element fileoffset="54FC8" posx="3" posy="4" />
	<element fileoffset="54FE0" posx="4" posy="4" />
	<element fileoffset="54FF8" posx="5" posy="4" />
	<element fileoffset="55010" posx="0" posy="5" />
	<element fileoffset="55028" posx="1" posy="5" />
	<element fileoffset="55040" posx="2" posy="5" />
	<element fileoffset="55058" posx="3" posy="5" />
	<element fileoffset="55070" posx="4" posy="5" />
	<element fileoffset="55088" posx="5" posy="5" />
	<element fileoffset="550A0" posx="0" posy="6" />
	<element fileoffset="550B8" posx="1" posy="6" />
	<element fileoffset="550D0" posx="2" posy="6" />
	<element fileoffset="550E8" posx="3" posy="6" />
	<element fileoffset="55100" posx="4" posy="6" />
	<element fileoffset="55118" posx="5" posy="6" />
	<element fileoffset="55130" posx="0" posy="7" />
	<element fileoffset="55148" posx="1" posy="7" />
	<element fileoffset="55160" posx="2" posy="7" />
	<element fileoffset="55178" posx="3" posy="7" />
	<element fileoffset="55190" posx="4" posy="7" />
	<element fileoffset="551A8" posx="5" posy="7" />
	<element fileoffset="551C0" posx="0" posy="8" />
	<element fileoffset="551D8" posx="1" posy="8" />
	<element fileoffset="551F0" posx="2" posy="8" />
	<element fileoffset="55208" posx="3" posy="8" />
	<element fileoffset="55220" posx="4" posy="8" />
	<element fileoffset="55238" posx="5" posy="8" />
	<element fileoffset="55250" posx="0" posy="9" />
	<element fileoffset="55268" posx="1" posy="9" />
	<element fileoffset="55280" posx="2" posy="9" />
	<element fileoffset="55298" posx="3" posy="9" />
	<element fileoffset="552B0" posx="4" posy="9" />
	<element fileoffset="552C8" posx="5" posy="9" />
	<element fileoffset="552E0" posx="0" posy="10" />
	<element fileoffset="552F8" posx="1" posy="10" />
	<element fileoffset="55310" posx="2" posy="10" />
	<element fileoffset="55328" posx="3" posy="10" />
	<element fileoffset="55340" posx="4" posy="10" />
	<element fileoffset="55358" posx="5" posy="10" />
	<element fileoffset="55370" posx="0" posy="11" />
	<element fileoffset="55388" posx="1" posy="11" />
	<element fileoffset="553A0" posx="2" posy="11" />
	<element fileoffset="553B8" posx="3" posy="11" />
	<element fileoffset="553D0" posx="4" posy="11" />
	<element fileoffset="553E8" posx="5" posy="11" />
	<element fileoffset="55400" posx="0" posy="12" />
	<element fileoffset="55418" posx="1" posy="12" />
	<element fileoffset="55430" posx="2" posy="12" />
	<element fileoffset="55448" posx="3" posy="12" />
	<element fileoffset="55460" posx="4" posy="12" />
	<element fileoffset="55478" posx="5" posy="12" />
	<element fileoffset="55490" posx="0" posy="13" />
	<element fileoffset="554A8" posx="1" posy="13" />
	<element fileoffset="554C0" posx="2" posy="13" />
	<element fileoffset="554D8" posx="3" posy="13" />
	<element fileoffset="554F0" posx="4" posy="13" />
	<element fileoffset="55508" posx="5" posy="13" />
	<element fileoffset="55520" posx="0" posy="14" />
	<element fileoffset="55538" posx="1" posy="14" />
	<element fileoffset="55550" posx="2" posy="14" />
	<element fileoffset="55568" posx="3" posy="14" />
	<element fileoffset="55580" posx="4" posy="14" />
	<element fileoffset="55598" posx="5" posy="14" />
	<element fileoffset="555B0" posx="0" posy="15" />
	<element fileoffset="555C8" posx="1" posy="15" />
	<element fileoffset="555E0" posx="2" posy="15" />
	<element fileoffset="555F8" posx="3" posy="15" />
	<element fileoffset="55610" posx="4" posy="15" />
	<element fileoffset="55628" posx="5" posy="15" />
	<element fileoffset="55640" posx="0" posy="16" />
	<element fileoffset="55658" posx="1" posy="16" />
	<element fileoffset="55670" posx="2" posy="16" />
	<element fileoffset="55688" posx="3" posy="16" />
	<element fileoffset="556A0" posx="4" posy="16" />
	<element fileoffset="556B8" posx="5" posy="16" />
	<element fileoffset="556D0" posx="0" posy="17" />
	<element fileoffset="556E8" posx="1" posy="17" />
	<element fileoffset="55700" posx="2" posy="17" />
	<element fileoffset="55718" posx="3" posy="17" />
	<element fileoffset="55730" posx="4" posy="17" />
	<element fileoffset="55748" posx="5" posy="17" />
	<element fileoffset="55760" posx="0" posy="18" />
	<element fileoffset="55778" posx="1" posy="18" />
	<element fileoffset="55790" posx="2" posy="18" />
	<element fileoffset="557A8" posx="3" posy="18" />
	<element fileoffset="557C0" posx="4" posy="18" />
	<element fileoffset="557D8" posx="5" posy="18" />
	<element fileoffset="557F0" posx="0" posy="19" />
	<element fileoffset="55808" posx="1" posy="19" />
	<element fileoffset="55820" posx="2" posy="19" />
	<element fileoffset="55838" posx="3" posy="19" />
	<element fileoffset="55850" posx="4" posy="19" />
	<element fileoffset="55868" posx="5" posy="19" />
	<element fileoffset="55880" posx="0" posy="20" />
	<element fileoffset="55898" posx="1" posy="20" />
	<element fileoffset="558B0" posx="2" posy="20" />
	<element fileoffset="558C8" posx="3" posy="20" />
	<element fileoffset="558E0" posx="4" posy="20" />
	<element fileoffset="558F8" posx="5" posy="20" />
	<element fileoffset="55910" posx="0" posy="21" />
	<element fileoffset="55928" posx="1" posy="21" />
	<element fileoffset="55940" posx="2" posy="21" />
	<element fileoffset="55958" posx="3" posy="21" />
	<element fileoffset="55970" posx="4" posy="21" />
	<element fileoffset="55988" posx="5" posy="21" />
	<element fileoffset="559A0" posx="0" posy="22" />
	<element fileoffset="559B8" posx="1" posy="22" />
	<element fileoffset="559D0" posx="2" posy="22" />
	<element fileoffset="559E8" posx="3" posy="22" />
	<element fileoffset="55A00" posx="4" posy="22" />
	<element fileoffset="55A18" posx="5" posy="22" />
	<element fileoffset="55A30" posx="0" posy="23" />
	<element fileoffset="55A48" posx="1" posy="23" />
	<element fileoffset="55A60" posx="2" posy="23" />
	<element fileoffset="55A78" posx="3" posy="23" />
	<element fileoffset="55A90" posx="4" posy="23" />
	<element fileoffset="55AA8" posx="5" posy="23" />
</arranger>