<?xml version="1.0" encoding="utf-16"?>
<arranger elementsx="8" elementsy="24" width="8" height="8" layout="tiled" color="indexed" defaultcodec="SNES 3bpp" defaultdatafile="/FF2" defaultpalette="DefaultRgba32">
	<element fileoffset="50000" posx="0" posy="0" />
	<element fileoffset="50018" posx="1" posy="0" />
	<element fileoffset="50030" posx="2" posy="0" />
	<element fileoffset="50048" posx="3" posy="0" />
	<element fileoffset="50900" posx="4" posy="0" />
	<element fileoffset="50918" posx="5" posy="0" />
	<element fileoffset="50930" posx="6" posy="0" />
	<element fileoffset="50948" posx="7" posy="0" />
	<element fileoffset="50060" posx="0" posy="1" />
	<element fileoffset="50078" posx="1" posy="1" />
	<element fileoffset="50090" posx="2" posy="1" />
	<element fileoffset="500A8" posx="3" posy="1" />
	<element fileoffset="50960" posx="4" posy="1" />
	<element fileoffset="50978" posx="5" posy="1" />
	<element fileoffset="50990" posx="6" posy="1" />
	<element fileoffset="509A8" posx="7" posy="1" />
	<element fileoffset="500C0" posx="0" posy="2" />
	<element fileoffset="500D8" posx="1" posy="2" />
	<element fileoffset="500F0" posx="2" posy="2" />
	<element fileoffset="50108" posx="3" posy="2" />
	<element fileoffset="509C0" posx="4" posy="2" />
	<element fileoffset="509D8" posx="5" posy="2" />
	<element fileoffset="509F0" posx="6" posy="2" />
	<element fileoffset="50A08" posx="7" posy="2" />
	<element fileoffset="50120" posx="0" posy="3" />
	<element fileoffset="50138" posx="1" posy="3" />
	<element fileoffset="50150" posx="2" posy="3" />
	<element fileoffset="50168" posx="3" posy="3" />
	<element fileoffset="50A20" posx="4" posy="3" />
	<element fileoffset="50A38" posx="5" posy="3" />
	<element fileoffset="50A50" posx="6" posy="3" />
	<element fileoffset="50A68" posx="7" posy="3" />
	<element fileoffset="50180" posx="0" posy="4" />
	<element fileoffset="50198" posx="1" posy="4" />
	<element fileoffset="501B0" posx="2" posy="4" />
	<element fileoffset="501C8" posx="3" posy="4" />
	<element fileoffset="50A80" posx="4" posy="4" />
	<element fileoffset="50A98" posx="5" posy="4" />
	<element fileoffset="50AB0" posx="6" posy="4" />
	<element fileoffset="50AC8" posx="7" posy="4" />
	<element fileoffset="501E0" posx="0" posy="5" />
	<element fileoffset="501F8" posx="1" posy="5" />
	<element fileoffset="50210" posx="2" posy="5" />
	<element fileoffset="50228" posx="3" posy="5" />
	<element fileoffset="50AE0" posx="4" posy="5" />
	<element fileoffset="50AF8" posx="5" posy="5" />
	<element fileoffset="50B10" posx="6" posy="5" />
	<element fileoffset="50B28" posx="7" posy="5" />
	<element fileoffset="50240" posx="0" posy="6" />
	<element fileoffset="50258" posx="1" posy="6" />
	<element fileoffset="50270" posx="2" posy="6" />
	<element fileoffset="50288" posx="3" posy="6" />
	<element fileoffset="50B40" posx="4" posy="6" />
	<element fileoffset="50B58" posx="5" posy="6" />
	<element fileoffset="50B70" posx="6" posy="6" />
	<element fileoffset="50B88" posx="7" posy="6" />
	<element fileoffset="502A0" posx="0" posy="7" />
	<element fileoffset="502B8" posx="1" posy="7" />
	<element fileoffset="502D0" posx="2" posy="7" />
	<element fileoffset="502E8" posx="3" posy="7" />
	<element fileoffset="50BA0" posx="4" posy="7" />
	<element fileoffset="50BB8" posx="5" posy="7" />
	<element fileoffset="50BD0" posx="6" posy="7" />
	<element fileoffset="50BE8" posx="7" posy="7" />
	<element fileoffset="50300" posx="0" posy="8" />
	<element fileoffset="50318" posx="1" posy="8" />
	<element fileoffset="50330" posx="2" posy="8" />
	<element fileoffset="50348" posx="3" posy="8" />
	<element fileoffset="50C00" posx="4" posy="8" />
	<element fileoffset="50C18" posx="5" posy="8" />
	<element fileoffset="50C30" posx="6" posy="8" />
	<element fileoffset="50C48" posx="7" posy="8" />
	<element fileoffset="50360" posx="0" posy="9" />
	<element fileoffset="50378" posx="1" posy="9" />
	<element fileoffset="50390" posx="2" posy="9" />
	<element fileoffset="503A8" posx="3" posy="9" />
	<element fileoffset="50C60" posx="4" posy="9" />
	<element fileoffset="50C78" posx="5" posy="9" />
	<element fileoffset="50C90" posx="6" posy="9" />
	<element fileoffset="50CA8" posx="7" posy="9" />
	<element fileoffset="503C0" posx="0" posy="10" />
	<element fileoffset="503D8" posx="1" posy="10" />
	<element fileoffset="503F0" posx="2" posy="10" />
	<element fileoffset="50408" posx="3" posy="10" />
	<element fileoffset="50CC0" posx="4" posy="10" />
	<element fileoffset="50CD8" posx="5" posy="10" />
	<element fileoffset="50CF0" posx="6" posy="10" />
	<element fileoffset="50D08" posx="7" posy="10" />
	<element fileoffset="50420" posx="0" posy="11" />
	<element fileoffset="50438" posx="1" posy="11" />
	<element fileoffset="50450" posx="2" posy="11" />
	<element fileoffset="50468" posx="3" posy="11" />
	<element fileoffset="50D20" posx="4" posy="11" />
	<element fileoffset="50D38" posx="5" posy="11" />
	<element fileoffset="50D50" posx="6" posy="11" />
	<element fileoffset="50D68" posx="7" posy="11" />
	<element fileoffset="50480" posx="0" posy="12" />
	<element fileoffset="50498" posx="1" posy="12" />
	<element fileoffset="504B0" posx="2" posy="12" />
	<element fileoffset="504C8" posx="3" posy="12" />
	<element fileoffset="50D80" posx="4" posy="12" />
	<element fileoffset="50D98" posx="5" posy="12" />
	<element fileoffset="50DB0" posx="6" posy="12" />
	<element fileoffset="50DC8" posx="7" posy="12" />
	<element fileoffset="504E0" posx="0" posy="13" />
	<element fileoffset="504F8" posx="1" posy="13" />
	<element fileoffset="50510" posx="2" posy="13" />
	<element fileoffset="50528" posx="3" posy="13" />
	<element fileoffset="50DE0" posx="4" posy="13" />
	<element fileoffset="50DF8" posx="5" posy="13" />
	<element fileoffset="50E10" posx="6" posy="13" />
	<element fileoffset="50E28" posx="7" posy="13" />
	<element fileoffset="50540" posx="0" posy="14" />
	<element fileoffset="50558" posx="1" posy="14" />
	<element fileoffset="50570" posx="2" posy="14" />
	<element fileoffset="50588" posx="3" posy="14" />
	<element fileoffset="50E40" posx="4" posy="14" />
	<element fileoffset="50E58" posx="5" posy="14" />
	<element fileoffset="50E70" posx="6" posy="14" />
	<element fileoffset="50E88" posx="7" posy="14" />
	<element fileoffset="505A0" posx="0" posy="15" />
	<element fileoffset="505B8" posx="1" posy="15" />
	<element fileoffset="505D0" posx="2" posy="15" />
	<element fileoffset="505E8" posx="3" posy="15" />
	<element fileoffset="50EA0" posx="4" posy="15" />
	<element fileoffset="50EB8" posx="5" posy="15" />
	<element fileoffset="50ED0" posx="6" posy="15" />
	<element fileoffset="50EE8" posx="7" posy="15" />
	<element fileoffset="50600" posx="0" posy="16" />
	<element fileoffset="50618" posx="1" posy="16" />
	<element fileoffset="50630" posx="2" posy="16" />
	<element fileoffset="50648" posx="3" posy="16" />
	<element fileoffset="50F00" posx="4" posy="16" />
	<element fileoffset="50F18" posx="5" posy="16" />
	<element fileoffset="50F30" posx="6" posy="16" />
	<element fileoffset="50F48" posx="7" posy="16" />
	<element fileoffset="50660" posx="0" posy="17" />
	<element fileoffset="50678" posx="1" posy="17" />
	<element fileoffset="50690" posx="2" posy="17" />
	<element fileoffset="506A8" posx="3" posy="17" />
	<element fileoffset="50F60" posx="4" posy="17" />
	<element fileoffset="50F78" posx="5" posy="17" />
	<element fileoffset="50F90" posx="6" posy="17" />
	<element fileoffset="50FA8" posx="7" posy="17" />
	<element fileoffset="506C0" posx="0" posy="18" />
	<element fileoffset="506D8" posx="1" posy="18" />
	<element fileoffset="506F0" posx="2" posy="18" />
	<element fileoffset="50708" posx="3" posy="18" />
	<element fileoffset="50FC0" posx="4" posy="18" />
	<element fileoffset="50FD8" posx="5" posy="18" />
	<element fileoffset="50FF0" posx="6" posy="18" />
	<element fileoffset="51008" posx="7" posy="18" />
	<element fileoffset="50720" posx="0" posy="19" />
	<element fileoffset="50738" posx="1" posy="19" />
	<element fileoffset="50750" posx="2" posy="19" />
	<element fileoffset="50768" posx="3" posy="19" />
	<element fileoffset="51020" posx="4" posy="19" />
	<element fileoffset="51038" posx="5" posy="19" />
	<element fileoffset="51050" posx="6" posy="19" />
	<element fileoffset="51068" posx="7" posy="19" />
	<element fileoffset="50780" posx="0" posy="20" />
	<element fileoffset="50798" posx="1" posy="20" />
	<element fileoffset="507B0" posx="2" posy="20" />
	<element fileoffset="507C8" posx="3" posy="20" />
	<element fileoffset="51080" posx="4" posy="20" />
	<element fileoffset="51098" posx="5" posy="20" />
	<element fileoffset="510B0" posx="6" posy="20" />
	<element fileoffset="510C8" posx="7" posy="20" />
	<element fileoffset="507E0" posx="0" posy="21" />
	<element fileoffset="507F8" posx="1" posy="21" />
	<element fileoffset="50810" posx="2" posy="21" />
	<element fileoffset="50828" posx="3" posy="21" />
	<element fileoffset="510E0" posx="4" posy="21" />
	<element fileoffset="510F8" posx="5" posy="21" />
	<element fileoffset="51110" posx="6" posy="21" />
	<element fileoffset="51128" posx="7" posy="21" />
	<element fileoffset="50840" posx="0" posy="22" />
	<element fileoffset="50858" posx="1" posy="22" />
	<element fileoffset="50870" posx="2" posy="22" />
	<element fileoffset="50888" posx="3" posy="22" />
	<element fileoffset="51140" posx="4" posy="22" />
	<element fileoffset="51158" posx="5" posy="22" />
	<element fileoffset="51170" posx="6" posy="22" />
	<element fileoffset="51188" posx="7" posy="22" />
	<element fileoffset="508A0" posx="0" posy="23" />
	<element fileoffset="508B8" posx="1" posy="23" />
	<element fileoffset="508D0" posx="2" posy="23" />
	<element fileoffset="508E8" posx="3" posy="23" />
	<element fileoffset="511A0" posx="4" posy="23" />
	<element fileoffset="511B8" posx="5" posy="23" />
	<element fileoffset="511D0" posx="6" posy="23" />
	<element fileoffset="511E8" posx="7" posy="23" />
</arranger>