<?xml version="1.0" encoding="utf-16"?>
<arranger elementsx="24" elementsy="24" width="8" height="8" layout="tiled" color="indexed" defaultcodec="SNES 3bpp" defaultdatafile="/FF2" defaultpalette="DefaultRgba32">
	<element fileoffset="51D40" posx="0" posy="0" />
	<element fileoffset="51D58" posx="1" posy="0" />
	<element fileoffset="51D70" posx="2" posy="0" />
	<element fileoffset="51D88" posx="3" posy="0" />
	<element fileoffset="51DA0" posx="4" posy="0" />
	<element fileoffset="51DB8" posx="5" posy="0" />
	<element fileoffset="51DD0" posx="6" posy="0" />
	<element fileoffset="51DE8" posx="7" posy="0" />
	<element fileoffset="52F40" posx="8" posy="0" />
	<element fileoffset="52F58" posx="9" posy="0" />
	<element fileoffset="52F70" posx="10" posy="0" />
	<element fileoffset="52F88" posx="11" posy="0" />
	<element fileoffset="52FA0" posx="12" posy="0" />
	<element fileoffset="52FB8" posx="13" posy="0" />
	<element fileoffset="52FD0" posx="14" posy="0" />
	<element fileoffset="52FE8" posx="15" posy="0" />
	<element fileoffset="54140" posx="16" posy="0" />
	<element fileoffset="54158" posx="17" posy="0" />
	<element fileoffset="54170" posx="18" posy="0" />
	<element fileoffset="54188" posx="19" posy="0" />
	<element fileoffset="541A0" posx="20" posy="0" />
	<element fileoffset="541B8" posx="21" posy="0" />
	<element fileoffset="541D0" posx="22" posy="0" />
	<element fileoffset="541E8" posx="23" posy="0" />
	<element fileoffset="51E00" posx="0" posy="1" />
	<element fileoffset="51E18" posx="1" posy="1" />
	<element fileoffset="51E30" posx="2" posy="1" />
	<element fileoffset="51E48" posx="3" posy="1" />
	<element fileoffset="51E60" posx="4" posy="1" />
	<element fileoffset="51E78" posx="5" posy="1" />
	<element fileoffset="51E90" posx="6" posy="1" />
	<element fileoffset="51EA8" posx="7" posy="1" />
	<element fileoffset="53000" posx="8" posy="1" />
	<element fileoffset="53018" posx="9" posy="1" />
	<element fileoffset="53030" posx="10" posy="1" />
	<element fileoffset="53048" posx="11" posy="1" />
	<element fileoffset="53060" posx="12" posy="1" />
	<element fileoffset="53078" posx="13" posy="1" />
	<element fileoffset="53090" posx="14" posy="1" />
	<element fileoffset="530A8" posx="15" posy="1" />
	<element fileoffset="54200" posx="16" posy="1" />
	<element fileoffset="54218" posx="17" posy="1" />
	<element fileoffset="54230" posx="18" posy="1" />
	<element fileoffset="54248" posx="19" posy="1" />
	<element fileoffset="54260" posx="20" posy="1" />
	<element fileoffset="54278" posx="21" posy="1" />
	<element fileoffset="54290" posx="22" posy="1" />
	<element fileoffset="542A8" posx="23" posy="1" />
	<element fileoffset="51EC0" posx="0" posy="2" />
	<element fileoffset="51ED8" posx="1" posy="2" />
	<element fileoffset="51EF0" posx="2" posy="2" />
	<element fileoffset="51F08" posx="3" posy="2" />
	<element fileoffset="51F20" posx="4" posy="2" />
	<element fileoffset="51F38" posx="5" posy="2" />
	<element fileoffset="51F50" posx="6" posy="2" />
	<element fileoffset="51F68" posx="7" posy="2" />
	<element fileoffset="530C0" posx="8" posy="2" />
	<element fileoffset="530D8" posx="9" posy="2" />
	<element fileoffset="530F0" posx="10" posy="2" />
	<element fileoffset="53108" posx="11" posy="2" />
	<element fileoffset="53120" posx="12" posy="2" />
	<element fileoffset="53138" posx="13" posy="2" />
	<element fileoffset="53150" posx="14" posy="2" />
	<element fileoffset="53168" posx="15" posy="2" />
	<element fileoffset="542C0" posx="16" posy="2" />
	<element fileoffset="542D8" posx="17" posy="2" />
	<element fileoffset="542F0" posx="18" posy="2" />
	<element fileoffset="54308" posx="19" posy="2" />
	<element fileoffset="54320" posx="20" posy="2" />
	<element fileoffset="54338" posx="21" posy="2" />
	<element fileoffset="54350" posx="22" posy="2" />
	<element fileoffset="54368" posx="23" posy="2" />
	<element fileoffset="51F80" posx="0" posy="3" />
	<element fileoffset="51F98" posx="1" posy="3" />
	<element fileoffset="51FB0" posx="2" posy="3" />
	<element fileoffset="51FC8" posx="3" posy="3" />
	<element fileoffset="51FE0" posx="4" posy="3" />
	<element fileoffset="51FF8" posx="5" posy="3" />
	<element fileoffset="52010" posx="6" posy="3" />
	<element fileoffset="52028" posx="7" posy="3" />
	<element fileoffset="53180" posx="8" posy="3" />
	<element fileoffset="53198" posx="9" posy="3" />
	<element fileoffset="531B0" posx="10" posy="3" />
	<element fileoffset="531C8" posx="11" posy="3" />
	<element fileoffset="531E0" posx="12" posy="3" />
	<element fileoffset="531F8" posx="13" posy="3" />
	<element fileoffset="53210" posx="14" posy="3" />
	<element fileoffset="53228" posx="15" posy="3" />
	<element fileoffset="54380" posx="16" posy="3" />
	<element fileoffset="54398" posx="17" posy="3" />
	<element fileoffset="543B0" posx="18" posy="3" />
	<element fileoffset="543C8" posx="19" posy="3" />
	<element fileoffset="543E0" posx="20" posy="3" />
	<element fileoffset="543F8" posx="21" posy="3" />
	<element fileoffset="54410" posx="22" posy="3" />
	<element fileoffset="54428" posx="23" posy="3" />
	<element fileoffset="52040" posx="0" posy="4" />
	<element fileoffset="52058" posx="1" posy="4" />
	<element fileoffset="52070" posx="2" posy="4" />
	<element fileoffset="52088" posx="3" posy="4" />
	<element fileoffset="520A0" posx="4" posy="4" />
	<element fileoffset="520B8" posx="5" posy="4" />
	<element fileoffset="520D0" posx="6" posy="4" />
	<element fileoffset="520E8" posx="7" posy="4" />
	<element fileoffset="53240" posx="8" posy="4" />
	<element fileoffset="53258" posx="9" posy="4" />
	<element fileoffset="53270" posx="10" posy="4" />
	<element fileoffset="53288" posx="11" posy="4" />
	<element fileoffset="532A0" posx="12" posy="4" />
	<element fileoffset="532B8" posx="13" posy="4" />
	<element fileoffset="532D0" posx="14" posy="4" />
	<element fileoffset="532E8" posx="15" posy="4" />
	<element fileoffset="54440" posx="16" posy="4" />
	<element fileoffset="54458" posx="17" posy="4" />
	<element fileoffset="54470" posx="18" posy="4" />
	<element fileoffset="54488" posx="19" posy="4" />
	<element fileoffset="544A0" posx="20" posy="4" />
	<element fileoffset="544B8" posx="21" posy="4" />
	<element fileoffset="544D0" posx="22" posy="4" />
	<element fileoffset="544E8" posx="23" posy="4" />
	<element fileoffset="52100" posx="0" posy="5" />
	<element fileoffset="52118" posx="1" posy="5" />
	<element fileoffset="52130" posx="2" posy="5" />
	<element fileoffset="52148" posx="3" posy="5" />
	<element fileoffset="52160" posx="4" posy="5" />
	<element fileoffset="52178" posx="5" posy="5" />
	<element fileoffset="52190" posx="6" posy="5" />
	<element fileoffset="521A8" posx="7" posy="5" />
	<element fileoffset="53300" posx="8" posy="5" />
	<element fileoffset="53318" posx="9" posy="5" />
	<element fileoffset="53330" posx="10" posy="5" />
	<element fileoffset="53348" posx="11" posy="5" />
	<element fileoffset="53360" posx="12" posy="5" />
	<element fileoffset="53378" posx="13" posy="5" />
	<element fileoffset="53390" posx="14" posy="5" />
	<element fileoffset="533A8" posx="15" posy="5" />
	<element fileoffset="54500" posx="16" posy="5" />
	<element fileoffset="54518" posx="17" posy="5" />
	<element fileoffset="54530" posx="18" posy="5" />
	<element fileoffset="54548" posx="19" posy="5" />
	<element fileoffset="54560" posx="20" posy="5" />
	<element fileoffset="54578" posx="21" posy="5" />
	<element fileoffset="54590" posx="22" posy="5" />
	<element fileoffset="545A8" posx="23" posy="5" />
	<element fileoffset="521C0" posx="0" posy="6" />
	<element fileoffset="521D8" posx="1" posy="6" />
	<element fileoffset="521F0" posx="2" posy="6" />
	<element fileoffset="52208" posx="3" posy="6" />
	<element fileoffset="52220" posx="4" posy="6" />
	<element fileoffset="52238" posx="5" posy="6" />
	<element fileoffset="52250" posx="6" posy="6" />
	<element fileoffset="52268" posx="7" posy="6" />
	<element fileoffset="533C0" posx="8" posy="6" />
	<element fileoffset="533D8" posx="9" posy="6" />
	<element fileoffset="533F0" posx="10" posy="6" />
	<element fileoffset="53408" posx="11" posy="6" />
	<element fileoffset="53420" posx="12" posy="6" />
	<element fileoffset="53438" posx="13" posy="6" />
	<element fileoffset="53450" posx="14" posy="6" />
	<element fileoffset="53468" posx="15" posy="6" />
	<element fileoffset="545C0" posx="16" posy="6" />
	<element fileoffset="545D8" posx="17" posy="6" />
	<element fileoffset="545F0" posx="18" posy="6" />
	<element fileoffset="54608" posx="19" posy="6" />
	<element fileoffset="54620" posx="20" posy="6" />
	<element fileoffset="54638" posx="21" posy="6" />
	<element fileoffset="54650" posx="22" posy="6" />
	<element fileoffset="54668" posx="23" posy="6" />
	<element fileoffset="52280" posx="0" posy="7" />
	<element fileoffset="52298" posx="1" posy="7" />
	<element fileoffset="522B0" posx="2" posy="7" />
	<element fileoffset="522C8" posx="3" posy="7" />
	<element fileoffset="522E0" posx="4" posy="7" />
	<element fileoffset="522F8" posx="5" posy="7" />
	<element fileoffset="52310" posx="6" posy="7" />
	<element fileoffset="52328" posx="7" posy="7" />
	<element fileoffset="53480" posx="8" posy="7" />
	<element fileoffset="53498" posx="9" posy="7" />
	<element fileoffset="534B0" posx="10" posy="7" />
	<element fileoffset="534C8" posx="11" posy="7" />
	<element fileoffset="534E0" posx="12" posy="7" />
	<element fileoffset="534F8" posx="13" posy="7" />
	<element fileoffset="53510" posx="14" posy="7" />
	<element fileoffset="53528" posx="15" posy="7" />
	<element fileoffset="54680" posx="16" posy="7" />
	<element fileoffset="54698" posx="17" posy="7" />
	<element fileoffset="546B0" posx="18" posy="7" />
	<element fileoffset="546C8" posx="19" posy="7" />
	<element fileoffset="546E0" posx="20" posy="7" />
	<element fileoffset="546F8" posx="21" posy="7" />
	<element fileoffset="54710" posx="22" posy="7" />
	<element fileoffset="54728" posx="23" posy="7" />
	<element fileoffset="52340" posx="0" posy="8" />
	<element fileoffset="52358" posx="1" posy="8" />
	<element fileoffset="52370" posx="2" posy="8" />
	<element fileoffset="52388" posx="3" posy="8" />
	<element fileoffset="523A0" posx="4" posy="8" />
	<element fileoffset="523B8" posx="5" posy="8" />
	<element fileoffset="523D0" posx="6" posy="8" />
	<element fileoffset="523E8" posx="7" posy="8" />
	<element fileoffset="53540" posx="8" posy="8" />
	<element fileoffset="53558" posx="9" posy="8" />
	<element fileoffset="53570" posx="10" posy="8" />
	<element fileoffset="53588" posx="11" posy="8" />
	<element fileoffset="535A0" posx="12" posy="8" />
	<element fileoffset="535B8" posx="13" posy="8" />
	<element fileoffset="535D0" posx="14" posy="8" />
	<element fileoffset="535E8" posx="15" posy="8" />
	<element fileoffset="54740" posx="16" posy="8" />
	<element fileoffset="54758" posx="17" posy="8" />
	<element fileoffset="54770" posx="18" posy="8" />
	<element fileoffset="54788" posx="19" posy="8" />
	<element fileoffset="547A0" posx="20" posy="8" />
	<element fileoffset="547B8" posx="21" posy="8" />
	<element fileoffset="547D0" posx="22" posy="8" />
	<element fileoffset="547E8" posx="23" posy="8" />
	<element fileoffset="52400" posx="0" posy="9" />
	<element fileoffset="52418" posx="1" posy="9" />
	<element fileoffset="52430" posx="2" posy="9" />
	<element fileoffset="52448" posx="3" posy="9" />
	<element fileoffset="52460" posx="4" posy="9" />
	<element fileoffset="52478" posx="5" posy="9" />
	<element fileoffset="52490" posx="6" posy="9" />
	<element fileoffset="524A8" posx="7" posy="9" />
	<element fileoffset="53600" posx="8" posy="9" />
	<element fileoffset="53618" posx="9" posy="9" />
	<element fileoffset="53630" posx="10" posy="9" />
	<element fileoffset="53648" posx="11" posy="9" />
	<element fileoffset="53660" posx="12" posy="9" />
	<element fileoffset="53678" posx="13" posy="9" />
	<element fileoffset="53690" posx="14" posy="9" />
	<element fileoffset="536A8" posx="15" posy="9" />
	<element fileoffset="54800" posx="16" posy="9" />
	<element fileoffset="54818" posx="17" posy="9" />
	<element fileoffset="54830" posx="18" posy="9" />
	<element fileoffset="54848" posx="19" posy="9" />
	<element fileoffset="54860" posx="20" posy="9" />
	<element fileoffset="54878" posx="21" posy="9" />
	<element fileoffset="54890" posx="22" posy="9" />
	<element fileoffset="548A8" posx="23" posy="9" />
	<element fileoffset="524C0" posx="0" posy="10" />
	<element fileoffset="524D8" posx="1" posy="10" />
	<element fileoffset="524F0" posx="2" posy="10" />
	<element fileoffset="52508" posx="3" posy="10" />
	<element fileoffset="52520" posx="4" posy="10" />
	<element fileoffset="52538" posx="5" posy="10" />
	<element fileoffset="52550" posx="6" posy="10" />
	<element fileoffset="52568" posx="7" posy="10" />
	<element fileoffset="536C0" posx="8" posy="10" />
	<element fileoffset="536D8" posx="9" posy="10" />
	<element fileoffset="536F0" posx="10" posy="10" />
	<element fileoffset="53708" posx="11" posy="10" />
	<element fileoffset="53720" posx="12" posy="10" />
	<element fileoffset="53738" posx="13" posy="10" />
	<element fileoffset="53750" posx="14" posy="10" />
	<element fileoffset="53768" posx="15" posy="10" />
	<element fileoffset="548C0" posx="16" posy="10" />
	<element fileoffset="548D8" posx="17" posy="10" />
	<element fileoffset="548F0" posx="18" posy="10" />
	<element fileoffset="54908" posx="19" posy="10" />
	<element fileoffset="54920" posx="20" posy="10" />
	<element fileoffset="54938" posx="21" posy="10" />
	<element fileoffset="54950" posx="22" posy="10" />
	<element fileoffset="54968" posx="23" posy="10" />
	<element fileoffset="52580" posx="0" posy="11" />
	<element fileoffset="52598" posx="1" posy="11" />
	<element fileoffset="525B0" posx="2" posy="11" />
	<element fileoffset="525C8" posx="3" posy="11" />
	<element fileoffset="525E0" posx="4" posy="11" />
	<element fileoffset="525F8" posx="5" posy="11" />
	<element fileoffset="52610" posx="6" posy="11" />
	<element fileoffset="52628" posx="7" posy="11" />
	<element fileoffset="53780" posx="8" posy="11" />
	<element fileoffset="53798" posx="9" posy="11" />
	<element fileoffset="537B0" posx="10" posy="11" />
	<element fileoffset="537C8" posx="11" posy="11" />
	<element fileoffset="537E0" posx="12" posy="11" />
	<element fileoffset="537F8" posx="13" posy="11" />
	<element fileoffset="53810" posx="14" posy="11" />
	<element fileoffset="53828" posx="15" posy="11" />
	<element fileoffset="54980" posx="16" posy="11" />
	<element fileoffset="54998" posx="17" posy="11" />
	<element fileoffset="549B0" posx="18" posy="11" />
	<element fileoffset="549C8" posx="19" posy="11" />
	<element fileoffset="549E0" posx="20" posy="11" />
	<element fileoffset="549F8" posx="21" posy="11" />
	<element fileoffset="54A10" posx="22" posy="11" />
	<element fileoffset="54A28" posx="23" posy="11" />
	<element fileoffset="52640" posx="0" posy="12" />
	<element fileoffset="52658" posx="1" posy="12" />
	<element fileoffset="52670" posx="2" posy="12" />
	<element fileoffset="52688" posx="3" posy="12" />
	<element fileoffset="526A0" posx="4" posy="12" />
	<element fileoffset="526B8" posx="5" posy="12" />
	<element fileoffset="526D0" posx="6" posy="12" />
	<element fileoffset="526E8" posx="7" posy="12" />
	<element fileoffset="53840" posx="8" posy="12" />
	<element fileoffset="53858" posx="9" posy="12" />
	<element fileoffset="53870" posx="10" posy="12" />
	<element fileoffset="53888" posx="11" posy="12" />
	<element fileoffset="538A0" posx="12" posy="12" />
	<element fileoffset="538B8" posx="13" posy="12" />
	<element fileoffset="538D0" posx="14" posy="12" />
	<element fileoffset="538E8" posx="15" posy="12" />
	<element fileoffset="54A40" posx="16" posy="12" />
	<element fileoffset="54A58" posx="17" posy="12" />
	<element fileoffset="54A70" posx="18" posy="12" />
	<element fileoffset="54A88" posx="19" posy="12" />
	<element fileoffset="54AA0" posx="20" posy="12" />
	<element fileoffset="54AB8" posx="21" posy="12" />
	<element fileoffset="54AD0" posx="22" posy="12" />
	<element fileoffset="54AE8" posx="23" posy="12" />
	<element fileoffset="52700" posx="0" posy="13" />
	<element fileoffset="52718" posx="1" posy="13" />
	<element fileoffset="52730" posx="2" posy="13" />
	<element fileoffset="52748" posx="3" posy="13" />
	<element fileoffset="52760" posx="4" posy="13" />
	<element fileoffset="52778" posx="5" posy="13" />
	<element fileoffset="52790" posx="6" posy="13" />
	<element fileoffset="527A8" posx="7" posy="13" />
	<element fileoffset="53900" posx="8" posy="13" />
	<element fileoffset="53918" posx="9" posy="13" />
	<element fileoffset="53930" posx="10" posy="13" />
	<element fileoffset="53948" posx="11" posy="13" />
	<element fileoffset="53960" posx="12" posy="13" />
	<element fileoffset="53978" posx="13" posy="13" />
	<element fileoffset="53990" posx="14" posy="13" />
	<element fileoffset="539A8" posx="15" posy="13" />
	<element fileoffset="54B00" posx="16" posy="13" />
	<element fileoffset="54B18" posx="17" posy="13" />
	<element fileoffset="54B30" posx="18" posy="13" />
	<element fileoffset="54B48" posx="19" posy="13" />
	<element fileoffset="54B60" posx="20" posy="13" />
	<element fileoffset="54B78" posx="21" posy="13" />
	<element fileoffset="54B90" posx="22" posy="13" />
	<element fileoffset="54BA8" posx="23" posy="13" />
	<element fileoffset="527C0" posx="0" posy="14" />
	<element fileoffset="527D8" posx="1" posy="14" />
	<element fileoffset="527F0" posx="2" posy="14" />
	<element fileoffset="52808" posx="3" posy="14" />
	<element fileoffset="52820" posx="4" posy="14" />
	<element fileoffset="52838" posx="5" posy="14" />
	<element fileoffset="52850" posx="6" posy="14" />
	<element fileoffset="52868" posx="7" posy="14" />
	<element fileoffset="539C0" posx="8" posy="14" />
	<element fileoffset="539D8" posx="9" posy="14" />
	<element fileoffset="539F0" posx="10" posy="14" />
	<element fileoffset="53A08" posx="11" posy="14" />
	<element fileoffset="53A20" posx="12" posy="14" />
	<element fileoffset="53A38" posx="13" posy="14" />
	<element fileoffset="53A50" posx="14" posy="14" />
	<element fileoffset="53A68" posx="15" posy="14" />
	<element fileoffset="54BC0" posx="16" posy="14" />
	<element fileoffset="54BD8" posx="17" posy="14" />
	<element fileoffset="54BF0" posx="18" posy="14" />
	<element fileoffset="54C08" posx="19" posy="14" />
	<element fileoffset="54C20" posx="20" posy="14" />
	<element fileoffset="54C38" posx="21" posy="14" />
	<element fileoffset="54C50" posx="22" posy="14" />
	<element fileoffset="54C68" posx="23" posy="14" />
	<element fileoffset="52880" posx="0" posy="15" />
	<element fileoffset="52898" posx="1" posy="15" />
	<element fileoffset="528B0" posx="2" posy="15" />
	<element fileoffset="528C8" posx="3" posy="15" />
	<element fileoffset="528E0" posx="4" posy="15" />
	<element fileoffset="528F8" posx="5" posy="15" />
	<element fileoffset="52910" posx="6" posy="15" />
	<element fileoffset="52928" posx="7" posy="15" />
	<element fileoffset="53A80" posx="8" posy="15" />
	<element fileoffset="53A98" posx="9" posy="15" />
	<element fileoffset="53AB0" posx="10" posy="15" />
	<element fileoffset="53AC8" posx="11" posy="15" />
	<element fileoffset="53AE0" posx="12" posy="15" />
	<element fileoffset="53AF8" posx="13" posy="15" />
	<element fileoffset="53B10" posx="14" posy="15" />
	<element fileoffset="53B28" posx="15" posy="15" />
	<element fileoffset="54C80" posx="16" posy="15" />
	<element fileoffset="54C98" posx="17" posy="15" />
	<element fileoffset="54CB0" posx="18" posy="15" />
	<element fileoffset="54CC8" posx="19" posy="15" />
	<element fileoffset="54CE0" posx="20" posy="15" />
	<element fileoffset="54CF8" posx="21" posy="15" />
	<element fileoffset="54D10" posx="22" posy="15" />
	<element fileoffset="54D28" posx="23" posy="15" />
	<element fileoffset="52940" posx="0" posy="16" />
	<element fileoffset="52958" posx="1" posy="16" />
	<element fileoffset="52970" posx="2" posy="16" />
	<element fileoffset="52988" posx="3" posy="16" />
	<element fileoffset="529A0" posx="4" posy="16" />
	<element fileoffset="529B8" posx="5" posy="16" />
	<element fileoffset="529D0" posx="6" posy="16" />
	<element fileoffset="529E8" posx="7" posy="16" />
	<element fileoffset="53B40" posx="8" posy="16" />
	<element fileoffset="53B58" posx="9" posy="16" />
	<element fileoffset="53B70" posx="10" posy="16" />
	<element fileoffset="53B88" posx="11" posy="16" />
	<element fileoffset="53BA0" posx="12" posy="16" />
	<element fileoffset="53BB8" posx="13" posy="16" />
	<element fileoffset="53BD0" posx="14" posy="16" />
	<element fileoffset="53BE8" posx="15" posy="16" />
	<element fileoffset="52A00" posx="0" posy="17" />
	<element fileoffset="52A18" posx="1" posy="17" />
	<element fileoffset="52A30" posx="2" posy="17" />
	<element fileoffset="52A48" posx="3" posy="17" />
	<element fileoffset="52A60" posx="4" posy="17" />
	<element fileoffset="52A78" posx="5" posy="17" />
	<element fileoffset="52A90" posx="6" posy="17" />
	<element fileoffset="52AA8" posx="7" posy="17" />
	<element fileoffset="53C00" posx="8" posy="17" />
	<element fileoffset="53C18" posx="9" posy="17" />
	<element fileoffset="53C30" posx="10" posy="17" />
	<element fileoffset="53C48" posx="11" posy="17" />
	<element fileoffset="53C60" posx="12" posy="17" />
	<element fileoffset="53C78" posx="13" posy="17" />
	<element fileoffset="53C90" posx="14" posy="17" />
	<element fileoffset="53CA8" posx="15" posy="17" />
	<element fileoffset="52AC0" posx="0" posy="18" />
	<element fileoffset="52AD8" posx="1" posy="18" />
	<element fileoffset="52AF0" posx="2" posy="18" />
	<element fileoffset="52B08" posx="3" posy="18" />
	<element fileoffset="52B20" posx="4" posy="18" />
	<element fileoffset="52B38" posx="5" posy="18" />
	<element fileoffset="52B50" posx="6" posy="18" />
	<element fileoffset="52B68" posx="7" posy="18" />
	<element fileoffset="53CC0" posx="8" posy="18" />
	<element fileoffset="53CD8" posx="9" posy="18" />
	<element fileoffset="53CF0" posx="10" posy="18" />
	<element fileoffset="53D08" posx="11" posy="18" />
	<element fileoffset="53D20" posx="12" posy="18" />
	<element fileoffset="53D38" posx="13" posy="18" />
	<element fileoffset="53D50" posx="14" posy="18" />
	<element fileoffset="53D68" posx="15" posy="18" />
	<element fileoffset="52B80" posx="0" posy="19" />
	<element fileoffset="52B98" posx="1" posy="19" />
	<element fileoffset="52BB0" posx="2" posy="19" />
	<element fileoffset="52BC8" posx="3" posy="19" />
	<element fileoffset="52BE0" posx="4" posy="19" />
	<element fileoffset="52BF8" posx="5" posy="19" />
	<element fileoffset="52C10" posx="6" posy="19" />
	<element fileoffset="52C28" posx="7" posy="19" />
	<element fileoffset="53D80" posx="8" posy="19" />
	<element fileoffset="53D98" posx="9" posy="19" />
	<element fileoffset="53DB0" posx="10" posy="19" />
	<element fileoffset="53DC8" posx="11" posy="19" />
	<element fileoffset="53DE0" posx="12" posy="19" />
	<element fileoffset="53DF8" posx="13" posy="19" />
	<element fileoffset="53E10" posx="14" posy="19" />
	<element fileoffset="53E28" posx="15" posy="19" />
	<element fileoffset="52C40" posx="0" posy="20" />
	<element fileoffset="52C58" posx="1" posy="20" />
	<element fileoffset="52C70" posx="2" posy="20" />
	<element fileoffset="52C88" posx="3" posy="20" />
	<element fileoffset="52CA0" posx="4" posy="20" />
	<element fileoffset="52CB8" posx="5" posy="20" />
	<element fileoffset="52CD0" posx="6" posy="20" />
	<element fileoffset="52CE8" posx="7" posy="20" />
	<element fileoffset="53E40" posx="8" posy="20" />
	<element fileoffset="53E58" posx="9" posy="20" />
	<element fileoffset="53E70" posx="10" posy="20" />
	<element fileoffset="53E88" posx="11" posy="20" />
	<element fileoffset="53EA0" posx="12" posy="20" />
	<element fileoffset="53EB8" posx="13" posy="20" />
	<element fileoffset="53ED0" posx="14" posy="20" />
	<element fileoffset="53EE8" posx="15" posy="20" />
	<element fileoffset="52D00" posx="0" posy="21" />
	<element fileoffset="52D18" posx="1" posy="21" />
	<element fileoffset="52D30" posx="2" posy="21" />
	<element fileoffset="52D48" posx="3" posy="21" />
	<element fileoffset="52D60" posx="4" posy="21" />
	<element fileoffset="52D78" posx="5" posy="21" />
	<element fileoffset="52D90" posx="6" posy="21" />
	<element fileoffset="52DA8" posx="7" posy="21" />
	<element fileoffset="53F00" posx="8" posy="21" />
	<element fileoffset="53F18" posx="9" posy="21" />
	<element fileoffset="53F30" posx="10" posy="21" />
	<element fileoffset="53F48" posx="11" posy="21" />
	<element fileoffset="53F60" posx="12" posy="21" />
	<element fileoffset="53F78" posx="13" posy="21" />
	<element fileoffset="53F90" posx="14" posy="21" />
	<element fileoffset="53FA8" posx="15" posy="21" />
	<element fileoffset="52DC0" posx="0" posy="22" />
	<element fileoffset="52DD8" posx="1" posy="22" />
	<element fileoffset="52DF0" posx="2" posy="22" />
	<element fileoffset="52E08" posx="3" posy="22" />
	<element fileoffset="52E20" posx="4" posy="22" />
	<element fileoffset="52E38" posx="5" posy="22" />
	<element fileoffset="52E50" posx="6" posy="22" />
	<element fileoffset="52E68" posx="7" posy="22" />
	<element fileoffset="53FC0" posx="8" posy="22" />
	<element fileoffset="53FD8" posx="9" posy="22" />
	<element fileoffset="53FF0" posx="10" posy="22" />
	<element fileoffset="54008" posx="11" posy="22" />
	<element fileoffset="54020" posx="12" posy="22" />
	<element fileoffset="54038" posx="13" posy="22" />
	<element fileoffset="54050" posx="14" posy="22" />
	<element fileoffset="54068" posx="15" posy="22" />
	<element fileoffset="52E80" posx="0" posy="23" />
	<element fileoffset="52E98" posx="1" posy="23" />
	<element fileoffset="52EB0" posx="2" posy="23" />
	<element fileoffset="52EC8" posx="3" posy="23" />
	<element fileoffset="52EE0" posx="4" posy="23" />
	<element fileoffset="52EF8" posx="5" posy="23" />
	<element fileoffset="52F10" posx="6" posy="23" />
	<element fileoffset="52F28" posx="7" posy="23" />
	<element fileoffset="54080" posx="8" posy="23" />
	<element fileoffset="54098" posx="9" posy="23" />
	<element fileoffset="540B0" posx="10" posy="23" />
	<element fileoffset="540C8" posx="11" posy="23" />
	<element fileoffset="540E0" posx="12" posy="23" />
	<element fileoffset="540F8" posx="13" posy="23" />
	<element fileoffset="54110" posx="14" posy="23" />
	<element fileoffset="54128" posx="15" posy="23" />
</arranger>