<?xml version="1.0" encoding="utf-16"?>
<arranger elementsx="24" elementsy="32" width="8" height="8" layout="tiled" color="indexed" defaultcodec="SNES 3bpp" defaultdatafile="/FF2" defaultpalette="DefaultRgba32">
	<element fileoffset="48E40" posx="0" posy="0" />
	<element fileoffset="48E58" posx="1" posy="0" />
	<element fileoffset="48E70" posx="2" posy="0" />
	<element fileoffset="48E88" posx="3" posy="0" />
	<element fileoffset="48EA0" posx="4" posy="0" />
	<element fileoffset="48EB8" posx="5" posy="0" />
	<element fileoffset="49F20" posx="6" posy="0" />
	<element fileoffset="49F38" posx="7" posy="0" />
	<element fileoffset="49F50" posx="8" posy="0" />
	<element fileoffset="49F68" posx="9" posy="0" />
	<element fileoffset="49F80" posx="10" posy="0" />
	<element fileoffset="49F98" posx="11" posy="0" />
	<element fileoffset="4AEE0" posx="12" posy="0" />
	<element fileoffset="4AEF8" posx="13" posy="0" />
	<element fileoffset="4AF10" posx="14" posy="0" />
	<element fileoffset="4AF28" posx="15" posy="0" />
	<element fileoffset="4AF40" posx="16" posy="0" />
	<element fileoffset="4AF58" posx="17" posy="0" />
	<element fileoffset="4C0E0" posx="18" posy="0" />
	<element fileoffset="4C0F8" posx="19" posy="0" />
	<element fileoffset="4C110" posx="20" posy="0" />
	<element fileoffset="4C128" posx="21" posy="0" />
	<element fileoffset="4C140" posx="22" posy="0" />
	<element fileoffset="4C158" posx="23" posy="0" />
	<element fileoffset="48ED0" posx="0" posy="1" />
	<element fileoffset="48EE8" posx="1" posy="1" />
	<element fileoffset="48F00" posx="2" posy="1" />
	<element fileoffset="48F18" posx="3" posy="1" />
	<element fileoffset="48F30" posx="4" posy="1" />
	<element fileoffset="48F48" posx="5" posy="1" />
	<element fileoffset="49FB0" posx="6" posy="1" />
	<element fileoffset="49FC8" posx="7" posy="1" />
	<element fileoffset="49FE0" posx="8" posy="1" />
	<element fileoffset="49FF8" posx="9" posy="1" />
	<element fileoffset="4A010" posx="10" posy="1" />
	<element fileoffset="4A028" posx="11" posy="1" />
	<element fileoffset="4AF70" posx="12" posy="1" />
	<element fileoffset="4AF88" posx="13" posy="1" />
	<element fileoffset="4AFA0" posx="14" posy="1" />
	<element fileoffset="4AFB8" posx="15" posy="1" />
	<element fileoffset="4AFD0" posx="16" posy="1" />
	<element fileoffset="4AFE8" posx="17" posy="1" />
	<element fileoffset="4C170" posx="18" posy="1" />
	<element fileoffset="4C188" posx="19" posy="1" />
	<element fileoffset="4C1A0" posx="20" posy="1" />
	<element fileoffset="4C1B8" posx="21" posy="1" />
	<element fileoffset="4C1D0" posx="22" posy="1" />
	<element fileoffset="4C1E8" posx="23" posy="1" />
	<element fileoffset="48F60" posx="0" posy="2" />
	<element fileoffset="48F78" posx="1" posy="2" />
	<element fileoffset="48F90" posx="2" posy="2" />
	<element fileoffset="48FA8" posx="3" posy="2" />
	<element fileoffset="48FC0" posx="4" posy="2" />
	<element fileoffset="48FD8" posx="5" posy="2" />
	<element fileoffset="4A040" posx="6" posy="2" />
	<element fileoffset="4A058" posx="7" posy="2" />
	<element fileoffset="4A070" posx="8" posy="2" />
	<element fileoffset="4A088" posx="9" posy="2" />
	<element fileoffset="4A0A0" posx="10" posy="2" />
	<element fileoffset="4A0B8" posx="11" posy="2" />
	<element fileoffset="4B000" posx="12" posy="2" />
	<element fileoffset="4B018" posx="13" posy="2" />
	<element fileoffset="4B030" posx="14" posy="2" />
	<element fileoffset="4B048" posx="15" posy="2" />
	<element fileoffset="4B060" posx="16" posy="2" />
	<element fileoffset="4B078" posx="17" posy="2" />
	<element fileoffset="4C200" posx="18" posy="2" />
	<element fileoffset="4C218" posx="19" posy="2" />
	<element fileoffset="4C230" posx="20" posy="2" />
	<element fileoffset="4C248" posx="21" posy="2" />
	<element fileoffset="4C260" posx="22" posy="2" />
	<element fileoffset="4C278" posx="23" posy="2" />
	<element fileoffset="48FF0" posx="0" posy="3" />
	<element fileoffset="49008" posx="1" posy="3" />
	<element fileoffset="49020" posx="2" posy="3" />
	<element fileoffset="49038" posx="3" posy="3" />
	<element fileoffset="49050" posx="4" posy="3" />
	<element fileoffset="49068" posx="5" posy="3" />
	<element fileoffset="4A0D0" posx="6" posy="3" />
	<element fileoffset="4A0E8" posx="7" posy="3" />
	<element fileoffset="4A100" posx="8" posy="3" />
	<element fileoffset="4A118" posx="9" posy="3" />
	<element fileoffset="4A130" posx="10" posy="3" />
	<element fileoffset="4A148" posx="11" posy="3" />
	<element fileoffset="4B090" posx="12" posy="3" />
	<element fileoffset="4B0A8" posx="13" posy="3" />
	<element fileoffset="4B0C0" posx="14" posy="3" />
	<element fileoffset="4B0D8" posx="15" posy="3" />
	<element fileoffset="4B0F0" posx="16" posy="3" />
	<element fileoffset="4B108" posx="17" posy="3" />
	<element fileoffset="4C290" posx="18" posy="3" />
	<element fileoffset="4C2A8" posx="19" posy="3" />
	<element fileoffset="4C2C0" posx="20" posy="3" />
	<element fileoffset="4C2D8" posx="21" posy="3" />
	<element fileoffset="4C2F0" posx="22" posy="3" />
	<element fileoffset="4C308" posx="23" posy="3" />
	<element fileoffset="49080" posx="0" posy="4" />
	<element fileoffset="49098" posx="1" posy="4" />
	<element fileoffset="490B0" posx="2" posy="4" />
	<element fileoffset="490C8" posx="3" posy="4" />
	<element fileoffset="490E0" posx="4" posy="4" />
	<element fileoffset="490F8" posx="5" posy="4" />
	<element fileoffset="4A160" posx="6" posy="4" />
	<element fileoffset="4A178" posx="7" posy="4" />
	<element fileoffset="4A190" posx="8" posy="4" />
	<element fileoffset="4A1A8" posx="9" posy="4" />
	<element fileoffset="4A1C0" posx="10" posy="4" />
	<element fileoffset="4A1D8" posx="11" posy="4" />
	<element fileoffset="4B120" posx="12" posy="4" />
	<element fileoffset="4B138" posx="13" posy="4" />
	<element fileoffset="4B150" posx="14" posy="4" />
	<element fileoffset="4B168" posx="15" posy="4" />
	<element fileoffset="4B180" posx="16" posy="4" />
	<element fileoffset="4B198" posx="17" posy="4" />
	<element fileoffset="4C320" posx="18" posy="4" />
	<element fileoffset="4C338" posx="19" posy="4" />
	<element fileoffset="4C350" posx="20" posy="4" />
	<element fileoffset="4C368" posx="21" posy="4" />
	<element fileoffset="4C380" posx="22" posy="4" />
	<element fileoffset="4C398" posx="23" posy="4" />
	<element fileoffset="49110" posx="0" posy="5" />
	<element fileoffset="49128" posx="1" posy="5" />
	<element fileoffset="49140" posx="2" posy="5" />
	<element fileoffset="49158" posx="3" posy="5" />
	<element fileoffset="49170" posx="4" posy="5" />
	<element fileoffset="49188" posx="5" posy="5" />
	<element fileoffset="4A1F0" posx="6" posy="5" />
	<element fileoffset="4A208" posx="7" posy="5" />
	<element fileoffset="4A220" posx="8" posy="5" />
	<element fileoffset="4A238" posx="9" posy="5" />
	<element fileoffset="4A250" posx="10" posy="5" />
	<element fileoffset="4A268" posx="11" posy="5" />
	<element fileoffset="4B1B0" posx="12" posy="5" />
	<element fileoffset="4B1C8" posx="13" posy="5" />
	<element fileoffset="4B1E0" posx="14" posy="5" />
	<element fileoffset="4B1F8" posx="15" posy="5" />
	<element fileoffset="4B210" posx="16" posy="5" />
	<element fileoffset="4B228" posx="17" posy="5" />
	<element fileoffset="4C3B0" posx="18" posy="5" />
	<element fileoffset="4C3C8" posx="19" posy="5" />
	<element fileoffset="4C3E0" posx="20" posy="5" />
	<element fileoffset="4C3F8" posx="21" posy="5" />
	<element fileoffset="4C410" posx="22" posy="5" />
	<element fileoffset="4C428" posx="23" posy="5" />
	<element fileoffset="491A0" posx="0" posy="6" />
	<element fileoffset="491B8" posx="1" posy="6" />
	<element fileoffset="491D0" posx="2" posy="6" />
	<element fileoffset="491E8" posx="3" posy="6" />
	<element fileoffset="49200" posx="4" posy="6" />
	<element fileoffset="49218" posx="5" posy="6" />
	<element fileoffset="4A280" posx="6" posy="6" />
	<element fileoffset="4A298" posx="7" posy="6" />
	<element fileoffset="4A2B0" posx="8" posy="6" />
	<element fileoffset="4A2C8" posx="9" posy="6" />
	<element fileoffset="4A2E0" posx="10" posy="6" />
	<element fileoffset="4A2F8" posx="11" posy="6" />
	<element fileoffset="4B240" posx="12" posy="6" />
	<element fileoffset="4B258" posx="13" posy="6" />
	<element fileoffset="4B270" posx="14" posy="6" />
	<element fileoffset="4B288" posx="15" posy="6" />
	<element fileoffset="4B2A0" posx="16" posy="6" />
	<element fileoffset="4B2B8" posx="17" posy="6" />
	<element fileoffset="4C440" posx="18" posy="6" />
	<element fileoffset="4C458" posx="19" posy="6" />
	<element fileoffset="4C470" posx="20" posy="6" />
	<element fileoffset="4C488" posx="21" posy="6" />
	<element fileoffset="4C4A0" posx="22" posy="6" />
	<element fileoffset="4C4B8" posx="23" posy="6" />
	<element fileoffset="49230" posx="0" posy="7" />
	<element fileoffset="49248" posx="1" posy="7" />
	<element fileoffset="49260" posx="2" posy="7" />
	<element fileoffset="49278" posx="3" posy="7" />
	<element fileoffset="49290" posx="4" posy="7" />
	<element fileoffset="492A8" posx="5" posy="7" />
	<element fileoffset="4A310" posx="6" posy="7" />
	<element fileoffset="4A328" posx="7" posy="7" />
	<element fileoffset="4A340" posx="8" posy="7" />
	<element fileoffset="4A358" posx="9" posy="7" />
	<element fileoffset="4A370" posx="10" posy="7" />
	<element fileoffset="4A388" posx="11" posy="7" />
	<element fileoffset="4B2D0" posx="12" posy="7" />
	<element fileoffset="4B2E8" posx="13" posy="7" />
	<element fileoffset="4B300" posx="14" posy="7" />
	<element fileoffset="4B318" posx="15" posy="7" />
	<element fileoffset="4B330" posx="16" posy="7" />
	<element fileoffset="4B348" posx="17" posy="7" />
	<element fileoffset="4C4D0" posx="18" posy="7" />
	<element fileoffset="4C4E8" posx="19" posy="7" />
	<element fileoffset="4C500" posx="20" posy="7" />
	<element fileoffset="4C518" posx="21" posy="7" />
	<element fileoffset="4C530" posx="22" posy="7" />
	<element fileoffset="4C548" posx="23" posy="7" />
	<element fileoffset="492C0" posx="0" posy="8" />
	<element fileoffset="492D8" posx="1" posy="8" />
	<element fileoffset="492F0" posx="2" posy="8" />
	<element fileoffset="49308" posx="3" posy="8" />
	<element fileoffset="49320" posx="4" posy="8" />
	<element fileoffset="49338" posx="5" posy="8" />
	<element fileoffset="4A3A0" posx="6" posy="8" />
	<element fileoffset="4A3B8" posx="7" posy="8" />
	<element fileoffset="4A3D0" posx="8" posy="8" />
	<element fileoffset="4A3E8" posx="9" posy="8" />
	<element fileoffset="4A400" posx="10" posy="8" />
	<element fileoffset="4A418" posx="11" posy="8" />
	<element fileoffset="4B360" posx="12" posy="8" />
	<element fileoffset="4B378" posx="13" posy="8" />
	<element fileoffset="4B390" posx="14" posy="8" />
	<element fileoffset="4B3A8" posx="15" posy="8" />
	<element fileoffset="4B3C0" posx="16" posy="8" />
	<element fileoffset="4B3D8" posx="17" posy="8" />
	<element fileoffset="4C560" posx="18" posy="8" />
	<element fileoffset="4C578" posx="19" posy="8" />
	<element fileoffset="4C590" posx="20" posy="8" />
	<element fileoffset="4C5A8" posx="21" posy="8" />
	<element fileoffset="4C5C0" posx="22" posy="8" />
	<element fileoffset="4C5D8" posx="23" posy="8" />
	<element fileoffset="49350" posx="0" posy="9" />
	<element fileoffset="49368" posx="1" posy="9" />
	<element fileoffset="49380" posx="2" posy="9" />
	<element fileoffset="49398" posx="3" posy="9" />
	<element fileoffset="493B0" posx="4" posy="9" />
	<element fileoffset="493C8" posx="5" posy="9" />
	<element fileoffset="4A430" posx="6" posy="9" />
	<element fileoffset="4A448" posx="7" posy="9" />
	<element fileoffset="4A460" posx="8" posy="9" />
	<element fileoffset="4A478" posx="9" posy="9" />
	<element fileoffset="4A490" posx="10" posy="9" />
	<element fileoffset="4A4A8" posx="11" posy="9" />
	<element fileoffset="4B3F0" posx="12" posy="9" />
	<element fileoffset="4B408" posx="13" posy="9" />
	<element fileoffset="4B420" posx="14" posy="9" />
	<element fileoffset="4B438" posx="15" posy="9" />
	<element fileoffset="4B450" posx="16" posy="9" />
	<element fileoffset="4B468" posx="17" posy="9" />
	<element fileoffset="4C5F0" posx="18" posy="9" />
	<element fileoffset="4C608" posx="19" posy="9" />
	<element fileoffset="4C620" posx="20" posy="9" />
	<element fileoffset="4C638" posx="21" posy="9" />
	<element fileoffset="4C650" posx="22" posy="9" />
	<element fileoffset="4C668" posx="23" posy="9" />
	<element fileoffset="493E0" posx="0" posy="10" />
	<element fileoffset="493F8" posx="1" posy="10" />
	<element fileoffset="49410" posx="2" posy="10" />
	<element fileoffset="49428" posx="3" posy="10" />
	<element fileoffset="49440" posx="4" posy="10" />
	<element fileoffset="49458" posx="5" posy="10" />
	<element fileoffset="4A4C0" posx="6" posy="10" />
	<element fileoffset="4A4D8" posx="7" posy="10" />
	<element fileoffset="4A4F0" posx="8" posy="10" />
	<element fileoffset="4A508" posx="9" posy="10" />
	<element fileoffset="4A520" posx="10" posy="10" />
	<element fileoffset="4A538" posx="11" posy="10" />
	<element fileoffset="4B480" posx="12" posy="10" />
	<element fileoffset="4B498" posx="13" posy="10" />
	<element fileoffset="4B4B0" posx="14" posy="10" />
	<element fileoffset="4B4C8" posx="15" posy="10" />
	<element fileoffset="4B4E0" posx="16" posy="10" />
	<element fileoffset="4B4F8" posx="17" posy="10" />
	<element fileoffset="4C680" posx="18" posy="10" />
	<element fileoffset="4C698" posx="19" posy="10" />
	<element fileoffset="4C6B0" posx="20" posy="10" />
	<element fileoffset="4C6C8" posx="21" posy="10" />
	<element fileoffset="4C6E0" posx="22" posy="10" />
	<element fileoffset="4C6F8" posx="23" posy="10" />
	<element fileoffset="49470" posx="0" posy="11" />
	<element fileoffset="49488" posx="1" posy="11" />
	<element fileoffset="494A0" posx="2" posy="11" />
	<element fileoffset="494B8" posx="3" posy="11" />
	<element fileoffset="494D0" posx="4" posy="11" />
	<element fileoffset="494E8" posx="5" posy="11" />
	<element fileoffset="4A550" posx="6" posy="11" />
	<element fileoffset="4A568" posx="7" posy="11" />
	<element fileoffset="4A580" posx="8" posy="11" />
	<element fileoffset="4A598" posx="9" posy="11" />
	<element fileoffset="4A5B0" posx="10" posy="11" />
	<element fileoffset="4A5C8" posx="11" posy="11" />
	<element fileoffset="4B510" posx="12" posy="11" />
	<element fileoffset="4B528" posx="13" posy="11" />
	<element fileoffset="4B540" posx="14" posy="11" />
	<element fileoffset="4B558" posx="15" posy="11" />
	<element fileoffset="4B570" posx="16" posy="11" />
	<element fileoffset="4B588" posx="17" posy="11" />
	<element fileoffset="4C710" posx="18" posy="11" />
	<element fileoffset="4C728" posx="19" posy="11" />
	<element fileoffset="4C740" posx="20" posy="11" />
	<element fileoffset="4C758" posx="21" posy="11" />
	<element fileoffset="4C770" posx="22" posy="11" />
	<element fileoffset="4C788" posx="23" posy="11" />
	<element fileoffset="49500" posx="0" posy="12" />
	<element fileoffset="49518" posx="1" posy="12" />
	<element fileoffset="49530" posx="2" posy="12" />
	<element fileoffset="49548" posx="3" posy="12" />
	<element fileoffset="49560" posx="4" posy="12" />
	<element fileoffset="49578" posx="5" posy="12" />
	<element fileoffset="4A5E0" posx="6" posy="12" />
	<element fileoffset="4A5F8" posx="7" posy="12" />
	<element fileoffset="4A610" posx="8" posy="12" />
	<element fileoffset="4A628" posx="9" posy="12" />
	<element fileoffset="4A640" posx="10" posy="12" />
	<element fileoffset="4A658" posx="11" posy="12" />
	<element fileoffset="4B5A0" posx="12" posy="12" />
	<element fileoffset="4B5B8" posx="13" posy="12" />
	<element fileoffset="4B5D0" posx="14" posy="12" />
	<element fileoffset="4B5E8" posx="15" posy="12" />
	<element fileoffset="4B600" posx="16" posy="12" />
	<element fileoffset="4B618" posx="17" posy="12" />
	<element fileoffset="4C7A0" posx="18" posy="12" />
	<element fileoffset="4C7B8" posx="19" posy="12" />
	<element fileoffset="4C7D0" posx="20" posy="12" />
	<element fileoffset="4C7E8" posx="21" posy="12" />
	<element fileoffset="4C800" posx="22" posy="12" />
	<element fileoffset="4C818" posx="23" posy="12" />
	<element fileoffset="49590" posx="0" posy="13" />
	<element fileoffset="495A8" posx="1" posy="13" />
	<element fileoffset="495C0" posx="2" posy="13" />
	<element fileoffset="495D8" posx="3" posy="13" />
	<element fileoffset="495F0" posx="4" posy="13" />
	<element fileoffset="49608" posx="5" posy="13" />
	<element fileoffset="4A670" posx="6" posy="13" />
	<element fileoffset="4A688" posx="7" posy="13" />
	<element fileoffset="4A6A0" posx="8" posy="13" />
	<element fileoffset="4A6B8" posx="9" posy="13" />
	<element fileoffset="4A6D0" posx="10" posy="13" />
	<element fileoffset="4A6E8" posx="11" posy="13" />
	<element fileoffset="4B630" posx="12" posy="13" />
	<element fileoffset="4B648" posx="13" posy="13" />
	<element fileoffset="4B660" posx="14" posy="13" />
	<element fileoffset="4B678" posx="15" posy="13" />
	<element fileoffset="4B690" posx="16" posy="13" />
	<element fileoffset="4B6A8" posx="17" posy="13" />
	<element fileoffset="4C830" posx="18" posy="13" />
	<element fileoffset="4C848" posx="19" posy="13" />
	<element fileoffset="4C860" posx="20" posy="13" />
	<element fileoffset="4C878" posx="21" posy="13" />
	<element fileoffset="4C890" posx="22" posy="13" />
	<element fileoffset="4C8A8" posx="23" posy="13" />
	<element fileoffset="49620" posx="0" posy="14" />
	<element fileoffset="49638" posx="1" posy="14" />
	<element fileoffset="49650" posx="2" posy="14" />
	<element fileoffset="49668" posx="3" posy="14" />
	<element fileoffset="49680" posx="4" posy="14" />
	<element fileoffset="49698" posx="5" posy="14" />
	<element fileoffset="4A700" posx="6" posy="14" />
	<element fileoffset="4A718" posx="7" posy="14" />
	<element fileoffset="4A730" posx="8" posy="14" />
	<element fileoffset="4A748" posx="9" posy="14" />
	<element fileoffset="4A760" posx="10" posy="14" />
	<element fileoffset="4A778" posx="11" posy="14" />
	<element fileoffset="4B6C0" posx="12" posy="14" />
	<element fileoffset="4B6D8" posx="13" posy="14" />
	<element fileoffset="4B6F0" posx="14" posy="14" />
	<element fileoffset="4B708" posx="15" posy="14" />
	<element fileoffset="4B720" posx="16" posy="14" />
	<element fileoffset="4B738" posx="17" posy="14" />
	<element fileoffset="4C8C0" posx="18" posy="14" />
	<element fileoffset="4C8D8" posx="19" posy="14" />
	<element fileoffset="4C8F0" posx="20" posy="14" />
	<element fileoffset="4C908" posx="21" posy="14" />
	<element fileoffset="4C920" posx="22" posy="14" />
	<element fileoffset="4C938" posx="23" posy="14" />
	<element fileoffset="496B0" posx="0" posy="15" />
	<element fileoffset="496C8" posx="1" posy="15" />
	<element fileoffset="496E0" posx="2" posy="15" />
	<element fileoffset="496F8" posx="3" posy="15" />
	<element fileoffset="49710" posx="4" posy="15" />
	<element fileoffset="49728" posx="5" posy="15" />
	<element fileoffset="4A790" posx="6" posy="15" />
	<element fileoffset="4A7A8" posx="7" posy="15" />
	<element fileoffset="4A7C0" posx="8" posy="15" />
	<element fileoffset="4A7D8" posx="9" posy="15" />
	<element fileoffset="4A7F0" posx="10" posy="15" />
	<element fileoffset="4A808" posx="11" posy="15" />
	<element fileoffset="4B750" posx="12" posy="15" />
	<element fileoffset="4B768" posx="13" posy="15" />
	<element fileoffset="4B780" posx="14" posy="15" />
	<element fileoffset="4B798" posx="15" posy="15" />
	<element fileoffset="4B7B0" posx="16" posy="15" />
	<element fileoffset="4B7C8" posx="17" posy="15" />
	<element fileoffset="4C950" posx="18" posy="15" />
	<element fileoffset="4C968" posx="19" posy="15" />
	<element fileoffset="4C980" posx="20" posy="15" />
	<element fileoffset="4C998" posx="21" posy="15" />
	<element fileoffset="4C9B0" posx="22" posy="15" />
	<element fileoffset="4C9C8" posx="23" posy="15" />
	<element fileoffset="49740" posx="0" posy="16" />
	<element fileoffset="49758" posx="1" posy="16" />
	<element fileoffset="49770" posx="2" posy="16" />
	<element fileoffset="49788" posx="3" posy="16" />
	<element fileoffset="497A0" posx="4" posy="16" />
	<element fileoffset="497B8" posx="5" posy="16" />
	<element fileoffset="4A820" posx="6" posy="16" />
	<element fileoffset="4A838" posx="7" posy="16" />
	<element fileoffset="4A850" posx="8" posy="16" />
	<element fileoffset="4A868" posx="9" posy="16" />
	<element fileoffset="4A880" posx="10" posy="16" />
	<element fileoffset="4A898" posx="11" posy="16" />
	<element fileoffset="4B7E0" posx="12" posy="16" />
	<element fileoffset="4B7F8" posx="13" posy="16" />
	<element fileoffset="4B810" posx="14" posy="16" />
	<element fileoffset="4B828" posx="15" posy="16" />
	<element fileoffset="4B840" posx="16" posy="16" />
	<element fileoffset="4B858" posx="17" posy="16" />
	<element fileoffset="4C9E0" posx="18" posy="16" />
	<element fileoffset="4C9F8" posx="19" posy="16" />
	<element fileoffset="4CA10" posx="20" posy="16" />
	<element fileoffset="4CA28" posx="21" posy="16" />
	<element fileoffset="4CA40" posx="22" posy="16" />
	<element fileoffset="4CA58" posx="23" posy="16" />
	<element fileoffset="497D0" posx="0" posy="17" />
	<element fileoffset="497E8" posx="1" posy="17" />
	<element fileoffset="49800" posx="2" posy="17" />
	<element fileoffset="49818" posx="3" posy="17" />
	<element fileoffset="49830" posx="4" posy="17" />
	<element fileoffset="49848" posx="5" posy="17" />
	<element fileoffset="4A8B0" posx="6" posy="17" />
	<element fileoffset="4A8C8" posx="7" posy="17" />
	<element fileoffset="4A8E0" posx="8" posy="17" />
	<element fileoffset="4A8F8" posx="9" posy="17" />
	<element fileoffset="4A910" posx="10" posy="17" />
	<element fileoffset="4A928" posx="11" posy="17" />
	<element fileoffset="4B870" posx="12" posy="17" />
	<element fileoffset="4B888" posx="13" posy="17" />
	<element fileoffset="4B8A0" posx="14" posy="17" />
	<element fileoffset="4B8B8" posx="15" posy="17" />
	<element fileoffset="4B8D0" posx="16" posy="17" />
	<element fileoffset="4B8E8" posx="17" posy="17" />
	<element fileoffset="4CA70" posx="18" posy="17" />
	<element fileoffset="4CA88" posx="19" posy="17" />
	<element fileoffset="4CAA0" posx="20" posy="17" />
	<element fileoffset="4CAB8" posx="21" posy="17" />
	<element fileoffset="4CAD0" posx="22" posy="17" />
	<element fileoffset="4CAE8" posx="23" posy="17" />
	<element fileoffset="49860" posx="0" posy="18" />
	<element fileoffset="49878" posx="1" posy="18" />
	<element fileoffset="49890" posx="2" posy="18" />
	<element fileoffset="498A8" posx="3" posy="18" />
	<element fileoffset="498C0" posx="4" posy="18" />
	<element fileoffset="498D8" posx="5" posy="18" />
	<element fileoffset="4A940" posx="6" posy="18" />
	<element fileoffset="4A958" posx="7" posy="18" />
	<element fileoffset="4A970" posx="8" posy="18" />
	<element fileoffset="4A988" posx="9" posy="18" />
	<element fileoffset="4A9A0" posx="10" posy="18" />
	<element fileoffset="4A9B8" posx="11" posy="18" />
	<element fileoffset="4B900" posx="12" posy="18" />
	<element fileoffset="4B918" posx="13" posy="18" />
	<element fileoffset="4B930" posx="14" posy="18" />
	<element fileoffset="4B948" posx="15" posy="18" />
	<element fileoffset="4B960" posx="16" posy="18" />
	<element fileoffset="4B978" posx="17" posy="18" />
	<element fileoffset="4CB00" posx="18" posy="18" />
	<element fileoffset="4CB18" posx="19" posy="18" />
	<element fileoffset="4CB30" posx="20" posy="18" />
	<element fileoffset="4CB48" posx="21" posy="18" />
	<element fileoffset="4CB60" posx="22" posy="18" />
	<element fileoffset="4CB78" posx="23" posy="18" />
	<element fileoffset="498F0" posx="0" posy="19" />
	<element fileoffset="49908" posx="1" posy="19" />
	<element fileoffset="49920" posx="2" posy="19" />
	<element fileoffset="49938" posx="3" posy="19" />
	<element fileoffset="49950" posx="4" posy="19" />
	<element fileoffset="49968" posx="5" posy="19" />
	<element fileoffset="4A9D0" posx="6" posy="19" />
	<element fileoffset="4A9E8" posx="7" posy="19" />
	<element fileoffset="4AA00" posx="8" posy="19" />
	<element fileoffset="4AA18" posx="9" posy="19" />
	<element fileoffset="4AA30" posx="10" posy="19" />
	<element fileoffset="4AA48" posx="11" posy="19" />
	<element fileoffset="4B990" posx="12" posy="19" />
	<element fileoffset="4B9A8" posx="13" posy="19" />
	<element fileoffset="4B9C0" posx="14" posy="19" />
	<element fileoffset="4B9D8" posx="15" posy="19" />
	<element fileoffset="4B9F0" posx="16" posy="19" />
	<element fileoffset="4BA08" posx="17" posy="19" />
	<element fileoffset="4CB90" posx="18" posy="19" />
	<element fileoffset="4CBA8" posx="19" posy="19" />
	<element fileoffset="4CBC0" posx="20" posy="19" />
	<element fileoffset="4CBD8" posx="21" posy="19" />
	<element fileoffset="4CBF0" posx="22" posy="19" />
	<element fileoffset="4CC08" posx="23" posy="19" />
	<element fileoffset="49980" posx="0" posy="20" />
	<element fileoffset="49998" posx="1" posy="20" />
	<element fileoffset="499B0" posx="2" posy="20" />
	<element fileoffset="499C8" posx="3" posy="20" />
	<element fileoffset="499E0" posx="4" posy="20" />
	<element fileoffset="499F8" posx="5" posy="20" />
	<element fileoffset="4AA60" posx="6" posy="20" />
	<element fileoffset="4AA78" posx="7" posy="20" />
	<element fileoffset="4AA90" posx="8" posy="20" />
	<element fileoffset="4AAA8" posx="9" posy="20" />
	<element fileoffset="4AAC0" posx="10" posy="20" />
	<element fileoffset="4AAD8" posx="11" posy="20" />
	<element fileoffset="4BA20" posx="12" posy="20" />
	<element fileoffset="4BA38" posx="13" posy="20" />
	<element fileoffset="4BA50" posx="14" posy="20" />
	<element fileoffset="4BA68" posx="15" posy="20" />
	<element fileoffset="4BA80" posx="16" posy="20" />
	<element fileoffset="4BA98" posx="17" posy="20" />
	<element fileoffset="4CC20" posx="18" posy="20" />
	<element fileoffset="4CC38" posx="19" posy="20" />
	<element fileoffset="4CC50" posx="20" posy="20" />
	<element fileoffset="4CC68" posx="21" posy="20" />
	<element fileoffset="4CC80" posx="22" posy="20" />
	<element fileoffset="4CC98" posx="23" posy="20" />
	<element fileoffset="49A10" posx="0" posy="21" />
	<element fileoffset="49A28" posx="1" posy="21" />
	<element fileoffset="49A40" posx="2" posy="21" />
	<element fileoffset="49A58" posx="3" posy="21" />
	<element fileoffset="49A70" posx="4" posy="21" />
	<element fileoffset="49A88" posx="5" posy="21" />
	<element fileoffset="4AAF0" posx="6" posy="21" />
	<element fileoffset="4AB08" posx="7" posy="21" />
	<element fileoffset="4AB20" posx="8" posy="21" />
	<element fileoffset="4AB38" posx="9" posy="21" />
	<element fileoffset="4AB50" posx="10" posy="21" />
	<element fileoffset="4AB68" posx="11" posy="21" />
	<element fileoffset="4BAB0" posx="12" posy="21" />
	<element fileoffset="4BAC8" posx="13" posy="21" />
	<element fileoffset="4BAE0" posx="14" posy="21" />
	<element fileoffset="4BAF8" posx="15" posy="21" />
	<element fileoffset="4BB10" posx="16" posy="21" />
	<element fileoffset="4BB28" posx="17" posy="21" />
	<element fileoffset="4CCB0" posx="18" posy="21" />
	<element fileoffset="4CCC8" posx="19" posy="21" />
	<element fileoffset="4CCE0" posx="20" posy="21" />
	<element fileoffset="4CCF8" posx="21" posy="21" />
	<element fileoffset="4CD10" posx="22" posy="21" />
	<element fileoffset="4CD28" posx="23" posy="21" />
	<element fileoffset="49AA0" posx="0" posy="22" />
	<element fileoffset="49AB8" posx="1" posy="22" />
	<element fileoffset="49AD0" posx="2" posy="22" />
	<element fileoffset="49AE8" posx="3" posy="22" />
	<element fileoffset="49B00" posx="4" posy="22" />
	<element fileoffset="49B18" posx="5" posy="22" />
	<element fileoffset="4AB80" posx="6" posy="22" />
	<element fileoffset="4AB98" posx="7" posy="22" />
	<element fileoffset="4ABB0" posx="8" posy="22" />
	<element fileoffset="4ABC8" posx="9" posy="22" />
	<element fileoffset="4ABE0" posx="10" posy="22" />
	<element fileoffset="4ABF8" posx="11" posy="22" />
	<element fileoffset="4BB40" posx="12" posy="22" />
	<element fileoffset="4BB58" posx="13" posy="22" />
	<element fileoffset="4BB70" posx="14" posy="22" />
	<element fileoffset="4BB88" posx="15" posy="22" />
	<element fileoffset="4BBA0" posx="16" posy="22" />
	<element fileoffset="4BBB8" posx="17" posy="22" />
	<element fileoffset="4CD40" posx="18" posy="22" />
	<element fileoffset="4CD58" posx="19" posy="22" />
	<element fileoffset="4CD70" posx="20" posy="22" />
	<element fileoffset="4CD88" posx="21" posy="22" />
	<element fileoffset="4CDA0" posx="22" posy="22" />
	<element fileoffset="4CDB8" posx="23" posy="22" />
	<element fileoffset="49B30" posx="0" posy="23" />
	<element fileoffset="49B48" posx="1" posy="23" />
	<element fileoffset="49B60" posx="2" posy="23" />
	<element fileoffset="49B78" posx="3" posy="23" />
	<element fileoffset="49B90" posx="4" posy="23" />
	<element fileoffset="49BA8" posx="5" posy="23" />
	<element fileoffset="4AC10" posx="6" posy="23" />
	<element fileoffset="4AC28" posx="7" posy="23" />
	<element fileoffset="4AC40" posx="8" posy="23" />
	<element fileoffset="4AC58" posx="9" posy="23" />
	<element fileoffset="4AC70" posx="10" posy="23" />
	<element fileoffset="4AC88" posx="11" posy="23" />
	<element fileoffset="4BBD0" posx="12" posy="23" />
	<element fileoffset="4BBE8" posx="13" posy="23" />
	<element fileoffset="4BC00" posx="14" posy="23" />
	<element fileoffset="4BC18" posx="15" posy="23" />
	<element fileoffset="4BC30" posx="16" posy="23" />
	<element fileoffset="4BC48" posx="17" posy="23" />
	<element fileoffset="4CDD0" posx="18" posy="23" />
	<element fileoffset="4CDE8" posx="19" posy="23" />
	<element fileoffset="4CE00" posx="20" posy="23" />
	<element fileoffset="4CE18" posx="21" posy="23" />
	<element fileoffset="4CE30" posx="22" posy="23" />
	<element fileoffset="4CE48" posx="23" posy="23" />
	<element fileoffset="49BC0" posx="0" posy="24" />
	<element fileoffset="49BD8" posx="1" posy="24" />
	<element fileoffset="49BF0" posx="2" posy="24" />
	<element fileoffset="49C08" posx="3" posy="24" />
	<element fileoffset="49C20" posx="4" posy="24" />
	<element fileoffset="49C38" posx="5" posy="24" />
	<element fileoffset="4ACA0" posx="6" posy="24" />
	<element fileoffset="4ACB8" posx="7" posy="24" />
	<element fileoffset="4ACD0" posx="8" posy="24" />
	<element fileoffset="4ACE8" posx="9" posy="24" />
	<element fileoffset="4AD00" posx="10" posy="24" />
	<element fileoffset="4AD18" posx="11" posy="24" />
	<element fileoffset="4BC60" posx="12" posy="24" />
	<element fileoffset="4BC78" posx="13" posy="24" />
	<element fileoffset="4BC90" posx="14" posy="24" />
	<element fileoffset="4BCA8" posx="15" posy="24" />
	<element fileoffset="4BCC0" posx="16" posy="24" />
	<element fileoffset="4BCD8" posx="17" posy="24" />
	<element fileoffset="68D58" posx="18" posy="24" />
	<element fileoffset="68D70" posx="19" posy="24" />
	<element fileoffset="68D88" posx="20" posy="24" />
	<element fileoffset="68DA0" posx="21" posy="24" />
	<element fileoffset="68DB8" posx="22" posy="24" />
	<element fileoffset="68DD0" posx="23" posy="24" />
	<element fileoffset="49C50" posx="0" posy="25" />
	<element fileoffset="49C68" posx="1" posy="25" />
	<element fileoffset="49C80" posx="2" posy="25" />
	<element fileoffset="49C98" posx="3" posy="25" />
	<element fileoffset="49CB0" posx="4" posy="25" />
	<element fileoffset="49CC8" posx="5" posy="25" />
	<element fileoffset="4AD30" posx="6" posy="25" />
	<element fileoffset="4AD48" posx="7" posy="25" />
	<element fileoffset="4AD60" posx="8" posy="25" />
	<element fileoffset="4AD78" posx="9" posy="25" />
	<element fileoffset="4AD90" posx="10" posy="25" />
	<element fileoffset="4ADA8" posx="11" posy="25" />
	<element fileoffset="4BCF0" posx="12" posy="25" />
	<element fileoffset="4BD08" posx="13" posy="25" />
	<element fileoffset="4BD20" posx="14" posy="25" />
	<element fileoffset="4BD38" posx="15" posy="25" />
	<element fileoffset="4BD50" posx="16" posy="25" />
	<element fileoffset="4BD68" posx="17" posy="25" />
	<element fileoffset="68DE8" posx="18" posy="25" />
	<element fileoffset="68E00" posx="19" posy="25" />
	<element fileoffset="68E18" posx="20" posy="25" />
	<element fileoffset="68E30" posx="21" posy="25" />
	<element fileoffset="68E48" posx="22" posy="25" />
	<element fileoffset="68E60" posx="23" posy="25" />
	<element fileoffset="49CE0" posx="0" posy="26" />
	<element fileoffset="49CF8" posx="1" posy="26" />
	<element fileoffset="49D10" posx="2" posy="26" />
	<element fileoffset="49D28" posx="3" posy="26" />
	<element fileoffset="49D40" posx="4" posy="26" />
	<element fileoffset="49D58" posx="5" posy="26" />
	<element fileoffset="4ADC0" posx="6" posy="26" />
	<element fileoffset="4ADD8" posx="7" posy="26" />
	<element fileoffset="4ADF0" posx="8" posy="26" />
	<element fileoffset="4AE08" posx="9" posy="26" />
	<element fileoffset="4AE20" posx="10" posy="26" />
	<element fileoffset="4AE38" posx="11" posy="26" />
	<element fileoffset="4BD80" posx="12" posy="26" />
	<element fileoffset="4BD98" posx="13" posy="26" />
	<element fileoffset="4BDB0" posx="14" posy="26" />
	<element fileoffset="4BDC8" posx="15" posy="26" />
	<element fileoffset="4BDE0" posx="16" posy="26" />
	<element fileoffset="4BDF8" posx="17" posy="26" />
	<element fileoffset="68E78" posx="18" posy="26" />
	<element fileoffset="68E90" posx="19" posy="26" />
	<element fileoffset="68EA8" posx="20" posy="26" />
	<element fileoffset="68EC0" posx="21" posy="26" />
	<element fileoffset="68ED8" posx="22" posy="26" />
	<element fileoffset="68EF0" posx="23" posy="26" />
	<element fileoffset="49D70" posx="0" posy="27" />
	<element fileoffset="49D88" posx="1" posy="27" />
	<element fileoffset="49DA0" posx="2" posy="27" />
	<element fileoffset="49DB8" posx="3" posy="27" />
	<element fileoffset="49DD0" posx="4" posy="27" />
	<element fileoffset="49DE8" posx="5" posy="27" />
	<element fileoffset="4AE50" posx="6" posy="27" />
	<element fileoffset="4AE68" posx="7" posy="27" />
	<element fileoffset="4AE80" posx="8" posy="27" />
	<element fileoffset="4AE98" posx="9" posy="27" />
	<element fileoffset="4AEB0" posx="10" posy="27" />
	<element fileoffset="4AEC8" posx="11" posy="27" />
	<element fileoffset="4BE10" posx="12" posy="27" />
	<element fileoffset="4BE28" posx="13" posy="27" />
	<element fileoffset="4BE40" posx="14" posy="27" />
	<element fileoffset="4BE58" posx="15" posy="27" />
	<element fileoffset="4BE70" posx="16" posy="27" />
	<element fileoffset="4BE88" posx="17" posy="27" />
	<element fileoffset="68F08" posx="18" posy="27" />
	<element fileoffset="68F20" posx="19" posy="27" />
	<element fileoffset="68F38" posx="20" posy="27" />
	<element fileoffset="68F50" posx="21" posy="27" />
	<element fileoffset="68F68" posx="22" posy="27" />
	<element fileoffset="68F80" posx="23" posy="27" />
	<element fileoffset="49E00" posx="0" posy="28" />
	<element fileoffset="49E18" posx="1" posy="28" />
	<element fileoffset="49E30" posx="2" posy="28" />
	<element fileoffset="49E48" posx="3" posy="28" />
	<element fileoffset="49E60" posx="4" posy="28" />
	<element fileoffset="49E78" posx="5" posy="28" />
	<element fileoffset="68B18" posx="6" posy="28" />
	<element fileoffset="68B30" posx="7" posy="28" />
	<element fileoffset="68B48" posx="8" posy="28" />
	<element fileoffset="68B60" posx="9" posy="28" />
	<element fileoffset="68B78" posx="10" posy="28" />
	<element fileoffset="68B90" posx="11" posy="28" />
	<element fileoffset="4BEA0" posx="12" posy="28" />
	<element fileoffset="4BEB8" posx="13" posy="28" />
	<element fileoffset="4BED0" posx="14" posy="28" />
	<element fileoffset="4BEE8" posx="15" posy="28" />
	<element fileoffset="4BF00" posx="16" posy="28" />
	<element fileoffset="4BF18" posx="17" posy="28" />
	<element fileoffset="68F98" posx="18" posy="28" />
	<element fileoffset="68FB0" posx="19" posy="28" />
	<element fileoffset="68FC8" posx="20" posy="28" />
	<element fileoffset="68FE0" posx="21" posy="28" />
	<element fileoffset="68FF8" posx="22" posy="28" />
	<element fileoffset="69010" posx="23" posy="28" />
	<element fileoffset="49E90" posx="0" posy="29" />
	<element fileoffset="49EA8" posx="1" posy="29" />
	<element fileoffset="49EC0" posx="2" posy="29" />
	<element fileoffset="49ED8" posx="3" posy="29" />
	<element fileoffset="49EF0" posx="4" posy="29" />
	<element fileoffset="49F08" posx="5" posy="29" />
	<element fileoffset="68BA8" posx="6" posy="29" />
	<element fileoffset="68BC0" posx="7" posy="29" />
	<element fileoffset="68BD8" posx="8" posy="29" />
	<element fileoffset="68BF0" posx="9" posy="29" />
	<element fileoffset="68C08" posx="10" posy="29" />
	<element fileoffset="68C20" posx="11" posy="29" />
	<element fileoffset="4BF30" posx="12" posy="29" />
	<element fileoffset="4BF48" posx="13" posy="29" />
	<element fileoffset="4BF60" posx="14" posy="29" />
	<element fileoffset="4BF78" posx="15" posy="29" />
	<element fileoffset="4BF90" posx="16" posy="29" />
	<element fileoffset="4BFA8" posx="17" posy="29" />
	<element fileoffset="69028" posx="18" posy="29" />
	<element fileoffset="69040" posx="19" posy="29" />
	<element fileoffset="69058" posx="20" posy="29" />
	<element fileoffset="69070" posx="21" posy="29" />
	<element fileoffset="69088" posx="22" posy="29" />
	<element fileoffset="690A0" posx="23" posy="29" />
	<element fileoffset="68C38" posx="6" posy="30" />
	<element fileoffset="68C50" posx="7" posy="30" />
	<element fileoffset="68C68" posx="8" posy="30" />
	<element fileoffset="68C80" posx="9" posy="30" />
	<element fileoffset="68C98" posx="10" posy="30" />
	<element fileoffset="68CB0" posx="11" posy="30" />
	<element fileoffset="4BFC0" posx="12" posy="30" />
	<element fileoffset="4BFD8" posx="13" posy="30" />
	<element fileoffset="4BFF0" posx="14" posy="30" />
	<element fileoffset="4C008" posx="15" posy="30" />
	<element fileoffset="4C020" posx="16" posy="30" />
	<element fileoffset="4C038" posx="17" posy="30" />
	<element fileoffset="68CC8" posx="6" posy="31" />
	<element fileoffset="68CE0" posx="7" posy="31" />
	<element fileoffset="68CF8" posx="8" posy="31" />
	<element fileoffset="68D10" posx="9" posy="31" />
	<element fileoffset="68D28" posx="10" posy="31" />
	<element fileoffset="68D40" posx="11" posy="31" />
	<element fileoffset="4C050" posx="12" posy="31" />
	<element fileoffset="4C068" posx="13" posy="31" />
	<element fileoffset="4C080" posx="14" posy="31" />
	<element fileoffset="4C098" posx="15" posy="31" />
	<element fileoffset="4C0B0" posx="16" posy="31" />
	<element fileoffset="4C0C8" posx="17" posy="31" />
</arranger>