<?xml version="1.0" encoding="utf-16"?>
<arranger elementsx="24" elementsy="8" width="8" height="8" layout="tiled" color="indexed" defaultcodec="SNES 3bpp" defaultdatafile="/FF2" defaultpalette="DefaultRgba32">
	<element fileoffset="480C0" posx="0" posy="0" />
	<element fileoffset="480D8" posx="1" posy="0" />
	<element fileoffset="480F0" posx="2" posy="0" />
	<element fileoffset="48108" posx="3" posy="0" />
	<element fileoffset="48240" posx="4" posy="0" />
	<element fileoffset="48258" posx="5" posy="0" />
	<element fileoffset="48270" posx="6" posy="0" />
	<element fileoffset="48288" posx="7" posy="0" />
	<element fileoffset="483C0" posx="8" posy="0" />
	<element fileoffset="483D8" posx="9" posy="0" />
	<element fileoffset="483F0" posx="10" posy="0" />
	<element fileoffset="48408" posx="11" posy="0" />
	<element fileoffset="48540" posx="12" posy="0" />
	<element fileoffset="48558" posx="13" posy="0" />
	<element fileoffset="48570" posx="14" posy="0" />
	<element fileoffset="48588" posx="15" posy="0" />
	<element fileoffset="486C0" posx="16" posy="0" />
	<element fileoffset="486D8" posx="17" posy="0" />
	<element fileoffset="486F0" posx="18" posy="0" />
	<element fileoffset="48708" posx="19" posy="0" />
	<element fileoffset="68818" posx="20" posy="0" />
	<element fileoffset="68830" posx="21" posy="0" />
	<element fileoffset="68848" posx="22" posy="0" />
	<element fileoffset="68860" posx="23" posy="0" />
	<element fileoffset="48120" posx="0" posy="1" />
	<element fileoffset="48138" posx="1" posy="1" />
	<element fileoffset="48150" posx="2" posy="1" />
	<element fileoffset="48168" posx="3" posy="1" />
	<element fileoffset="482A0" posx="4" posy="1" />
	<element fileoffset="482B8" posx="5" posy="1" />
	<element fileoffset="482D0" posx="6" posy="1" />
	<element fileoffset="482E8" posx="7" posy="1" />
	<element fileoffset="48420" posx="8" posy="1" />
	<element fileoffset="48438" posx="9" posy="1" />
	<element fileoffset="48450" posx="10" posy="1" />
	<element fileoffset="48468" posx="11" posy="1" />
	<element fileoffset="485A0" posx="12" posy="1" />
	<element fileoffset="485B8" posx="13" posy="1" />
	<element fileoffset="485D0" posx="14" posy="1" />
	<element fileoffset="485E8" posx="15" posy="1" />
	<element fileoffset="48720" posx="16" posy="1" />
	<element fileoffset="48738" posx="17" posy="1" />
	<element fileoffset="48750" posx="18" posy="1" />
	<element fileoffset="48768" posx="19" posy="1" />
	<element fileoffset="68878" posx="20" posy="1" />
	<element fileoffset="68890" posx="21" posy="1" />
	<element fileoffset="688A8" posx="22" posy="1" />
	<element fileoffset="688C0" posx="23" posy="1" />
	<element fileoffset="48180" posx="0" posy="2" />
	<element fileoffset="48198" posx="1" posy="2" />
	<element fileoffset="481B0" posx="2" posy="2" />
	<element fileoffset="481C8" posx="3" posy="2" />
	<element fileoffset="48300" posx="4" posy="2" />
	<element fileoffset="48318" posx="5" posy="2" />
	<element fileoffset="48330" posx="6" posy="2" />
	<element fileoffset="48348" posx="7" posy="2" />
	<element fileoffset="48480" posx="8" posy="2" />
	<element fileoffset="48498" posx="9" posy="2" />
	<element fileoffset="484B0" posx="10" posy="2" />
	<element fileoffset="484C8" posx="11" posy="2" />
	<element fileoffset="48600" posx="12" posy="2" />
	<element fileoffset="48618" posx="13" posy="2" />
	<element fileoffset="48630" posx="14" posy="2" />
	<element fileoffset="48648" posx="15" posy="2" />
	<element fileoffset="48780" posx="16" posy="2" />
	<element fileoffset="48798" posx="17" posy="2" />
	<element fileoffset="487B0" posx="18" posy="2" />
	<element fileoffset="487C8" posx="19" posy="2" />
	<element fileoffset="688D8" posx="20" posy="2" />
	<element fileoffset="688F0" posx="21" posy="2" />
	<element fileoffset="68908" posx="22" posy="2" />
	<element fileoffset="68920" posx="23" posy="2" />
	<element fileoffset="481E0" posx="0" posy="3" />
	<element fileoffset="481F8" posx="1" posy="3" />
	<element fileoffset="48210" posx="2" posy="3" />
	<element fileoffset="48228" posx="3" posy="3" />
	<element fileoffset="48360" posx="4" posy="3" />
	<element fileoffset="48378" posx="5" posy="3" />
	<element fileoffset="48390" posx="6" posy="3" />
	<element fileoffset="483A8" posx="7" posy="3" />
	<element fileoffset="484E0" posx="8" posy="3" />
	<element fileoffset="484F8" posx="9" posy="3" />
	<element fileoffset="48510" posx="10" posy="3" />
	<element fileoffset="48528" posx="11" posy="3" />
	<element fileoffset="48660" posx="12" posy="3" />
	<element fileoffset="48678" posx="13" posy="3" />
	<element fileoffset="48690" posx="14" posy="3" />
	<element fileoffset="486A8" posx="15" posy="3" />
	<element fileoffset="487E0" posx="16" posy="3" />
	<element fileoffset="487F8" posx="17" posy="3" />
	<element fileoffset="48810" posx="18" posy="3" />
	<element fileoffset="48828" posx="19" posy="3" />
	<element fileoffset="68938" posx="20" posy="3" />
	<element fileoffset="68950" posx="21" posy="3" />
	<element fileoffset="68968" posx="22" posy="3" />
	<element fileoffset="68980" posx="23" posy="3" />
	<element fileoffset="48840" posx="0" posy="4" />
	<element fileoffset="48858" posx="1" posy="4" />
	<element fileoffset="48870" posx="2" posy="4" />
	<element fileoffset="48888" posx="3" posy="4" />
	<element fileoffset="489C0" posx="4" posy="4" />
	<element fileoffset="489D8" posx="5" posy="4" />
	<element fileoffset="489F0" posx="6" posy="4" />
	<element fileoffset="48A08" posx="7" posy="4" />
	<element fileoffset="48B40" posx="8" posy="4" />
	<element fileoffset="48B58" posx="9" posy="4" />
	<element fileoffset="48B70" posx="10" posy="4" />
	<element fileoffset="48B88" posx="11" posy="4" />
	<element fileoffset="48CC0" posx="12" posy="4" />
	<element fileoffset="48CD8" posx="13" posy="4" />
	<element fileoffset="48CF0" posx="14" posy="4" />
	<element fileoffset="48D08" posx="15" posy="4" />
	<element fileoffset="68998" posx="16" posy="4" />
	<element fileoffset="689B0" posx="17" posy="4" />
	<element fileoffset="689C8" posx="18" posy="4" />
	<element fileoffset="689E0" posx="19" posy="4" />
	<element fileoffset="488A0" posx="0" posy="5" />
	<element fileoffset="488B8" posx="1" posy="5" />
	<element fileoffset="488D0" posx="2" posy="5" />
	<element fileoffset="488E8" posx="3" posy="5" />
	<element fileoffset="48A20" posx="4" posy="5" />
	<element fileoffset="48A38" posx="5" posy="5" />
	<element fileoffset="48A50" posx="6" posy="5" />
	<element fileoffset="48A68" posx="7" posy="5" />
	<element fileoffset="48BA0" posx="8" posy="5" />
	<element fileoffset="48BB8" posx="9" posy="5" />
	<element fileoffset="48BD0" posx="10" posy="5" />
	<element fileoffset="48BE8" posx="11" posy="5" />
	<element fileoffset="48D20" posx="12" posy="5" />
	<element fileoffset="48D38" posx="13" posy="5" />
	<element fileoffset="48D50" posx="14" posy="5" />
	<element fileoffset="48D68" posx="15" posy="5" />
	<element fileoffset="689F8" posx="16" posy="5" />
	<element fileoffset="68A10" posx="17" posy="5" />
	<element fileoffset="68A28" posx="18" posy="5" />
	<element fileoffset="68A40" posx="19" posy="5" />
	<element fileoffset="48900" posx="0" posy="6" />
	<element fileoffset="48918" posx="1" posy="6" />
	<element fileoffset="48930" posx="2" posy="6" />
	<element fileoffset="48948" posx="3" posy="6" />
	<element fileoffset="48A80" posx="4" posy="6" />
	<element fileoffset="48A98" posx="5" posy="6" />
	<element fileoffset="48AB0" posx="6" posy="6" />
	<element fileoffset="48AC8" posx="7" posy="6" />
	<element fileoffset="48C00" posx="8" posy="6" />
	<element fileoffset="48C18" posx="9" posy="6" />
	<element fileoffset="48C30" posx="10" posy="6" />
	<element fileoffset="48C48" posx="11" posy="6" />
	<element fileoffset="48D80" posx="12" posy="6" />
	<element fileoffset="48D98" posx="13" posy="6" />
	<element fileoffset="48DB0" posx="14" posy="6" />
	<element fileoffset="48DC8" posx="15" posy="6" />
	<element fileoffset="68A58" posx="16" posy="6" />
	<element fileoffset="68A70" posx="17" posy="6" />
	<element fileoffset="68A88" posx="18" posy="6" />
	<element fileoffset="68AA0" posx="19" posy="6" />
	<element fileoffset="48960" posx="0" posy="7" />
	<element fileoffset="48978" posx="1" posy="7" />
	<element fileoffset="48990" posx="2" posy="7" />
	<element fileoffset="489A8" posx="3" posy="7" />
	<element fileoffset="48AE0" posx="4" posy="7" />
	<element fileoffset="48AF8" posx="5" posy="7" />
	<element fileoffset="48B10" posx="6" posy="7" />
	<element fileoffset="48B28" posx="7" posy="7" />
	<element fileoffset="48C60" posx="8" posy="7" />
	<element fileoffset="48C78" posx="9" posy="7" />
	<element fileoffset="48C90" posx="10" posy="7" />
	<element fileoffset="48CA8" posx="11" posy="7" />
	<element fileoffset="48DE0" posx="12" posy="7" />
	<element fileoffset="48DF8" posx="13" posy="7" />
	<element fileoffset="48E10" posx="14" posy="7" />
	<element fileoffset="48E28" posx="15" posy="7" />
	<element fileoffset="68AB8" posx="16" posy="7" />
	<element fileoffset="68AD0" posx="17" posy="7" />
	<element fileoffset="68AE8" posx="18" posy="7" />
	<element fileoffset="68B00" posx="19" posy="7" />
</arranger>