<?xml version="1.0" encoding="utf-16"?>
<arranger elementsx="12" elementsy="18" width="8" height="8" layout="tiled" color="indexed" defaultcodec="SNES 3bpp" defaultdatafile="/FF2" defaultpalette="DefaultRgba32">
	<element fileoffset="55AC0" posx="0" posy="0" />
	<element fileoffset="55AD8" posx="1" posy="0" />
	<element fileoffset="55AF0" posx="2" posy="0" />
	<element fileoffset="55B08" posx="3" posy="0" />
	<element fileoffset="55B20" posx="4" posy="0" />
	<element fileoffset="55B38" posx="5" posy="0" />
	<element fileoffset="55B50" posx="6" posy="0" />
	<element fileoffset="55B68" posx="7" posy="0" />
	<element fileoffset="55B80" posx="8" posy="0" />
	<element fileoffset="55B98" posx="9" posy="0" />
	<element fileoffset="55BB0" posx="10" posy="0" />
	<element fileoffset="55BC8" posx="11" posy="0" />
	<element fileoffset="55BE0" posx="0" posy="1" />
	<element fileoffset="55BF8" posx="1" posy="1" />
	<element fileoffset="55C10" posx="2" posy="1" />
	<element fileoffset="55C28" posx="3" posy="1" />
	<element fileoffset="55C40" posx="4" posy="1" />
	<element fileoffset="55C58" posx="5" posy="1" />
	<element fileoffset="55C70" posx="6" posy="1" />
	<element fileoffset="55C88" posx="7" posy="1" />
	<element fileoffset="55CA0" posx="8" posy="1" />
	<element fileoffset="55CB8" posx="9" posy="1" />
	<element fileoffset="55CD0" posx="10" posy="1" />
	<element fileoffset="55CE8" posx="11" posy="1" />
	<element fileoffset="55D00" posx="0" posy="2" />
	<element fileoffset="55D18" posx="1" posy="2" />
	<element fileoffset="55D30" posx="2" posy="2" />
	<element fileoffset="55D48" posx="3" posy="2" />
	<element fileoffset="55D60" posx="4" posy="2" />
	<element fileoffset="55D78" posx="5" posy="2" />
	<element fileoffset="55D90" posx="6" posy="2" />
	<element fileoffset="55DA8" posx="7" posy="2" />
	<element fileoffset="55DC0" posx="8" posy="2" />
	<element fileoffset="55DD8" posx="9" posy="2" />
	<element fileoffset="55DF0" posx="10" posy="2" />
	<element fileoffset="55E08" posx="11" posy="2" />
	<element fileoffset="55E20" posx="0" posy="3" />
	<element fileoffset="55E38" posx="1" posy="3" />
	<element fileoffset="55E50" posx="2" posy="3" />
	<element fileoffset="55E68" posx="3" posy="3" />
	<element fileoffset="55E80" posx="4" posy="3" />
	<element fileoffset="55E98" posx="5" posy="3" />
	<element fileoffset="55EB0" posx="6" posy="3" />
	<element fileoffset="55EC8" posx="7" posy="3" />
	<element fileoffset="55EE0" posx="8" posy="3" />
	<element fileoffset="55EF8" posx="9" posy="3" />
	<element fileoffset="55F10" posx="10" posy="3" />
	<element fileoffset="55F28" posx="11" posy="3" />
	<element fileoffset="55F40" posx="0" posy="4" />
	<element fileoffset="55F58" posx="1" posy="4" />
	<element fileoffset="55F70" posx="2" posy="4" />
	<element fileoffset="55F88" posx="3" posy="4" />
	<element fileoffset="55FA0" posx="4" posy="4" />
	<element fileoffset="55FB8" posx="5" posy="4" />
	<element fileoffset="55FD0" posx="6" posy="4" />
	<element fileoffset="55FE8" posx="7" posy="4" />
	<element fileoffset="56000" posx="8" posy="4" />
	<element fileoffset="56018" posx="9" posy="4" />
	<element fileoffset="56030" posx="10" posy="4" />
	<element fileoffset="56048" posx="11" posy="4" />
	<element fileoffset="56060" posx="0" posy="5" />
	<element fileoffset="56078" posx="1" posy="5" />
	<element fileoffset="56090" posx="2" posy="5" />
	<element fileoffset="560A8" posx="3" posy="5" />
	<element fileoffset="560C0" posx="4" posy="5" />
	<element fileoffset="560D8" posx="5" posy="5" />
	<element fileoffset="560F0" posx="6" posy="5" />
	<element fileoffset="56108" posx="7" posy="5" />
	<element fileoffset="56120" posx="8" posy="5" />
	<element fileoffset="56138" posx="9" posy="5" />
	<element fileoffset="56150" posx="10" posy="5" />
	<element fileoffset="56168" posx="11" posy="5" />
	<element fileoffset="56180" posx="0" posy="6" />
	<element fileoffset="56198" posx="1" posy="6" />
	<element fileoffset="561B0" posx="2" posy="6" />
	<element fileoffset="561C8" posx="3" posy="6" />
	<element fileoffset="561E0" posx="4" posy="6" />
	<element fileoffset="561F8" posx="5" posy="6" />
	<element fileoffset="56210" posx="6" posy="6" />
	<element fileoffset="56228" posx="7" posy="6" />
	<element fileoffset="56240" posx="8" posy="6" />
	<element fileoffset="56258" posx="9" posy="6" />
	<element fileoffset="56270" posx="10" posy="6" />
	<element fileoffset="56288" posx="11" posy="6" />
	<element fileoffset="562A0" posx="0" posy="7" />
	<element fileoffset="562B8" posx="1" posy="7" />
	<element fileoffset="562D0" posx="2" posy="7" />
	<element fileoffset="562E8" posx="3" posy="7" />
	<element fileoffset="56300" posx="4" posy="7" />
	<element fileoffset="56318" posx="5" posy="7" />
	<element fileoffset="56330" posx="6" posy="7" />
	<element fileoffset="56348" posx="7" posy="7" />
	<element fileoffset="56360" posx="8" posy="7" />
	<element fileoffset="56378" posx="9" posy="7" />
	<element fileoffset="56390" posx="10" posy="7" />
	<element fileoffset="563A8" posx="11" posy="7" />
	<element fileoffset="563C0" posx="0" posy="8" />
	<element fileoffset="563D8" posx="1" posy="8" />
	<element fileoffset="563F0" posx="2" posy="8" />
	<element fileoffset="56408" posx="3" posy="8" />
	<element fileoffset="56420" posx="4" posy="8" />
	<element fileoffset="56438" posx="5" posy="8" />
	<element fileoffset="56450" posx="6" posy="8" />
	<element fileoffset="56468" posx="7" posy="8" />
	<element fileoffset="56480" posx="8" posy="8" />
	<element fileoffset="56498" posx="9" posy="8" />
	<element fileoffset="564B0" posx="10" posy="8" />
	<element fileoffset="564C8" posx="11" posy="8" />
	<element fileoffset="564E0" posx="0" posy="9" />
	<element fileoffset="564F8" posx="1" posy="9" />
	<element fileoffset="56510" posx="2" posy="9" />
	<element fileoffset="56528" posx="3" posy="9" />
	<element fileoffset="56540" posx="4" posy="9" />
	<element fileoffset="56558" posx="5" posy="9" />
	<element fileoffset="56570" posx="6" posy="9" />
	<element fileoffset="56588" posx="7" posy="9" />
	<element fileoffset="565A0" posx="8" posy="9" />
	<element fileoffset="565B8" posx="9" posy="9" />
	<element fileoffset="565D0" posx="10" posy="9" />
	<element fileoffset="565E8" posx="11" posy="9" />
	<element fileoffset="56600" posx="0" posy="10" />
	<element fileoffset="56618" posx="1" posy="10" />
	<element fileoffset="56630" posx="2" posy="10" />
	<element fileoffset="56648" posx="3" posy="10" />
	<element fileoffset="56660" posx="4" posy="10" />
	<element fileoffset="56678" posx="5" posy="10" />
	<element fileoffset="56690" posx="6" posy="10" />
	<element fileoffset="566A8" posx="7" posy="10" />
	<element fileoffset="566C0" posx="8" posy="10" />
	<element fileoffset="566D8" posx="9" posy="10" />
	<element fileoffset="566F0" posx="10" posy="10" />
	<element fileoffset="56708" posx="11" posy="10" />
	<element fileoffset="56720" posx="0" posy="11" />
	<element fileoffset="56738" posx="1" posy="11" />
	<element fileoffset="56750" posx="2" posy="11" />
	<element fileoffset="56768" posx="3" posy="11" />
	<element fileoffset="56780" posx="4" posy="11" />
	<element fileoffset="56798" posx="5" posy="11" />
	<element fileoffset="567B0" posx="6" posy="11" />
	<element fileoffset="567C8" posx="7" posy="11" />
	<element fileoffset="567E0" posx="8" posy="11" />
	<element fileoffset="567F8" posx="9" posy="11" />
	<element fileoffset="56810" posx="10" posy="11" />
	<element fileoffset="56828" posx="11" posy="11" />
	<element fileoffset="56840" posx="0" posy="12" />
	<element fileoffset="56858" posx="1" posy="12" />
	<element fileoffset="56870" posx="2" posy="12" />
	<element fileoffset="56888" posx="3" posy="12" />
	<element fileoffset="568A0" posx="4" posy="12" />
	<element fileoffset="568B8" posx="5" posy="12" />
	<element fileoffset="568D0" posx="6" posy="12" />
	<element fileoffset="568E8" posx="7" posy="12" />
	<element fileoffset="56900" posx="8" posy="12" />
	<element fileoffset="56918" posx="9" posy="12" />
	<element fileoffset="56930" posx="10" posy="12" />
	<element fileoffset="56948" posx="11" posy="12" />
	<element fileoffset="56960" posx="0" posy="13" />
	<element fileoffset="56978" posx="1" posy="13" />
	<element fileoffset="56990" posx="2" posy="13" />
	<element fileoffset="569A8" posx="3" posy="13" />
	<element fileoffset="569C0" posx="4" posy="13" />
	<element fileoffset="569D8" posx="5" posy="13" />
	<element fileoffset="569F0" posx="6" posy="13" />
	<element fileoffset="56A08" posx="7" posy="13" />
	<element fileoffset="56A20" posx="8" posy="13" />
	<element fileoffset="56A38" posx="9" posy="13" />
	<element fileoffset="56A50" posx="10" posy="13" />
	<element fileoffset="56A68" posx="11" posy="13" />
	<element fileoffset="56A80" posx="0" posy="14" />
	<element fileoffset="56A98" posx="1" posy="14" />
	<element fileoffset="56AB0" posx="2" posy="14" />
	<element fileoffset="56AC8" posx="3" posy="14" />
	<element fileoffset="56AE0" posx="4" posy="14" />
	<element fileoffset="56AF8" posx="5" posy="14" />
	<element fileoffset="56B10" posx="6" posy="14" />
	<element fileoffset="56B28" posx="7" posy="14" />
	<element fileoffset="56B40" posx="8" posy="14" />
	<element fileoffset="56B58" posx="9" posy="14" />
	<element fileoffset="56B70" posx="10" posy="14" />
	<element fileoffset="56B88" posx="11" posy="14" />
	<element fileoffset="56BA0" posx="0" posy="15" />
	<element fileoffset="56BB8" posx="1" posy="15" />
	<element fileoffset="56BD0" posx="2" posy="15" />
	<element fileoffset="56BE8" posx="3" posy="15" />
	<element fileoffset="56C00" posx="4" posy="15" />
	<element fileoffset="56C18" posx="5" posy="15" />
	<element fileoffset="56C30" posx="6" posy="15" />
	<element fileoffset="56C48" posx="7" posy="15" />
	<element fileoffset="56C60" posx="8" posy="15" />
	<element fileoffset="56C78" posx="9" posy="15" />
	<element fileoffset="56C90" posx="10" posy="15" />
	<element fileoffset="56CA8" posx="11" posy="15" />
	<element fileoffset="56CC0" posx="0" posy="16" />
	<element fileoffset="56CD8" posx="1" posy="16" />
	<element fileoffset="56CF0" posx="2" posy="16" />
	<element fileoffset="56D08" posx="3" posy="16" />
	<element fileoffset="56D20" posx="4" posy="16" />
	<element fileoffset="56D38" posx="5" posy="16" />
	<element fileoffset="56D50" posx="6" posy="16" />
	<element fileoffset="56D68" posx="7" posy="16" />
	<element fileoffset="56D80" posx="8" posy="16" />
	<element fileoffset="56D98" posx="9" posy="16" />
	<element fileoffset="56DB0" posx="10" posy="16" />
	<element fileoffset="56DC8" posx="11" posy="16" />
	<element fileoffset="56DE0" posx="0" posy="17" />
	<element fileoffset="56DF8" posx="1" posy="17" />
	<element fileoffset="56E10" posx="2" posy="17" />
	<element fileoffset="56E28" posx="3" posy="17" />
	<element fileoffset="56E40" posx="4" posy="17" />
	<element fileoffset="56E58" posx="5" posy="17" />
	<element fileoffset="56E70" posx="6" posy="17" />
	<element fileoffset="56E88" posx="7" posy="17" />
	<element fileoffset="56EA0" posx="8" posy="17" />
	<element fileoffset="56EB8" posx="9" posy="17" />
	<element fileoffset="56ED0" posx="10" posy="17" />
	<element fileoffset="56EE8" posx="11" posy="17" />
</arranger>