<?xml version="1.0" encoding="utf-16"?>
<arranger elementsx="4" elementsy="2" width="8" height="8" layout="tiled" color="indexed" defaultcodec="SNES 3bpp" defaultdatafile="/FF2" defaultpalette="/Enemy Palettes/EnemyPal8">
	<element fileoffset="48000" posx="0" posy="0" />
	<element fileoffset="48018" posx="1" posy="0" />
	<element fileoffset="48060" posx="2" posy="0" />
	<element fileoffset="48078" posx="3" posy="0" />
	<element fileoffset="48030" posx="0" posy="1" />
	<element fileoffset="48048" posx="1" posy="1" />
	<element fileoffset="48090" posx="2" posy="1" />
	<element fileoffset="480A8" posx="3" posy="1" />
</arranger>