<?xml version="1.0" encoding="utf-16"?>
<arranger elementsx="6" elementsy="20" width="8" height="8" layout="tiled" color="indexed" defaultcodec="SNES 3bpp" defaultdatafile="/FF2" defaultpalette="DefaultRgba32">
	<element fileoffset="51200" posx="0" posy="0" />
	<element fileoffset="51218" posx="1" posy="0" />
	<element fileoffset="51230" posx="2" posy="0" />
	<element fileoffset="51248" posx="3" posy="0" />
	<element fileoffset="51260" posx="4" posy="0" />
	<element fileoffset="51278" posx="5" posy="0" />
	<element fileoffset="51290" posx="0" posy="1" />
	<element fileoffset="512A8" posx="1" posy="1" />
	<element fileoffset="512C0" posx="2" posy="1" />
	<element fileoffset="512D8" posx="3" posy="1" />
	<element fileoffset="512F0" posx="4" posy="1" />
	<element fileoffset="51308" posx="5" posy="1" />
	<element fileoffset="51320" posx="0" posy="2" />
	<element fileoffset="51338" posx="1" posy="2" />
	<element fileoffset="51350" posx="2" posy="2" />
	<element fileoffset="51368" posx="3" posy="2" />
	<element fileoffset="51380" posx="4" posy="2" />
	<element fileoffset="51398" posx="5" posy="2" />
	<element fileoffset="513B0" posx="0" posy="3" />
	<element fileoffset="513C8" posx="1" posy="3" />
	<element fileoffset="513E0" posx="2" posy="3" />
	<element fileoffset="513F8" posx="3" posy="3" />
	<element fileoffset="51410" posx="4" posy="3" />
	<element fileoffset="51428" posx="5" posy="3" />
	<element fileoffset="51440" posx="0" posy="4" />
	<element fileoffset="51458" posx="1" posy="4" />
	<element fileoffset="51470" posx="2" posy="4" />
	<element fileoffset="51488" posx="3" posy="4" />
	<element fileoffset="514A0" posx="4" posy="4" />
	<element fileoffset="514B8" posx="5" posy="4" />
	<element fileoffset="514D0" posx="0" posy="5" />
	<element fileoffset="514E8" posx="1" posy="5" />
	<element fileoffset="51500" posx="2" posy="5" />
	<element fileoffset="51518" posx="3" posy="5" />
	<element fileoffset="51530" posx="4" posy="5" />
	<element fileoffset="51548" posx="5" posy="5" />
	<element fileoffset="51560" posx="0" posy="6" />
	<element fileoffset="51578" posx="1" posy="6" />
	<element fileoffset="51590" posx="2" posy="6" />
	<element fileoffset="515A8" posx="3" posy="6" />
	<element fileoffset="515C0" posx="4" posy="6" />
	<element fileoffset="515D8" posx="5" posy="6" />
	<element fileoffset="515F0" posx="0" posy="7" />
	<element fileoffset="51608" posx="1" posy="7" />
	<element fileoffset="51620" posx="2" posy="7" />
	<element fileoffset="51638" posx="3" posy="7" />
	<element fileoffset="51650" posx="4" posy="7" />
	<element fileoffset="51668" posx="5" posy="7" />
	<element fileoffset="51680" posx="0" posy="8" />
	<element fileoffset="51698" posx="1" posy="8" />
	<element fileoffset="516B0" posx="2" posy="8" />
	<element fileoffset="516C8" posx="3" posy="8" />
	<element fileoffset="516E0" posx="4" posy="8" />
	<element fileoffset="516F8" posx="5" posy="8" />
	<element fileoffset="51710" posx="0" posy="9" />
	<element fileoffset="51728" posx="1" posy="9" />
	<element fileoffset="51740" posx="2" posy="9" />
	<element fileoffset="51758" posx="3" posy="9" />
	<element fileoffset="51770" posx="4" posy="9" />
	<element fileoffset="51788" posx="5" posy="9" />
	<element fileoffset="517A0" posx="0" posy="10" />
	<element fileoffset="517B8" posx="1" posy="10" />
	<element fileoffset="517D0" posx="2" posy="10" />
	<element fileoffset="517E8" posx="3" posy="10" />
	<element fileoffset="51800" posx="4" posy="10" />
	<element fileoffset="51818" posx="5" posy="10" />
	<element fileoffset="51830" posx="0" posy="11" />
	<element fileoffset="51848" posx="1" posy="11" />
	<element fileoffset="51860" posx="2" posy="11" />
	<element fileoffset="51878" posx="3" posy="11" />
	<element fileoffset="51890" posx="4" posy="11" />
	<element fileoffset="518A8" posx="5" posy="11" />
	<element fileoffset="518C0" posx="0" posy="12" />
	<element fileoffset="518D8" posx="1" posy="12" />
	<element fileoffset="518F0" posx="2" posy="12" />
	<element fileoffset="51908" posx="3" posy="12" />
	<element fileoffset="51920" posx="4" posy="12" />
	<element fileoffset="51938" posx="5" posy="12" />
	<element fileoffset="51950" posx="0" posy="13" />
	<element fileoffset="51968" posx="1" posy="13" />
	<element fileoffset="51980" posx="2" posy="13" />
	<element fileoffset="51998" posx="3" posy="13" />
	<element fileoffset="519B0" posx="4" posy="13" />
	<element fileoffset="519C8" posx="5" posy="13" />
	<element fileoffset="519E0" posx="0" posy="14" />
	<element fileoffset="519F8" posx="1" posy="14" />
	<element fileoffset="51A10" posx="2" posy="14" />
	<element fileoffset="51A28" posx="3" posy="14" />
	<element fileoffset="51A40" posx="4" posy="14" />
	<element fileoffset="51A58" posx="5" posy="14" />
	<element fileoffset="51A70" posx="0" posy="15" />
	<element fileoffset="51A88" posx="1" posy="15" />
	<element fileoffset="51AA0" posx="2" posy="15" />
	<element fileoffset="51AB8" posx="3" posy="15" />
	<element fileoffset="51AD0" posx="4" posy="15" />
	<element fileoffset="51AE8" posx="5" posy="15" />
	<element fileoffset="51B00" posx="0" posy="16" />
	<element fileoffset="51B18" posx="1" posy="16" />
	<element fileoffset="51B30" posx="2" posy="16" />
	<element fileoffset="51B48" posx="3" posy="16" />
	<element fileoffset="51B60" posx="4" posy="16" />
	<element fileoffset="51B78" posx="5" posy="16" />
	<element fileoffset="51B90" posx="0" posy="17" />
	<element fileoffset="51BA8" posx="1" posy="17" />
	<element fileoffset="51BC0" posx="2" posy="17" />
	<element fileoffset="51BD8" posx="3" posy="17" />
	<element fileoffset="51BF0" posx="4" posy="17" />
	<element fileoffset="51C08" posx="5" posy="17" />
	<element fileoffset="51C20" posx="0" posy="18" />
	<element fileoffset="51C38" posx="1" posy="18" />
	<element fileoffset="51C50" posx="2" posy="18" />
	<element fileoffset="51C68" posx="3" posy="18" />
	<element fileoffset="51C80" posx="4" posy="18" />
	<element fileoffset="51C98" posx="5" posy="18" />
	<element fileoffset="51CB0" posx="0" posy="19" />
	<element fileoffset="51CC8" posx="1" posy="19" />
	<element fileoffset="51CE0" posx="2" posy="19" />
	<element fileoffset="51CF8" posx="3" posy="19" />
	<element fileoffset="51D10" posx="4" posy="19" />
	<element fileoffset="51D28" posx="5" posy="19" />
</arranger>