<?xml version="1.0" encoding="utf-16"?>
<arranger elementsx="48" elementsy="12" width="8" height="8" layout="tiled" color="indexed" defaultcodec="SNES 3bpp" defaultdatafile="/FF2" defaultpalette="DefaultRgba32">
	<element fileoffset="4CE60" posx="0" posy="0" />
	<element fileoffset="4CE78" posx="1" posy="0" />
	<element fileoffset="4CE90" posx="2" posy="0" />
	<element fileoffset="4CEA8" posx="3" posy="0" />
	<element fileoffset="4CEC0" posx="4" posy="0" />
	<element fileoffset="4CED8" posx="5" posy="0" />
	<element fileoffset="4CEF0" posx="6" posy="0" />
	<element fileoffset="4CF08" posx="7" posy="0" />
	<element fileoffset="4D2E0" posx="8" posy="0" />
	<element fileoffset="4D2F8" posx="9" posy="0" />
	<element fileoffset="4D310" posx="10" posy="0" />
	<element fileoffset="4D328" posx="11" posy="0" />
	<element fileoffset="4D340" posx="12" posy="0" />
	<element fileoffset="4D358" posx="13" posy="0" />
	<element fileoffset="4D370" posx="14" posy="0" />
	<element fileoffset="4D388" posx="15" posy="0" />
	<element fileoffset="4D760" posx="16" posy="0" />
	<element fileoffset="4D778" posx="17" posy="0" />
	<element fileoffset="4D790" posx="18" posy="0" />
	<element fileoffset="4D7A8" posx="19" posy="0" />
	<element fileoffset="4D7C0" posx="20" posy="0" />
	<element fileoffset="4D7D8" posx="21" posy="0" />
	<element fileoffset="4D7F0" posx="22" posy="0" />
	<element fileoffset="4D808" posx="23" posy="0" />
	<element fileoffset="4DBE0" posx="24" posy="0" />
	<element fileoffset="4DBF8" posx="25" posy="0" />
	<element fileoffset="4DC10" posx="26" posy="0" />
	<element fileoffset="4DC28" posx="27" posy="0" />
	<element fileoffset="4DC40" posx="28" posy="0" />
	<element fileoffset="4DC58" posx="29" posy="0" />
	<element fileoffset="4DC70" posx="30" posy="0" />
	<element fileoffset="4DC88" posx="31" posy="0" />
	<element fileoffset="4E060" posx="32" posy="0" />
	<element fileoffset="4E078" posx="33" posy="0" />
	<element fileoffset="4E090" posx="34" posy="0" />
	<element fileoffset="4E0A8" posx="35" posy="0" />
	<element fileoffset="4E0C0" posx="36" posy="0" />
	<element fileoffset="4E0D8" posx="37" posy="0" />
	<element fileoffset="4E0F0" posx="38" posy="0" />
	<element fileoffset="4E108" posx="39" posy="0" />
	<element fileoffset="4E4E0" posx="40" posy="0" />
	<element fileoffset="4E4F8" posx="41" posy="0" />
	<element fileoffset="4E510" posx="42" posy="0" />
	<element fileoffset="4E528" posx="43" posy="0" />
	<element fileoffset="4E540" posx="44" posy="0" />
	<element fileoffset="4E558" posx="45" posy="0" />
	<element fileoffset="4E570" posx="46" posy="0" />
	<element fileoffset="4E588" posx="47" posy="0" />
	<element fileoffset="4CF20" posx="0" posy="1" />
	<element fileoffset="4CF38" posx="1" posy="1" />
	<element fileoffset="4CF50" posx="2" posy="1" />
	<element fileoffset="4CF68" posx="3" posy="1" />
	<element fileoffset="4CF80" posx="4" posy="1" />
	<element fileoffset="4CF98" posx="5" posy="1" />
	<element fileoffset="4CFB0" posx="6" posy="1" />
	<element fileoffset="4CFC8" posx="7" posy="1" />
	<element fileoffset="4D3A0" posx="8" posy="1" />
	<element fileoffset="4D3B8" posx="9" posy="1" />
	<element fileoffset="4D3D0" posx="10" posy="1" />
	<element fileoffset="4D3E8" posx="11" posy="1" />
	<element fileoffset="4D400" posx="12" posy="1" />
	<element fileoffset="4D418" posx="13" posy="1" />
	<element fileoffset="4D430" posx="14" posy="1" />
	<element fileoffset="4D448" posx="15" posy="1" />
	<element fileoffset="4D820" posx="16" posy="1" />
	<element fileoffset="4D838" posx="17" posy="1" />
	<element fileoffset="4D850" posx="18" posy="1" />
	<element fileoffset="4D868" posx="19" posy="1" />
	<element fileoffset="4D880" posx="20" posy="1" />
	<element fileoffset="4D898" posx="21" posy="1" />
	<element fileoffset="4D8B0" posx="22" posy="1" />
	<element fileoffset="4D8C8" posx="23" posy="1" />
	<element fileoffset="4DCA0" posx="24" posy="1" />
	<element fileoffset="4DCB8" posx="25" posy="1" />
	<element fileoffset="4DCD0" posx="26" posy="1" />
	<element fileoffset="4DCE8" posx="27" posy="1" />
	<element fileoffset="4DD00" posx="28" posy="1" />
	<element fileoffset="4DD18" posx="29" posy="1" />
	<element fileoffset="4DD30" posx="30" posy="1" />
	<element fileoffset="4DD48" posx="31" posy="1" />
	<element fileoffset="4E120" posx="32" posy="1" />
	<element fileoffset="4E138" posx="33" posy="1" />
	<element fileoffset="4E150" posx="34" posy="1" />
	<element fileoffset="4E168" posx="35" posy="1" />
	<element fileoffset="4E180" posx="36" posy="1" />
	<element fileoffset="4E198" posx="37" posy="1" />
	<element fileoffset="4E1B0" posx="38" posy="1" />
	<element fileoffset="4E1C8" posx="39" posy="1" />
	<element fileoffset="4E5A0" posx="40" posy="1" />
	<element fileoffset="4E5B8" posx="41" posy="1" />
	<element fileoffset="4E5D0" posx="42" posy="1" />
	<element fileoffset="4E5E8" posx="43" posy="1" />
	<element fileoffset="4E600" posx="44" posy="1" />
	<element fileoffset="4E618" posx="45" posy="1" />
	<element fileoffset="4E630" posx="46" posy="1" />
	<element fileoffset="4E648" posx="47" posy="1" />
	<element fileoffset="4CFE0" posx="0" posy="2" />
	<element fileoffset="4CFF8" posx="1" posy="2" />
	<element fileoffset="4D010" posx="2" posy="2" />
	<element fileoffset="4D028" posx="3" posy="2" />
	<element fileoffset="4D040" posx="4" posy="2" />
	<element fileoffset="4D058" posx="5" posy="2" />
	<element fileoffset="4D070" posx="6" posy="2" />
	<element fileoffset="4D088" posx="7" posy="2" />
	<element fileoffset="4D460" posx="8" posy="2" />
	<element fileoffset="4D478" posx="9" posy="2" />
	<element fileoffset="4D490" posx="10" posy="2" />
	<element fileoffset="4D4A8" posx="11" posy="2" />
	<element fileoffset="4D4C0" posx="12" posy="2" />
	<element fileoffset="4D4D8" posx="13" posy="2" />
	<element fileoffset="4D4F0" posx="14" posy="2" />
	<element fileoffset="4D508" posx="15" posy="2" />
	<element fileoffset="4D8E0" posx="16" posy="2" />
	<element fileoffset="4D8F8" posx="17" posy="2" />
	<element fileoffset="4D910" posx="18" posy="2" />
	<element fileoffset="4D928" posx="19" posy="2" />
	<element fileoffset="4D940" posx="20" posy="2" />
	<element fileoffset="4D958" posx="21" posy="2" />
	<element fileoffset="4D970" posx="22" posy="2" />
	<element fileoffset="4D988" posx="23" posy="2" />
	<element fileoffset="4DD60" posx="24" posy="2" />
	<element fileoffset="4DD78" posx="25" posy="2" />
	<element fileoffset="4DD90" posx="26" posy="2" />
	<element fileoffset="4DDA8" posx="27" posy="2" />
	<element fileoffset="4DDC0" posx="28" posy="2" />
	<element fileoffset="4DDD8" posx="29" posy="2" />
	<element fileoffset="4DDF0" posx="30" posy="2" />
	<element fileoffset="4DE08" posx="31" posy="2" />
	<element fileoffset="4E1E0" posx="32" posy="2" />
	<element fileoffset="4E1F8" posx="33" posy="2" />
	<element fileoffset="4E210" posx="34" posy="2" />
	<element fileoffset="4E228" posx="35" posy="2" />
	<element fileoffset="4E240" posx="36" posy="2" />
	<element fileoffset="4E258" posx="37" posy="2" />
	<element fileoffset="4E270" posx="38" posy="2" />
	<element fileoffset="4E288" posx="39" posy="2" />
	<element fileoffset="4E660" posx="40" posy="2" />
	<element fileoffset="4E678" posx="41" posy="2" />
	<element fileoffset="4E690" posx="42" posy="2" />
	<element fileoffset="4E6A8" posx="43" posy="2" />
	<element fileoffset="4E6C0" posx="44" posy="2" />
	<element fileoffset="4E6D8" posx="45" posy="2" />
	<element fileoffset="4E6F0" posx="46" posy="2" />
	<element fileoffset="4E708" posx="47" posy="2" />
	<element fileoffset="4D0A0" posx="0" posy="3" />
	<element fileoffset="4D0B8" posx="1" posy="3" />
	<element fileoffset="4D0D0" posx="2" posy="3" />
	<element fileoffset="4D0E8" posx="3" posy="3" />
	<element fileoffset="4D100" posx="4" posy="3" />
	<element fileoffset="4D118" posx="5" posy="3" />
	<element fileoffset="4D130" posx="6" posy="3" />
	<element fileoffset="4D148" posx="7" posy="3" />
	<element fileoffset="4D520" posx="8" posy="3" />
	<element fileoffset="4D538" posx="9" posy="3" />
	<element fileoffset="4D550" posx="10" posy="3" />
	<element fileoffset="4D568" posx="11" posy="3" />
	<element fileoffset="4D580" posx="12" posy="3" />
	<element fileoffset="4D598" posx="13" posy="3" />
	<element fileoffset="4D5B0" posx="14" posy="3" />
	<element fileoffset="4D5C8" posx="15" posy="3" />
	<element fileoffset="4D9A0" posx="16" posy="3" />
	<element fileoffset="4D9B8" posx="17" posy="3" />
	<element fileoffset="4D9D0" posx="18" posy="3" />
	<element fileoffset="4D9E8" posx="19" posy="3" />
	<element fileoffset="4DA00" posx="20" posy="3" />
	<element fileoffset="4DA18" posx="21" posy="3" />
	<element fileoffset="4DA30" posx="22" posy="3" />
	<element fileoffset="4DA48" posx="23" posy="3" />
	<element fileoffset="4DE20" posx="24" posy="3" />
	<element fileoffset="4DE38" posx="25" posy="3" />
	<element fileoffset="4DE50" posx="26" posy="3" />
	<element fileoffset="4DE68" posx="27" posy="3" />
	<element fileoffset="4DE80" posx="28" posy="3" />
	<element fileoffset="4DE98" posx="29" posy="3" />
	<element fileoffset="4DEB0" posx="30" posy="3" />
	<element fileoffset="4DEC8" posx="31" posy="3" />
	<element fileoffset="4E2A0" posx="32" posy="3" />
	<element fileoffset="4E2B8" posx="33" posy="3" />
	<element fileoffset="4E2D0" posx="34" posy="3" />
	<element fileoffset="4E2E8" posx="35" posy="3" />
	<element fileoffset="4E300" posx="36" posy="3" />
	<element fileoffset="4E318" posx="37" posy="3" />
	<element fileoffset="4E330" posx="38" posy="3" />
	<element fileoffset="4E348" posx="39" posy="3" />
	<element fileoffset="4E720" posx="40" posy="3" />
	<element fileoffset="4E738" posx="41" posy="3" />
	<element fileoffset="4E750" posx="42" posy="3" />
	<element fileoffset="4E768" posx="43" posy="3" />
	<element fileoffset="4E780" posx="44" posy="3" />
	<element fileoffset="4E798" posx="45" posy="3" />
	<element fileoffset="4E7B0" posx="46" posy="3" />
	<element fileoffset="4E7C8" posx="47" posy="3" />
	<element fileoffset="4D160" posx="0" posy="4" />
	<element fileoffset="4D178" posx="1" posy="4" />
	<element fileoffset="4D190" posx="2" posy="4" />
	<element fileoffset="4D1A8" posx="3" posy="4" />
	<element fileoffset="4D1C0" posx="4" posy="4" />
	<element fileoffset="4D1D8" posx="5" posy="4" />
	<element fileoffset="4D1F0" posx="6" posy="4" />
	<element fileoffset="4D208" posx="7" posy="4" />
	<element fileoffset="4D5E0" posx="8" posy="4" />
	<element fileoffset="4D5F8" posx="9" posy="4" />
	<element fileoffset="4D610" posx="10" posy="4" />
	<element fileoffset="4D628" posx="11" posy="4" />
	<element fileoffset="4D640" posx="12" posy="4" />
	<element fileoffset="4D658" posx="13" posy="4" />
	<element fileoffset="4D670" posx="14" posy="4" />
	<element fileoffset="4D688" posx="15" posy="4" />
	<element fileoffset="4DA60" posx="16" posy="4" />
	<element fileoffset="4DA78" posx="17" posy="4" />
	<element fileoffset="4DA90" posx="18" posy="4" />
	<element fileoffset="4DAA8" posx="19" posy="4" />
	<element fileoffset="4DAC0" posx="20" posy="4" />
	<element fileoffset="4DAD8" posx="21" posy="4" />
	<element fileoffset="4DAF0" posx="22" posy="4" />
	<element fileoffset="4DB08" posx="23" posy="4" />
	<element fileoffset="4DEE0" posx="24" posy="4" />
	<element fileoffset="4DEF8" posx="25" posy="4" />
	<element fileoffset="4DF10" posx="26" posy="4" />
	<element fileoffset="4DF28" posx="27" posy="4" />
	<element fileoffset="4DF40" posx="28" posy="4" />
	<element fileoffset="4DF58" posx="29" posy="4" />
	<element fileoffset="4DF70" posx="30" posy="4" />
	<element fileoffset="4DF88" posx="31" posy="4" />
	<element fileoffset="4E360" posx="32" posy="4" />
	<element fileoffset="4E378" posx="33" posy="4" />
	<element fileoffset="4E390" posx="34" posy="4" />
	<element fileoffset="4E3A8" posx="35" posy="4" />
	<element fileoffset="4E3C0" posx="36" posy="4" />
	<element fileoffset="4E3D8" posx="37" posy="4" />
	<element fileoffset="4E3F0" posx="38" posy="4" />
	<element fileoffset="4E408" posx="39" posy="4" />
	<element fileoffset="4E7E0" posx="40" posy="4" />
	<element fileoffset="4E7F8" posx="41" posy="4" />
	<element fileoffset="4E810" posx="42" posy="4" />
	<element fileoffset="4E828" posx="43" posy="4" />
	<element fileoffset="4E840" posx="44" posy="4" />
	<element fileoffset="4E858" posx="45" posy="4" />
	<element fileoffset="4E870" posx="46" posy="4" />
	<element fileoffset="4E888" posx="47" posy="4" />
	<element fileoffset="4D220" posx="0" posy="5" />
	<element fileoffset="4D238" posx="1" posy="5" />
	<element fileoffset="4D250" posx="2" posy="5" />
	<element fileoffset="4D268" posx="3" posy="5" />
	<element fileoffset="4D280" posx="4" posy="5" />
	<element fileoffset="4D298" posx="5" posy="5" />
	<element fileoffset="4D2B0" posx="6" posy="5" />
	<element fileoffset="4D2C8" posx="7" posy="5" />
	<element fileoffset="4D6A0" posx="8" posy="5" />
	<element fileoffset="4D6B8" posx="9" posy="5" />
	<element fileoffset="4D6D0" posx="10" posy="5" />
	<element fileoffset="4D6E8" posx="11" posy="5" />
	<element fileoffset="4D700" posx="12" posy="5" />
	<element fileoffset="4D718" posx="13" posy="5" />
	<element fileoffset="4D730" posx="14" posy="5" />
	<element fileoffset="4D748" posx="15" posy="5" />
	<element fileoffset="4DB20" posx="16" posy="5" />
	<element fileoffset="4DB38" posx="17" posy="5" />
	<element fileoffset="4DB50" posx="18" posy="5" />
	<element fileoffset="4DB68" posx="19" posy="5" />
	<element fileoffset="4DB80" posx="20" posy="5" />
	<element fileoffset="4DB98" posx="21" posy="5" />
	<element fileoffset="4DBB0" posx="22" posy="5" />
	<element fileoffset="4DBC8" posx="23" posy="5" />
	<element fileoffset="4DFA0" posx="24" posy="5" />
	<element fileoffset="4DFB8" posx="25" posy="5" />
	<element fileoffset="4DFD0" posx="26" posy="5" />
	<element fileoffset="4DFE8" posx="27" posy="5" />
	<element fileoffset="4E000" posx="28" posy="5" />
	<element fileoffset="4E018" posx="29" posy="5" />
	<element fileoffset="4E030" posx="30" posy="5" />
	<element fileoffset="4E048" posx="31" posy="5" />
	<element fileoffset="4E420" posx="32" posy="5" />
	<element fileoffset="4E438" posx="33" posy="5" />
	<element fileoffset="4E450" posx="34" posy="5" />
	<element fileoffset="4E468" posx="35" posy="5" />
	<element fileoffset="4E480" posx="36" posy="5" />
	<element fileoffset="4E498" posx="37" posy="5" />
	<element fileoffset="4E4B0" posx="38" posy="5" />
	<element fileoffset="4E4C8" posx="39" posy="5" />
	<element fileoffset="4E8A0" posx="40" posy="5" />
	<element fileoffset="4E8B8" posx="41" posy="5" />
	<element fileoffset="4E8D0" posx="42" posy="5" />
	<element fileoffset="4E8E8" posx="43" posy="5" />
	<element fileoffset="4E900" posx="44" posy="5" />
	<element fileoffset="4E918" posx="45" posy="5" />
	<element fileoffset="4E930" posx="46" posy="5" />
	<element fileoffset="4E948" posx="47" posy="5" />
	<element fileoffset="4E960" posx="0" posy="6" />
	<element fileoffset="4E978" posx="1" posy="6" />
	<element fileoffset="4E990" posx="2" posy="6" />
	<element fileoffset="4E9A8" posx="3" posy="6" />
	<element fileoffset="4E9C0" posx="4" posy="6" />
	<element fileoffset="4E9D8" posx="5" posy="6" />
	<element fileoffset="4E9F0" posx="6" posy="6" />
	<element fileoffset="4EA08" posx="7" posy="6" />
	<element fileoffset="4EDE0" posx="8" posy="6" />
	<element fileoffset="4EDF8" posx="9" posy="6" />
	<element fileoffset="4EE10" posx="10" posy="6" />
	<element fileoffset="4EE28" posx="11" posy="6" />
	<element fileoffset="4EE40" posx="12" posy="6" />
	<element fileoffset="4EE58" posx="13" posy="6" />
	<element fileoffset="4EE70" posx="14" posy="6" />
	<element fileoffset="4EE88" posx="15" posy="6" />
	<element fileoffset="4F260" posx="16" posy="6" />
	<element fileoffset="4F278" posx="17" posy="6" />
	<element fileoffset="4F290" posx="18" posy="6" />
	<element fileoffset="4F2A8" posx="19" posy="6" />
	<element fileoffset="4F2C0" posx="20" posy="6" />
	<element fileoffset="4F2D8" posx="21" posy="6" />
	<element fileoffset="4F2F0" posx="22" posy="6" />
	<element fileoffset="4F308" posx="23" posy="6" />
	<element fileoffset="4F6E0" posx="24" posy="6" />
	<element fileoffset="4F6F8" posx="25" posy="6" />
	<element fileoffset="4F710" posx="26" posy="6" />
	<element fileoffset="4F728" posx="27" posy="6" />
	<element fileoffset="4F740" posx="28" posy="6" />
	<element fileoffset="4F758" posx="29" posy="6" />
	<element fileoffset="4F770" posx="30" posy="6" />
	<element fileoffset="4F788" posx="31" posy="6" />
	<element fileoffset="4FB60" posx="32" posy="6" />
	<element fileoffset="4FB78" posx="33" posy="6" />
	<element fileoffset="4FB90" posx="34" posy="6" />
	<element fileoffset="4FBA8" posx="35" posy="6" />
	<element fileoffset="4FBC0" posx="36" posy="6" />
	<element fileoffset="4FBD8" posx="37" posy="6" />
	<element fileoffset="4FBF0" posx="38" posy="6" />
	<element fileoffset="4FC08" posx="39" posy="6" />
	<element fileoffset="4EA20" posx="0" posy="7" />
	<element fileoffset="4EA38" posx="1" posy="7" />
	<element fileoffset="4EA50" posx="2" posy="7" />
	<element fileoffset="4EA68" posx="3" posy="7" />
	<element fileoffset="4EA80" posx="4" posy="7" />
	<element fileoffset="4EA98" posx="5" posy="7" />
	<element fileoffset="4EAB0" posx="6" posy="7" />
	<element fileoffset="4EAC8" posx="7" posy="7" />
	<element fileoffset="4EEA0" posx="8" posy="7" />
	<element fileoffset="4EEB8" posx="9" posy="7" />
	<element fileoffset="4EED0" posx="10" posy="7" />
	<element fileoffset="4EEE8" posx="11" posy="7" />
	<element fileoffset="4EF00" posx="12" posy="7" />
	<element fileoffset="4EF18" posx="13" posy="7" />
	<element fileoffset="4EF30" posx="14" posy="7" />
	<element fileoffset="4EF48" posx="15" posy="7" />
	<element fileoffset="4F320" posx="16" posy="7" />
	<element fileoffset="4F338" posx="17" posy="7" />
	<element fileoffset="4F350" posx="18" posy="7" />
	<element fileoffset="4F368" posx="19" posy="7" />
	<element fileoffset="4F380" posx="20" posy="7" />
	<element fileoffset="4F398" posx="21" posy="7" />
	<element fileoffset="4F3B0" posx="22" posy="7" />
	<element fileoffset="4F3C8" posx="23" posy="7" />
	<element fileoffset="4F7A0" posx="24" posy="7" />
	<element fileoffset="4F7B8" posx="25" posy="7" />
	<element fileoffset="4F7D0" posx="26" posy="7" />
	<element fileoffset="4F7E8" posx="27" posy="7" />
	<element fileoffset="4F800" posx="28" posy="7" />
	<element fileoffset="4F818" posx="29" posy="7" />
	<element fileoffset="4F830" posx="30" posy="7" />
	<element fileoffset="4F848" posx="31" posy="7" />
	<element fileoffset="4FC20" posx="32" posy="7" />
	<element fileoffset="4FC38" posx="33" posy="7" />
	<element fileoffset="4FC50" posx="34" posy="7" />
	<element fileoffset="4FC68" posx="35" posy="7" />
	<element fileoffset="4FC80" posx="36" posy="7" />
	<element fileoffset="4FC98" posx="37" posy="7" />
	<element fileoffset="4FCB0" posx="38" posy="7" />
	<element fileoffset="4FCC8" posx="39" posy="7" />
	<element fileoffset="4EAE0" posx="0" posy="8" />
	<element fileoffset="4EAF8" posx="1" posy="8" />
	<element fileoffset="4EB10" posx="2" posy="8" />
	<element fileoffset="4EB28" posx="3" posy="8" />
	<element fileoffset="4EB40" posx="4" posy="8" />
	<element fileoffset="4EB58" posx="5" posy="8" />
	<element fileoffset="4EB70" posx="6" posy="8" />
	<element fileoffset="4EB88" posx="7" posy="8" />
	<element fileoffset="4EF60" posx="8" posy="8" />
	<element fileoffset="4EF78" posx="9" posy="8" />
	<element fileoffset="4EF90" posx="10" posy="8" />
	<element fileoffset="4EFA8" posx="11" posy="8" />
	<element fileoffset="4EFC0" posx="12" posy="8" />
	<element fileoffset="4EFD8" posx="13" posy="8" />
	<element fileoffset="4EFF0" posx="14" posy="8" />
	<element fileoffset="4F008" posx="15" posy="8" />
	<element fileoffset="4F3E0" posx="16" posy="8" />
	<element fileoffset="4F3F8" posx="17" posy="8" />
	<element fileoffset="4F410" posx="18" posy="8" />
	<element fileoffset="4F428" posx="19" posy="8" />
	<element fileoffset="4F440" posx="20" posy="8" />
	<element fileoffset="4F458" posx="21" posy="8" />
	<element fileoffset="4F470" posx="22" posy="8" />
	<element fileoffset="4F488" posx="23" posy="8" />
	<element fileoffset="4F860" posx="24" posy="8" />
	<element fileoffset="4F878" posx="25" posy="8" />
	<element fileoffset="4F890" posx="26" posy="8" />
	<element fileoffset="4F8A8" posx="27" posy="8" />
	<element fileoffset="4F8C0" posx="28" posy="8" />
	<element fileoffset="4F8D8" posx="29" posy="8" />
	<element fileoffset="4F8F0" posx="30" posy="8" />
	<element fileoffset="4F908" posx="31" posy="8" />
	<element fileoffset="4FCE0" posx="32" posy="8" />
	<element fileoffset="4FCF8" posx="33" posy="8" />
	<element fileoffset="4FD10" posx="34" posy="8" />
	<element fileoffset="4FD28" posx="35" posy="8" />
	<element fileoffset="4FD40" posx="36" posy="8" />
	<element fileoffset="4FD58" posx="37" posy="8" />
	<element fileoffset="4FD70" posx="38" posy="8" />
	<element fileoffset="4FD88" posx="39" posy="8" />
	<element fileoffset="4EBA0" posx="0" posy="9" />
	<element fileoffset="4EBB8" posx="1" posy="9" />
	<element fileoffset="4EBD0" posx="2" posy="9" />
	<element fileoffset="4EBE8" posx="3" posy="9" />
	<element fileoffset="4EC00" posx="4" posy="9" />
	<element fileoffset="4EC18" posx="5" posy="9" />
	<element fileoffset="4EC30" posx="6" posy="9" />
	<element fileoffset="4EC48" posx="7" posy="9" />
	<element fileoffset="4F020" posx="8" posy="9" />
	<element fileoffset="4F038" posx="9" posy="9" />
	<element fileoffset="4F050" posx="10" posy="9" />
	<element fileoffset="4F068" posx="11" posy="9" />
	<element fileoffset="4F080" posx="12" posy="9" />
	<element fileoffset="4F098" posx="13" posy="9" />
	<element fileoffset="4F0B0" posx="14" posy="9" />
	<element fileoffset="4F0C8" posx="15" posy="9" />
	<element fileoffset="4F4A0" posx="16" posy="9" />
	<element fileoffset="4F4B8" posx="17" posy="9" />
	<element fileoffset="4F4D0" posx="18" posy="9" />
	<element fileoffset="4F4E8" posx="19" posy="9" />
	<element fileoffset="4F500" posx="20" posy="9" />
	<element fileoffset="4F518" posx="21" posy="9" />
	<element fileoffset="4F530" posx="22" posy="9" />
	<element fileoffset="4F548" posx="23" posy="9" />
	<element fileoffset="4F920" posx="24" posy="9" />
	<element fileoffset="4F938" posx="25" posy="9" />
	<element fileoffset="4F950" posx="26" posy="9" />
	<element fileoffset="4F968" posx="27" posy="9" />
	<element fileoffset="4F980" posx="28" posy="9" />
	<element fileoffset="4F998" posx="29" posy="9" />
	<element fileoffset="4F9B0" posx="30" posy="9" />
	<element fileoffset="4F9C8" posx="31" posy="9" />
	<element fileoffset="4FDA0" posx="32" posy="9" />
	<element fileoffset="4FDB8" posx="33" posy="9" />
	<element fileoffset="4FDD0" posx="34" posy="9" />
	<element fileoffset="4FDE8" posx="35" posy="9" />
	<element fileoffset="4FE00" posx="36" posy="9" />
	<element fileoffset="4FE18" posx="37" posy="9" />
	<element fileoffset="4FE30" posx="38" posy="9" />
	<element fileoffset="4FE48" posx="39" posy="9" />
	<element fileoffset="4EC60" posx="0" posy="10" />
	<element fileoffset="4EC78" posx="1" posy="10" />
	<element fileoffset="4EC90" posx="2" posy="10" />
	<element fileoffset="4ECA8" posx="3" posy="10" />
	<element fileoffset="4ECC0" posx="4" posy="10" />
	<element fileoffset="4ECD8" posx="5" posy="10" />
	<element fileoffset="4ECF0" posx="6" posy="10" />
	<element fileoffset="4ED08" posx="7" posy="10" />
	<element fileoffset="4F0E0" posx="8" posy="10" />
	<element fileoffset="4F0F8" posx="9" posy="10" />
	<element fileoffset="4F110" posx="10" posy="10" />
	<element fileoffset="4F128" posx="11" posy="10" />
	<element fileoffset="4F140" posx="12" posy="10" />
	<element fileoffset="4F158" posx="13" posy="10" />
	<element fileoffset="4F170" posx="14" posy="10" />
	<element fileoffset="4F188" posx="15" posy="10" />
	<element fileoffset="4F560" posx="16" posy="10" />
	<element fileoffset="4F578" posx="17" posy="10" />
	<element fileoffset="4F590" posx="18" posy="10" />
	<element fileoffset="4F5A8" posx="19" posy="10" />
	<element fileoffset="4F5C0" posx="20" posy="10" />
	<element fileoffset="4F5D8" posx="21" posy="10" />
	<element fileoffset="4F5F0" posx="22" posy="10" />
	<element fileoffset="4F608" posx="23" posy="10" />
	<element fileoffset="4F9E0" posx="24" posy="10" />
	<element fileoffset="4F9F8" posx="25" posy="10" />
	<element fileoffset="4FA10" posx="26" posy="10" />
	<element fileoffset="4FA28" posx="27" posy="10" />
	<element fileoffset="4FA40" posx="28" posy="10" />
	<element fileoffset="4FA58" posx="29" posy="10" />
	<element fileoffset="4FA70" posx="30" posy="10" />
	<element fileoffset="4FA88" posx="31" posy="10" />
	<element fileoffset="4FE60" posx="32" posy="10" />
	<element fileoffset="4FE78" posx="33" posy="10" />
	<element fileoffset="4FE90" posx="34" posy="10" />
	<element fileoffset="4FEA8" posx="35" posy="10" />
	<element fileoffset="4FEC0" posx="36" posy="10" />
	<element fileoffset="4FED8" posx="37" posy="10" />
	<element fileoffset="4FEF0" posx="38" posy="10" />
	<element fileoffset="4FF08" posx="39" posy="10" />
	<element fileoffset="4ED20" posx="0" posy="11" />
	<element fileoffset="4ED38" posx="1" posy="11" />
	<element fileoffset="4ED50" posx="2" posy="11" />
	<element fileoffset="4ED68" posx="3" posy="11" />
	<element fileoffset="4ED80" posx="4" posy="11" />
	<element fileoffset="4ED98" posx="5" posy="11" />
	<element fileoffset="4EDB0" posx="6" posy="11" />
	<element fileoffset="4EDC8" posx="7" posy="11" />
	<element fileoffset="4F1A0" posx="8" posy="11" />
	<element fileoffset="4F1B8" posx="9" posy="11" />
	<element fileoffset="4F1D0" posx="10" posy="11" />
	<element fileoffset="4F1E8" posx="11" posy="11" />
	<element fileoffset="4F200" posx="12" posy="11" />
	<element fileoffset="4F218" posx="13" posy="11" />
	<element fileoffset="4F230" posx="14" posy="11" />
	<element fileoffset="4F248" posx="15" posy="11" />
	<element fileoffset="4F620" posx="16" posy="11" />
	<element fileoffset="4F638" posx="17" posy="11" />
	<element fileoffset="4F650" posx="18" posy="11" />
	<element fileoffset="4F668" posx="19" posy="11" />
	<element fileoffset="4F680" posx="20" posy="11" />
	<element fileoffset="4F698" posx="21" posy="11" />
	<element fileoffset="4F6B0" posx="22" posy="11" />
	<element fileoffset="4F6C8" posx="23" posy="11" />
	<element fileoffset="4FAA0" posx="24" posy="11" />
	<element fileoffset="4FAB8" posx="25" posy="11" />
	<element fileoffset="4FAD0" posx="26" posy="11" />
	<element fileoffset="4FAE8" posx="27" posy="11" />
	<element fileoffset="4FB00" posx="28" posy="11" />
	<element fileoffset="4FB18" posx="29" posy="11" />
	<element fileoffset="4FB30" posx="30" posy="11" />
	<element fileoffset="4FB48" posx="31" posy="11" />
	<element fileoffset="4FF20" posx="32" posy="11" />
	<element fileoffset="4FF38" posx="33" posy="11" />
	<element fileoffset="4FF50" posx="34" posy="11" />
	<element fileoffset="4FF68" posx="35" posy="11" />
	<element fileoffset="4FF80" posx="36" posy="11" />
	<element fileoffset="4FF98" posx="37" posy="11" />
	<element fileoffset="4FFB0" posx="38" posy="11" />
	<element fileoffset="4FFC8" posx="39" posy="11" />
</arranger>