<?xml version="1.0" encoding="utf-16"?>
<arranger elementsx="8" elementsy="4" width="8" height="8" layout="tiled" color="indexed" defaultcodec="SNES 3bpp" defaultdatafile="/FF2" defaultpalette="/Character Overworld Sprites/Palettes/CharMapPal1">
	<element fileoffset="DA100" posx="0" posy="0" />
	<element fileoffset="DA118" posx="1" posy="0" />
	<element fileoffset="DA160" posx="2" posy="0" />
	<element fileoffset="DA178" posx="3" posy="0" />
	<element fileoffset="DA1C0" posx="4" posy="0" />
	<element fileoffset="DA1D8" posx="5" posy="0" />
	<element fileoffset="DA220" posx="6" posy="0" />
	<element fileoffset="DA238" posx="7" posy="0" />
	<element fileoffset="DA130" posx="0" posy="1" />
	<element fileoffset="DA148" posx="1" posy="1" />
	<element fileoffset="DA190" posx="2" posy="1" />
	<element fileoffset="DA1A8" posx="3" posy="1" />
	<element fileoffset="DA1F0" posx="4" posy="1" />
	<element fileoffset="DA208" posx="5" posy="1" />
	<element fileoffset="DA250" posx="6" posy="1" />
	<element fileoffset="DA268" posx="7" posy="1" />
	<element fileoffset="DA280" posx="0" posy="2" />
	<element fileoffset="DA298" posx="1" posy="2" />
	<element fileoffset="DA2E0" posx="2" posy="2" />
	<element fileoffset="DA2F8" posx="3" posy="2" />
	<element fileoffset="DA340" posx="4" posy="2" />
	<element fileoffset="DA358" posx="5" posy="2" />
	<element fileoffset="DA3A0" posx="6" posy="2" />
	<element fileoffset="DA3B8" posx="7" posy="2" />
	<element fileoffset="DA2B0" posx="0" posy="3" />
	<element fileoffset="DA2C8" posx="1" posy="3" />
	<element fileoffset="DA310" posx="2" posy="3" />
	<element fileoffset="DA328" posx="3" posy="3" />
	<element fileoffset="DA370" posx="4" posy="3" />
	<element fileoffset="DA388" posx="5" posy="3" />
	<element fileoffset="DA3D0" posx="6" posy="3" />
	<element fileoffset="DA3E8" posx="7" posy="3" />
</arranger>