<?xml version="1.0" encoding="utf-16"?>
<arranger elementsx="16" elementsy="28" width="8" height="8" layout="tiled" color="indexed" defaultcodec="SNES 3bpp" defaultdatafile="/FF2" defaultpalette="/Character Overworld Sprites/Palettes/CharMapPal0">
	<element fileoffset="D8000" posx="0" posy="0" />
	<element fileoffset="D8018" posx="1" posy="0" />
	<element fileoffset="D8060" posx="2" posy="0" />
	<element fileoffset="D8078" posx="3" posy="0" />
	<element fileoffset="D80C0" posx="4" posy="0" />
	<element fileoffset="D80D8" posx="5" posy="0" />
	<element fileoffset="D8120" posx="6" posy="0" />
	<element fileoffset="D8138" posx="7" posy="0" />
	<element fileoffset="D8300" posx="8" posy="0" />
	<element fileoffset="D8318" posx="9" posy="0" />
	<element fileoffset="D8360" posx="10" posy="0" />
	<element fileoffset="D8378" posx="11" posy="0" />
	<element fileoffset="D83C0" posx="12" posy="0" />
	<element fileoffset="D83D8" posx="13" posy="0" />
	<element fileoffset="D8420" posx="14" posy="0" />
	<element fileoffset="D8438" posx="15" posy="0" />
	<element fileoffset="D8030" posx="0" posy="1" />
	<element fileoffset="D8048" posx="1" posy="1" />
	<element fileoffset="D8090" posx="2" posy="1" />
	<element fileoffset="D80A8" posx="3" posy="1" />
	<element fileoffset="D80F0" posx="4" posy="1" />
	<element fileoffset="D8108" posx="5" posy="1" />
	<element fileoffset="D8150" posx="6" posy="1" />
	<element fileoffset="D8168" posx="7" posy="1" />
	<element fileoffset="D8330" posx="8" posy="1" />
	<element fileoffset="D8348" posx="9" posy="1" />
	<element fileoffset="D8390" posx="10" posy="1" />
	<element fileoffset="D83A8" posx="11" posy="1" />
	<element fileoffset="D83F0" posx="12" posy="1" />
	<element fileoffset="D8408" posx="13" posy="1" />
	<element fileoffset="D8450" posx="14" posy="1" />
	<element fileoffset="D8468" posx="15" posy="1" />
	<element fileoffset="D8180" posx="0" posy="2" />
	<element fileoffset="D8198" posx="1" posy="2" />
	<element fileoffset="D81E0" posx="2" posy="2" />
	<element fileoffset="D81F8" posx="3" posy="2" />
	<element fileoffset="D8240" posx="4" posy="2" />
	<element fileoffset="D8258" posx="5" posy="2" />
	<element fileoffset="D82A0" posx="6" posy="2" />
	<element fileoffset="D82B8" posx="7" posy="2" />
	<element fileoffset="D8480" posx="8" posy="2" />
	<element fileoffset="D8498" posx="9" posy="2" />
	<element fileoffset="D84E0" posx="10" posy="2" />
	<element fileoffset="D84F8" posx="11" posy="2" />
	<element fileoffset="D8540" posx="12" posy="2" />
	<element fileoffset="D8558" posx="13" posy="2" />
	<element fileoffset="D85A0" posx="14" posy="2" />
	<element fileoffset="D85B8" posx="15" posy="2" />
	<element fileoffset="D81B0" posx="0" posy="3" />
	<element fileoffset="D81C8" posx="1" posy="3" />
	<element fileoffset="D8210" posx="2" posy="3" />
	<element fileoffset="D8228" posx="3" posy="3" />
	<element fileoffset="D8270" posx="4" posy="3" />
	<element fileoffset="D8288" posx="5" posy="3" />
	<element fileoffset="D82D0" posx="6" posy="3" />
	<element fileoffset="D82E8" posx="7" posy="3" />
	<element fileoffset="D84B0" posx="8" posy="3" />
	<element fileoffset="D84C8" posx="9" posy="3" />
	<element fileoffset="D8510" posx="10" posy="3" />
	<element fileoffset="D8528" posx="11" posy="3" />
	<element fileoffset="D8570" posx="12" posy="3" />
	<element fileoffset="D8588" posx="13" posy="3" />
	<element fileoffset="D85D0" posx="14" posy="3" />
	<element fileoffset="D85E8" posx="15" posy="3" />
	<element fileoffset="D8600" posx="0" posy="4" palette="/Character Overworld Sprites/Palettes/CharMapPal1" />
	<element fileoffset="D8618" posx="1" posy="4" palette="/Character Overworld Sprites/Palettes/CharMapPal1" />
	<element fileoffset="D8660" posx="2" posy="4" palette="/Character Overworld Sprites/Palettes/CharMapPal1" />
	<element fileoffset="D8678" posx="3" posy="4" palette="/Character Overworld Sprites/Palettes/CharMapPal1" />
	<element fileoffset="D86C0" posx="4" posy="4" palette="/Character Overworld Sprites/Palettes/CharMapPal1" />
	<element fileoffset="D86D8" posx="5" posy="4" palette="/Character Overworld Sprites/Palettes/CharMapPal1" />
	<element fileoffset="D8720" posx="6" posy="4" palette="/Character Overworld Sprites/Palettes/CharMapPal1" />
	<element fileoffset="D8738" posx="7" posy="4" palette="/Character Overworld Sprites/Palettes/CharMapPal1" />
	<element fileoffset="D8900" posx="8" posy="4" palette="/Character Overworld Sprites/Palettes/CharMapPal2" />
	<element fileoffset="D8918" posx="9" posy="4" palette="/Character Overworld Sprites/Palettes/CharMapPal2" />
	<element fileoffset="D8960" posx="10" posy="4" palette="/Character Overworld Sprites/Palettes/CharMapPal2" />
	<element fileoffset="D8978" posx="11" posy="4" palette="/Character Overworld Sprites/Palettes/CharMapPal2" />
	<element fileoffset="D89C0" posx="12" posy="4" palette="/Character Overworld Sprites/Palettes/CharMapPal2" />
	<element fileoffset="D89D8" posx="13" posy="4" palette="/Character Overworld Sprites/Palettes/CharMapPal2" />
	<element fileoffset="D8A20" posx="14" posy="4" palette="/Character Overworld Sprites/Palettes/CharMapPal2" />
	<element fileoffset="D8A38" posx="15" posy="4" palette="/Character Overworld Sprites/Palettes/CharMapPal2" />
	<element fileoffset="D8630" posx="0" posy="5" palette="/Character Overworld Sprites/Palettes/CharMapPal1" />
	<element fileoffset="D8648" posx="1" posy="5" palette="/Character Overworld Sprites/Palettes/CharMapPal1" />
	<element fileoffset="D8690" posx="2" posy="5" palette="/Character Overworld Sprites/Palettes/CharMapPal1" />
	<element fileoffset="D86A8" posx="3" posy="5" palette="/Character Overworld Sprites/Palettes/CharMapPal1" />
	<element fileoffset="D86F0" posx="4" posy="5" palette="/Character Overworld Sprites/Palettes/CharMapPal1" />
	<element fileoffset="D8708" posx="5" posy="5" palette="/Character Overworld Sprites/Palettes/CharMapPal1" />
	<element fileoffset="D8750" posx="6" posy="5" palette="/Character Overworld Sprites/Palettes/CharMapPal1" />
	<element fileoffset="D8768" posx="7" posy="5" palette="/Character Overworld Sprites/Palettes/CharMapPal1" />
	<element fileoffset="D8930" posx="8" posy="5" palette="/Character Overworld Sprites/Palettes/CharMapPal2" />
	<element fileoffset="D8948" posx="9" posy="5" palette="/Character Overworld Sprites/Palettes/CharMapPal2" />
	<element fileoffset="D8990" posx="10" posy="5" palette="/Character Overworld Sprites/Palettes/CharMapPal2" />
	<element fileoffset="D89A8" posx="11" posy="5" palette="/Character Overworld Sprites/Palettes/CharMapPal2" />
	<element fileoffset="D89F0" posx="12" posy="5" palette="/Character Overworld Sprites/Palettes/CharMapPal2" />
	<element fileoffset="D8A08" posx="13" posy="5" palette="/Character Overworld Sprites/Palettes/CharMapPal2" />
	<element fileoffset="D8A50" posx="14" posy="5" palette="/Character Overworld Sprites/Palettes/CharMapPal2" />
	<element fileoffset="D8A68" posx="15" posy="5" palette="/Character Overworld Sprites/Palettes/CharMapPal2" />
	<element fileoffset="D8780" posx="0" posy="6" palette="/Character Overworld Sprites/Palettes/CharMapPal1" />
	<element fileoffset="D8798" posx="1" posy="6" palette="/Character Overworld Sprites/Palettes/CharMapPal1" />
	<element fileoffset="D87E0" posx="2" posy="6" palette="/Character Overworld Sprites/Palettes/CharMapPal1" />
	<element fileoffset="D87F8" posx="3" posy="6" palette="/Character Overworld Sprites/Palettes/CharMapPal1" />
	<element fileoffset="D8840" posx="4" posy="6" palette="/Character Overworld Sprites/Palettes/CharMapPal1" />
	<element fileoffset="D8858" posx="5" posy="6" palette="/Character Overworld Sprites/Palettes/CharMapPal1" />
	<element fileoffset="D88A0" posx="6" posy="6" palette="/Character Overworld Sprites/Palettes/CharMapPal1" />
	<element fileoffset="D88B8" posx="7" posy="6" palette="/Character Overworld Sprites/Palettes/CharMapPal1" />
	<element fileoffset="D8A80" posx="8" posy="6" palette="/Character Overworld Sprites/Palettes/CharMapPal2" />
	<element fileoffset="D8A98" posx="9" posy="6" palette="/Character Overworld Sprites/Palettes/CharMapPal2" />
	<element fileoffset="D8AE0" posx="10" posy="6" palette="/Character Overworld Sprites/Palettes/CharMapPal2" />
	<element fileoffset="D8AF8" posx="11" posy="6" palette="/Character Overworld Sprites/Palettes/CharMapPal2" />
	<element fileoffset="D8B40" posx="12" posy="6" palette="/Character Overworld Sprites/Palettes/CharMapPal2" />
	<element fileoffset="D8B58" posx="13" posy="6" palette="/Character Overworld Sprites/Palettes/CharMapPal2" />
	<element fileoffset="D8BA0" posx="14" posy="6" palette="/Character Overworld Sprites/Palettes/CharMapPal2" />
	<element fileoffset="D8BB8" posx="15" posy="6" palette="/Character Overworld Sprites/Palettes/CharMapPal2" />
	<element fileoffset="D87B0" posx="0" posy="7" palette="/Character Overworld Sprites/Palettes/CharMapPal1" />
	<element fileoffset="D87C8" posx="1" posy="7" palette="/Character Overworld Sprites/Palettes/CharMapPal1" />
	<element fileoffset="D8810" posx="2" posy="7" palette="/Character Overworld Sprites/Palettes/CharMapPal1" />
	<element fileoffset="D8828" posx="3" posy="7" palette="/Character Overworld Sprites/Palettes/CharMapPal1" />
	<element fileoffset="D8870" posx="4" posy="7" palette="/Character Overworld Sprites/Palettes/CharMapPal1" />
	<element fileoffset="D8888" posx="5" posy="7" palette="/Character Overworld Sprites/Palettes/CharMapPal1" />
	<element fileoffset="D88D0" posx="6" posy="7" palette="/Character Overworld Sprites/Palettes/CharMapPal1" />
	<element fileoffset="D88E8" posx="7" posy="7" palette="/Character Overworld Sprites/Palettes/CharMapPal1" />
	<element fileoffset="D8AB0" posx="8" posy="7" palette="/Character Overworld Sprites/Palettes/CharMapPal2" />
	<element fileoffset="D8AC8" posx="9" posy="7" palette="/Character Overworld Sprites/Palettes/CharMapPal2" />
	<element fileoffset="D8B10" posx="10" posy="7" palette="/Character Overworld Sprites/Palettes/CharMapPal2" />
	<element fileoffset="D8B28" posx="11" posy="7" palette="/Character Overworld Sprites/Palettes/CharMapPal2" />
	<element fileoffset="D8B70" posx="12" posy="7" palette="/Character Overworld Sprites/Palettes/CharMapPal2" />
	<element fileoffset="D8B88" posx="13" posy="7" palette="/Character Overworld Sprites/Palettes/CharMapPal2" />
	<element fileoffset="D8BD0" posx="14" posy="7" palette="/Character Overworld Sprites/Palettes/CharMapPal2" />
	<element fileoffset="D8BE8" posx="15" posy="7" palette="/Character Overworld Sprites/Palettes/CharMapPal2" />
	<element fileoffset="D8C00" posx="0" posy="8" palette="/Character Overworld Sprites/Palettes/CharMapPal2" />
	<element fileoffset="D8C18" posx="1" posy="8" palette="/Character Overworld Sprites/Palettes/CharMapPal2" />
	<element fileoffset="D8C60" posx="2" posy="8" palette="/Character Overworld Sprites/Palettes/CharMapPal2" />
	<element fileoffset="D8C78" posx="3" posy="8" palette="/Character Overworld Sprites/Palettes/CharMapPal2" />
	<element fileoffset="D8CC0" posx="4" posy="8" palette="/Character Overworld Sprites/Palettes/CharMapPal2" />
	<element fileoffset="D8CD8" posx="5" posy="8" palette="/Character Overworld Sprites/Palettes/CharMapPal2" />
	<element fileoffset="D8D20" posx="6" posy="8" palette="/Character Overworld Sprites/Palettes/CharMapPal2" />
	<element fileoffset="D8D38" posx="7" posy="8" palette="/Character Overworld Sprites/Palettes/CharMapPal2" />
	<element fileoffset="D8F00" posx="8" posy="8" palette="/Character Overworld Sprites/Palettes/CharMapPal2" />
	<element fileoffset="D8F18" posx="9" posy="8" palette="/Character Overworld Sprites/Palettes/CharMapPal2" />
	<element fileoffset="D8F60" posx="10" posy="8" palette="/Character Overworld Sprites/Palettes/CharMapPal2" />
	<element fileoffset="D8F78" posx="11" posy="8" palette="/Character Overworld Sprites/Palettes/CharMapPal2" />
	<element fileoffset="D8FC0" posx="12" posy="8" palette="/Character Overworld Sprites/Palettes/CharMapPal2" />
	<element fileoffset="D8FD8" posx="13" posy="8" palette="/Character Overworld Sprites/Palettes/CharMapPal2" />
	<element fileoffset="D9020" posx="14" posy="8" palette="/Character Overworld Sprites/Palettes/CharMapPal2" />
	<element fileoffset="D9038" posx="15" posy="8" palette="/Character Overworld Sprites/Palettes/CharMapPal2" />
	<element fileoffset="D8C30" posx="0" posy="9" palette="/Character Overworld Sprites/Palettes/CharMapPal2" />
	<element fileoffset="D8C48" posx="1" posy="9" palette="/Character Overworld Sprites/Palettes/CharMapPal2" />
	<element fileoffset="D8C90" posx="2" posy="9" palette="/Character Overworld Sprites/Palettes/CharMapPal2" />
	<element fileoffset="D8CA8" posx="3" posy="9" palette="/Character Overworld Sprites/Palettes/CharMapPal2" />
	<element fileoffset="D8CF0" posx="4" posy="9" palette="/Character Overworld Sprites/Palettes/CharMapPal2" />
	<element fileoffset="D8D08" posx="5" posy="9" palette="/Character Overworld Sprites/Palettes/CharMapPal2" />
	<element fileoffset="D8D50" posx="6" posy="9" palette="/Character Overworld Sprites/Palettes/CharMapPal2" />
	<element fileoffset="D8D68" posx="7" posy="9" palette="/Character Overworld Sprites/Palettes/CharMapPal2" />
	<element fileoffset="D8F30" posx="8" posy="9" palette="/Character Overworld Sprites/Palettes/CharMapPal2" />
	<element fileoffset="D8F48" posx="9" posy="9" palette="/Character Overworld Sprites/Palettes/CharMapPal2" />
	<element fileoffset="D8F90" posx="10" posy="9" palette="/Character Overworld Sprites/Palettes/CharMapPal2" />
	<element fileoffset="D8FA8" posx="11" posy="9" palette="/Character Overworld Sprites/Palettes/CharMapPal2" />
	<element fileoffset="D8FF0" posx="12" posy="9" palette="/Character Overworld Sprites/Palettes/CharMapPal2" />
	<element fileoffset="D9008" posx="13" posy="9" palette="/Character Overworld Sprites/Palettes/CharMapPal2" />
	<element fileoffset="D9050" posx="14" posy="9" palette="/Character Overworld Sprites/Palettes/CharMapPal2" />
	<element fileoffset="D9068" posx="15" posy="9" palette="/Character Overworld Sprites/Palettes/CharMapPal2" />
	<element fileoffset="D8D80" posx="0" posy="10" palette="/Character Overworld Sprites/Palettes/CharMapPal2" />
	<element fileoffset="D8D98" posx="1" posy="10" palette="/Character Overworld Sprites/Palettes/CharMapPal2" />
	<element fileoffset="D8DE0" posx="2" posy="10" palette="/Character Overworld Sprites/Palettes/CharMapPal2" />
	<element fileoffset="D8DF8" posx="3" posy="10" palette="/Character Overworld Sprites/Palettes/CharMapPal2" />
	<element fileoffset="D8E40" posx="4" posy="10" palette="/Character Overworld Sprites/Palettes/CharMapPal2" />
	<element fileoffset="D8E58" posx="5" posy="10" palette="/Character Overworld Sprites/Palettes/CharMapPal2" />
	<element fileoffset="D8EA0" posx="6" posy="10" palette="/Character Overworld Sprites/Palettes/CharMapPal2" />
	<element fileoffset="D8EB8" posx="7" posy="10" palette="/Character Overworld Sprites/Palettes/CharMapPal2" />
	<element fileoffset="D9080" posx="8" posy="10" palette="/Character Overworld Sprites/Palettes/CharMapPal2" />
	<element fileoffset="D9098" posx="9" posy="10" palette="/Character Overworld Sprites/Palettes/CharMapPal2" />
	<element fileoffset="D90E0" posx="10" posy="10" palette="/Character Overworld Sprites/Palettes/CharMapPal2" />
	<element fileoffset="D90F8" posx="11" posy="10" palette="/Character Overworld Sprites/Palettes/CharMapPal2" />
	<element fileoffset="D9140" posx="12" posy="10" palette="/Character Overworld Sprites/Palettes/CharMapPal2" />
	<element fileoffset="D9158" posx="13" posy="10" palette="/Character Overworld Sprites/Palettes/CharMapPal2" />
	<element fileoffset="D91A0" posx="14" posy="10" palette="/Character Overworld Sprites/Palettes/CharMapPal2" />
	<element fileoffset="D91B8" posx="15" posy="10" palette="/Character Overworld Sprites/Palettes/CharMapPal2" />
	<element fileoffset="D8DB0" posx="0" posy="11" palette="/Character Overworld Sprites/Palettes/CharMapPal2" />
	<element fileoffset="D8DC8" posx="1" posy="11" palette="/Character Overworld Sprites/Palettes/CharMapPal2" />
	<element fileoffset="D8E10" posx="2" posy="11" palette="/Character Overworld Sprites/Palettes/CharMapPal2" />
	<element fileoffset="D8E28" posx="3" posy="11" palette="/Character Overworld Sprites/Palettes/CharMapPal2" />
	<element fileoffset="D8E70" posx="4" posy="11" palette="/Character Overworld Sprites/Palettes/CharMapPal2" />
	<element fileoffset="D8E88" posx="5" posy="11" palette="/Character Overworld Sprites/Palettes/CharMapPal2" />
	<element fileoffset="D8ED0" posx="6" posy="11" palette="/Character Overworld Sprites/Palettes/CharMapPal2" />
	<element fileoffset="D8EE8" posx="7" posy="11" palette="/Character Overworld Sprites/Palettes/CharMapPal2" />
	<element fileoffset="D90B0" posx="8" posy="11" palette="/Character Overworld Sprites/Palettes/CharMapPal2" />
	<element fileoffset="D90C8" posx="9" posy="11" palette="/Character Overworld Sprites/Palettes/CharMapPal2" />
	<element fileoffset="D9110" posx="10" posy="11" palette="/Character Overworld Sprites/Palettes/CharMapPal2" />
	<element fileoffset="D9128" posx="11" posy="11" palette="/Character Overworld Sprites/Palettes/CharMapPal2" />
	<element fileoffset="D9170" posx="12" posy="11" palette="/Character Overworld Sprites/Palettes/CharMapPal2" />
	<element fileoffset="D9188" posx="13" posy="11" palette="/Character Overworld Sprites/Palettes/CharMapPal2" />
	<element fileoffset="D91D0" posx="14" posy="11" palette="/Character Overworld Sprites/Palettes/CharMapPal2" />
	<element fileoffset="D91E8" posx="15" posy="11" palette="/Character Overworld Sprites/Palettes/CharMapPal2" />
	<element fileoffset="D9200" posx="0" posy="12" />
	<element fileoffset="D9218" posx="1" posy="12" />
	<element fileoffset="D9260" posx="2" posy="12" />
	<element fileoffset="D9278" posx="3" posy="12" />
	<element fileoffset="D92C0" posx="4" posy="12" />
	<element fileoffset="D92D8" posx="5" posy="12" />
	<element fileoffset="D9320" posx="6" posy="12" />
	<element fileoffset="D9338" posx="7" posy="12" />
	<element fileoffset="D9500" posx="8" posy="12" palette="/Character Overworld Sprites/Palettes/CharMapPal1" />
	<element fileoffset="D9518" posx="9" posy="12" palette="/Character Overworld Sprites/Palettes/CharMapPal1" />
	<element fileoffset="D9560" posx="10" posy="12" palette="/Character Overworld Sprites/Palettes/CharMapPal1" />
	<element fileoffset="D9578" posx="11" posy="12" palette="/Character Overworld Sprites/Palettes/CharMapPal1" />
	<element fileoffset="D95C0" posx="12" posy="12" palette="/Character Overworld Sprites/Palettes/CharMapPal1" />
	<element fileoffset="D95D8" posx="13" posy="12" palette="/Character Overworld Sprites/Palettes/CharMapPal1" />
	<element fileoffset="D9620" posx="14" posy="12" palette="/Character Overworld Sprites/Palettes/CharMapPal1" />
	<element fileoffset="D9638" posx="15" posy="12" palette="/Character Overworld Sprites/Palettes/CharMapPal1" />
	<element fileoffset="D9230" posx="0" posy="13" />
	<element fileoffset="D9248" posx="1" posy="13" />
	<element fileoffset="D9290" posx="2" posy="13" />
	<element fileoffset="D92A8" posx="3" posy="13" />
	<element fileoffset="D92F0" posx="4" posy="13" />
	<element fileoffset="D9308" posx="5" posy="13" />
	<element fileoffset="D9350" posx="6" posy="13" />
	<element fileoffset="D9368" posx="7" posy="13" />
	<element fileoffset="D9530" posx="8" posy="13" palette="/Character Overworld Sprites/Palettes/CharMapPal1" />
	<element fileoffset="D9548" posx="9" posy="13" palette="/Character Overworld Sprites/Palettes/CharMapPal1" />
	<element fileoffset="D9590" posx="10" posy="13" palette="/Character Overworld Sprites/Palettes/CharMapPal1" />
	<element fileoffset="D95A8" posx="11" posy="13" palette="/Character Overworld Sprites/Palettes/CharMapPal1" />
	<element fileoffset="D95F0" posx="12" posy="13" palette="/Character Overworld Sprites/Palettes/CharMapPal1" />
	<element fileoffset="D9608" posx="13" posy="13" palette="/Character Overworld Sprites/Palettes/CharMapPal1" />
	<element fileoffset="D9650" posx="14" posy="13" palette="/Character Overworld Sprites/Palettes/CharMapPal1" />
	<element fileoffset="D9668" posx="15" posy="13" palette="/Character Overworld Sprites/Palettes/CharMapPal1" />
	<element fileoffset="D9380" posx="0" posy="14" />
	<element fileoffset="D9398" posx="1" posy="14" />
	<element fileoffset="D93E0" posx="2" posy="14" />
	<element fileoffset="D93F8" posx="3" posy="14" />
	<element fileoffset="D9440" posx="4" posy="14" />
	<element fileoffset="D9458" posx="5" posy="14" />
	<element fileoffset="D94A0" posx="6" posy="14" />
	<element fileoffset="D94B8" posx="7" posy="14" />
	<element fileoffset="D9680" posx="8" posy="14" palette="/Character Overworld Sprites/Palettes/CharMapPal1" />
	<element fileoffset="D9698" posx="9" posy="14" palette="/Character Overworld Sprites/Palettes/CharMapPal1" />
	<element fileoffset="D96E0" posx="10" posy="14" palette="/Character Overworld Sprites/Palettes/CharMapPal1" />
	<element fileoffset="D96F8" posx="11" posy="14" palette="/Character Overworld Sprites/Palettes/CharMapPal1" />
	<element fileoffset="D9740" posx="12" posy="14" palette="/Character Overworld Sprites/Palettes/CharMapPal1" />
	<element fileoffset="D9758" posx="13" posy="14" palette="/Character Overworld Sprites/Palettes/CharMapPal1" />
	<element fileoffset="D97A0" posx="14" posy="14" palette="/Character Overworld Sprites/Palettes/CharMapPal1" />
	<element fileoffset="D97B8" posx="15" posy="14" palette="/Character Overworld Sprites/Palettes/CharMapPal1" />
	<element fileoffset="D93B0" posx="0" posy="15" />
	<element fileoffset="D93C8" posx="1" posy="15" />
	<element fileoffset="D9410" posx="2" posy="15" />
	<element fileoffset="D9428" posx="3" posy="15" />
	<element fileoffset="D9470" posx="4" posy="15" />
	<element fileoffset="D9488" posx="5" posy="15" />
	<element fileoffset="D94D0" posx="6" posy="15" />
	<element fileoffset="D94E8" posx="7" posy="15" />
	<element fileoffset="D96B0" posx="8" posy="15" palette="/Character Overworld Sprites/Palettes/CharMapPal1" />
	<element fileoffset="D96C8" posx="9" posy="15" palette="/Character Overworld Sprites/Palettes/CharMapPal1" />
	<element fileoffset="D9710" posx="10" posy="15" palette="/Character Overworld Sprites/Palettes/CharMapPal1" />
	<element fileoffset="D9728" posx="11" posy="15" palette="/Character Overworld Sprites/Palettes/CharMapPal1" />
	<element fileoffset="D9770" posx="12" posy="15" palette="/Character Overworld Sprites/Palettes/CharMapPal1" />
	<element fileoffset="D9788" posx="13" posy="15" palette="/Character Overworld Sprites/Palettes/CharMapPal1" />
	<element fileoffset="D97D0" posx="14" posy="15" palette="/Character Overworld Sprites/Palettes/CharMapPal1" />
	<element fileoffset="D97E8" posx="15" posy="15" palette="/Character Overworld Sprites/Palettes/CharMapPal1" />
	<element fileoffset="D9800" posx="0" posy="16" palette="/Character Overworld Sprites/Palettes/CharMapPal1" />
	<element fileoffset="D9818" posx="1" posy="16" palette="/Character Overworld Sprites/Palettes/CharMapPal1" />
	<element fileoffset="D9860" posx="2" posy="16" palette="/Character Overworld Sprites/Palettes/CharMapPal1" />
	<element fileoffset="D9878" posx="3" posy="16" palette="/Character Overworld Sprites/Palettes/CharMapPal1" />
	<element fileoffset="D98C0" posx="4" posy="16" palette="/Character Overworld Sprites/Palettes/CharMapPal1" />
	<element fileoffset="D98D8" posx="5" posy="16" palette="/Character Overworld Sprites/Palettes/CharMapPal1" />
	<element fileoffset="D9920" posx="6" posy="16" palette="/Character Overworld Sprites/Palettes/CharMapPal1" />
	<element fileoffset="D9938" posx="7" posy="16" palette="/Character Overworld Sprites/Palettes/CharMapPal1" />
	<element fileoffset="D9B00" posx="8" posy="16" palette="/Character Overworld Sprites/Palettes/CharMapPal3" />
	<element fileoffset="D9B18" posx="9" posy="16" palette="/Character Overworld Sprites/Palettes/CharMapPal3" />
	<element fileoffset="D9B60" posx="10" posy="16" palette="/Character Overworld Sprites/Palettes/CharMapPal3" />
	<element fileoffset="D9B78" posx="11" posy="16" palette="/Character Overworld Sprites/Palettes/CharMapPal3" />
	<element fileoffset="D9BC0" posx="12" posy="16" palette="/Character Overworld Sprites/Palettes/CharMapPal3" />
	<element fileoffset="D9BD8" posx="13" posy="16" palette="/Character Overworld Sprites/Palettes/CharMapPal3" />
	<element fileoffset="D9C20" posx="14" posy="16" palette="/Character Overworld Sprites/Palettes/CharMapPal3" />
	<element fileoffset="D9C38" posx="15" posy="16" palette="/Character Overworld Sprites/Palettes/CharMapPal3" />
	<element fileoffset="D9830" posx="0" posy="17" palette="/Character Overworld Sprites/Palettes/CharMapPal1" />
	<element fileoffset="D9848" posx="1" posy="17" palette="/Character Overworld Sprites/Palettes/CharMapPal1" />
	<element fileoffset="D9890" posx="2" posy="17" palette="/Character Overworld Sprites/Palettes/CharMapPal1" />
	<element fileoffset="D98A8" posx="3" posy="17" palette="/Character Overworld Sprites/Palettes/CharMapPal1" />
	<element fileoffset="D98F0" posx="4" posy="17" palette="/Character Overworld Sprites/Palettes/CharMapPal1" />
	<element fileoffset="D9908" posx="5" posy="17" palette="/Character Overworld Sprites/Palettes/CharMapPal1" />
	<element fileoffset="D9950" posx="6" posy="17" palette="/Character Overworld Sprites/Palettes/CharMapPal1" />
	<element fileoffset="D9968" posx="7" posy="17" palette="/Character Overworld Sprites/Palettes/CharMapPal1" />
	<element fileoffset="D9B30" posx="8" posy="17" palette="/Character Overworld Sprites/Palettes/CharMapPal3" />
	<element fileoffset="D9B48" posx="9" posy="17" palette="/Character Overworld Sprites/Palettes/CharMapPal3" />
	<element fileoffset="D9B90" posx="10" posy="17" palette="/Character Overworld Sprites/Palettes/CharMapPal3" />
	<element fileoffset="D9BA8" posx="11" posy="17" palette="/Character Overworld Sprites/Palettes/CharMapPal3" />
	<element fileoffset="D9BF0" posx="12" posy="17" palette="/Character Overworld Sprites/Palettes/CharMapPal3" />
	<element fileoffset="D9C08" posx="13" posy="17" palette="/Character Overworld Sprites/Palettes/CharMapPal3" />
	<element fileoffset="D9C50" posx="14" posy="17" palette="/Character Overworld Sprites/Palettes/CharMapPal3" />
	<element fileoffset="D9C68" posx="15" posy="17" palette="/Character Overworld Sprites/Palettes/CharMapPal3" />
	<element fileoffset="D9980" posx="0" posy="18" palette="/Character Overworld Sprites/Palettes/CharMapPal1" />
	<element fileoffset="D9998" posx="1" posy="18" palette="/Character Overworld Sprites/Palettes/CharMapPal1" />
	<element fileoffset="D99E0" posx="2" posy="18" palette="/Character Overworld Sprites/Palettes/CharMapPal1" />
	<element fileoffset="D99F8" posx="3" posy="18" palette="/Character Overworld Sprites/Palettes/CharMapPal1" />
	<element fileoffset="D9A40" posx="4" posy="18" palette="/Character Overworld Sprites/Palettes/CharMapPal1" />
	<element fileoffset="D9A58" posx="5" posy="18" palette="/Character Overworld Sprites/Palettes/CharMapPal1" />
	<element fileoffset="D9AA0" posx="6" posy="18" palette="/Character Overworld Sprites/Palettes/CharMapPal1" />
	<element fileoffset="D9AB8" posx="7" posy="18" palette="/Character Overworld Sprites/Palettes/CharMapPal1" />
	<element fileoffset="D9C80" posx="8" posy="18" palette="/Character Overworld Sprites/Palettes/CharMapPal3" />
	<element fileoffset="D9C98" posx="9" posy="18" palette="/Character Overworld Sprites/Palettes/CharMapPal3" />
	<element fileoffset="D9CE0" posx="10" posy="18" palette="/Character Overworld Sprites/Palettes/CharMapPal3" />
	<element fileoffset="D9CF8" posx="11" posy="18" palette="/Character Overworld Sprites/Palettes/CharMapPal3" />
	<element fileoffset="D9D40" posx="12" posy="18" palette="/Character Overworld Sprites/Palettes/CharMapPal3" />
	<element fileoffset="D9D58" posx="13" posy="18" palette="/Character Overworld Sprites/Palettes/CharMapPal3" />
	<element fileoffset="D9DA0" posx="14" posy="18" palette="/Character Overworld Sprites/Palettes/CharMapPal3" />
	<element fileoffset="D9DB8" posx="15" posy="18" palette="/Character Overworld Sprites/Palettes/CharMapPal3" />
	<element fileoffset="D99B0" posx="0" posy="19" palette="/Character Overworld Sprites/Palettes/CharMapPal1" />
	<element fileoffset="D99C8" posx="1" posy="19" palette="/Character Overworld Sprites/Palettes/CharMapPal1" />
	<element fileoffset="D9A10" posx="2" posy="19" palette="/Character Overworld Sprites/Palettes/CharMapPal1" />
	<element fileoffset="D9A28" posx="3" posy="19" palette="/Character Overworld Sprites/Palettes/CharMapPal1" />
	<element fileoffset="D9A70" posx="4" posy="19" palette="/Character Overworld Sprites/Palettes/CharMapPal1" />
	<element fileoffset="D9A88" posx="5" posy="19" palette="/Character Overworld Sprites/Palettes/CharMapPal1" />
	<element fileoffset="D9AD0" posx="6" posy="19" palette="/Character Overworld Sprites/Palettes/CharMapPal1" />
	<element fileoffset="D9AE8" posx="7" posy="19" palette="/Character Overworld Sprites/Palettes/CharMapPal1" />
	<element fileoffset="D9CB0" posx="8" posy="19" palette="/Character Overworld Sprites/Palettes/CharMapPal3" />
	<element fileoffset="D9CC8" posx="9" posy="19" palette="/Character Overworld Sprites/Palettes/CharMapPal3" />
	<element fileoffset="D9D10" posx="10" posy="19" palette="/Character Overworld Sprites/Palettes/CharMapPal3" />
	<element fileoffset="D9D28" posx="11" posy="19" palette="/Character Overworld Sprites/Palettes/CharMapPal3" />
	<element fileoffset="D9D70" posx="12" posy="19" palette="/Character Overworld Sprites/Palettes/CharMapPal3" />
	<element fileoffset="D9D88" posx="13" posy="19" palette="/Character Overworld Sprites/Palettes/CharMapPal3" />
	<element fileoffset="D9DD0" posx="14" posy="19" palette="/Character Overworld Sprites/Palettes/CharMapPal3" />
	<element fileoffset="D9DE8" posx="15" posy="19" palette="/Character Overworld Sprites/Palettes/CharMapPal3" />
	<element fileoffset="D9E00" posx="0" posy="20" />
	<element fileoffset="D9E18" posx="1" posy="20" />
	<element fileoffset="D9E60" posx="2" posy="20" />
	<element fileoffset="D9E78" posx="3" posy="20" />
	<element fileoffset="D9EC0" posx="4" posy="20" />
	<element fileoffset="D9ED8" posx="5" posy="20" />
	<element fileoffset="D9F20" posx="6" posy="20" />
	<element fileoffset="D9F38" posx="7" posy="20" />
	<element fileoffset="DA100" posx="8" posy="20" palette="/Character Overworld Sprites/Palettes/CharMapPal1" />
	<element fileoffset="DA118" posx="9" posy="20" palette="/Character Overworld Sprites/Palettes/CharMapPal1" />
	<element fileoffset="DA160" posx="10" posy="20" palette="/Character Overworld Sprites/Palettes/CharMapPal1" />
	<element fileoffset="DA178" posx="11" posy="20" palette="/Character Overworld Sprites/Palettes/CharMapPal1" />
	<element fileoffset="DA1C0" posx="12" posy="20" palette="/Character Overworld Sprites/Palettes/CharMapPal1" />
	<element fileoffset="DA1D8" posx="13" posy="20" palette="/Character Overworld Sprites/Palettes/CharMapPal1" />
	<element fileoffset="DA220" posx="14" posy="20" palette="/Character Overworld Sprites/Palettes/CharMapPal1" />
	<element fileoffset="DA238" posx="15" posy="20" palette="/Character Overworld Sprites/Palettes/CharMapPal1" />
	<element fileoffset="D9E30" posx="0" posy="21" />
	<element fileoffset="D9E48" posx="1" posy="21" />
	<element fileoffset="D9E90" posx="2" posy="21" />
	<element fileoffset="D9EA8" posx="3" posy="21" />
	<element fileoffset="D9EF0" posx="4" posy="21" />
	<element fileoffset="D9F08" posx="5" posy="21" />
	<element fileoffset="D9F50" posx="6" posy="21" />
	<element fileoffset="D9F68" posx="7" posy="21" />
	<element fileoffset="DA130" posx="8" posy="21" palette="/Character Overworld Sprites/Palettes/CharMapPal1" />
	<element fileoffset="DA148" posx="9" posy="21" palette="/Character Overworld Sprites/Palettes/CharMapPal1" />
	<element fileoffset="DA190" posx="10" posy="21" palette="/Character Overworld Sprites/Palettes/CharMapPal1" />
	<element fileoffset="DA1A8" posx="11" posy="21" palette="/Character Overworld Sprites/Palettes/CharMapPal1" />
	<element fileoffset="DA1F0" posx="12" posy="21" palette="/Character Overworld Sprites/Palettes/CharMapPal1" />
	<element fileoffset="DA208" posx="13" posy="21" palette="/Character Overworld Sprites/Palettes/CharMapPal1" />
	<element fileoffset="DA250" posx="14" posy="21" palette="/Character Overworld Sprites/Palettes/CharMapPal1" />
	<element fileoffset="DA268" posx="15" posy="21" palette="/Character Overworld Sprites/Palettes/CharMapPal1" />
	<element fileoffset="D9F80" posx="0" posy="22" />
	<element fileoffset="D9F98" posx="1" posy="22" />
	<element fileoffset="D9FE0" posx="2" posy="22" />
	<element fileoffset="D9FF8" posx="3" posy="22" />
	<element fileoffset="DA040" posx="4" posy="22" />
	<element fileoffset="DA058" posx="5" posy="22" />
	<element fileoffset="DA0A0" posx="6" posy="22" />
	<element fileoffset="DA0B8" posx="7" posy="22" />
	<element fileoffset="DA280" posx="8" posy="22" palette="/Character Overworld Sprites/Palettes/CharMapPal1" />
	<element fileoffset="DA298" posx="9" posy="22" palette="/Character Overworld Sprites/Palettes/CharMapPal1" />
	<element fileoffset="DA2E0" posx="10" posy="22" palette="/Character Overworld Sprites/Palettes/CharMapPal1" />
	<element fileoffset="DA2F8" posx="11" posy="22" palette="/Character Overworld Sprites/Palettes/CharMapPal1" />
	<element fileoffset="DA340" posx="12" posy="22" palette="/Character Overworld Sprites/Palettes/CharMapPal1" />
	<element fileoffset="DA358" posx="13" posy="22" palette="/Character Overworld Sprites/Palettes/CharMapPal1" />
	<element fileoffset="DA3A0" posx="14" posy="22" palette="/Character Overworld Sprites/Palettes/CharMapPal1" />
	<element fileoffset="DA3B8" posx="15" posy="22" palette="/Character Overworld Sprites/Palettes/CharMapPal1" />
	<element fileoffset="D9FB0" posx="0" posy="23" />
	<element fileoffset="D9FC8" posx="1" posy="23" />
	<element fileoffset="DA010" posx="2" posy="23" />
	<element fileoffset="DA028" posx="3" posy="23" />
	<element fileoffset="DA070" posx="4" posy="23" />
	<element fileoffset="DA088" posx="5" posy="23" />
	<element fileoffset="DA0D0" posx="6" posy="23" />
	<element fileoffset="DA0E8" posx="7" posy="23" />
	<element fileoffset="DA2B0" posx="8" posy="23" palette="/Character Overworld Sprites/Palettes/CharMapPal1" />
	<element fileoffset="DA2C8" posx="9" posy="23" palette="/Character Overworld Sprites/Palettes/CharMapPal1" />
	<element fileoffset="DA310" posx="10" posy="23" palette="/Character Overworld Sprites/Palettes/CharMapPal1" />
	<element fileoffset="DA328" posx="11" posy="23" palette="/Character Overworld Sprites/Palettes/CharMapPal1" />
	<element fileoffset="DA370" posx="12" posy="23" palette="/Character Overworld Sprites/Palettes/CharMapPal1" />
	<element fileoffset="DA388" posx="13" posy="23" palette="/Character Overworld Sprites/Palettes/CharMapPal1" />
	<element fileoffset="DA3D0" posx="14" posy="23" palette="/Character Overworld Sprites/Palettes/CharMapPal1" />
	<element fileoffset="DA3E8" posx="15" posy="23" palette="/Character Overworld Sprites/Palettes/CharMapPal1" />
	<element fileoffset="DA400" posx="0" posy="24" />
	<element fileoffset="DA418" posx="1" posy="24" />
	<element fileoffset="DA460" posx="2" posy="24" />
	<element fileoffset="DA478" posx="3" posy="24" />
	<element fileoffset="DA4C0" posx="4" posy="24" />
	<element fileoffset="DA4D8" posx="5" posy="24" />
	<element fileoffset="DA520" posx="6" posy="24" />
	<element fileoffset="DA538" posx="7" posy="24" />
	<element fileoffset="DA700" posx="8" posy="24" />
	<element fileoffset="DA718" posx="9" posy="24" />
	<element fileoffset="DA760" posx="10" posy="24" />
	<element fileoffset="DA778" posx="11" posy="24" />
	<element fileoffset="DA7C0" posx="12" posy="24" />
	<element fileoffset="DA7D8" posx="13" posy="24" />
	<element fileoffset="DA820" posx="14" posy="24" />
	<element fileoffset="DA838" posx="15" posy="24" />
	<element fileoffset="DA430" posx="0" posy="25" />
	<element fileoffset="DA448" posx="1" posy="25" />
	<element fileoffset="DA490" posx="2" posy="25" />
	<element fileoffset="DA4A8" posx="3" posy="25" />
	<element fileoffset="DA4F0" posx="4" posy="25" />
	<element fileoffset="DA508" posx="5" posy="25" />
	<element fileoffset="DA550" posx="6" posy="25" />
	<element fileoffset="DA568" posx="7" posy="25" />
	<element fileoffset="DA730" posx="8" posy="25" />
	<element fileoffset="DA748" posx="9" posy="25" />
	<element fileoffset="DA790" posx="10" posy="25" />
	<element fileoffset="DA7A8" posx="11" posy="25" />
	<element fileoffset="DA7F0" posx="12" posy="25" />
	<element fileoffset="DA808" posx="13" posy="25" />
	<element fileoffset="DA850" posx="14" posy="25" />
	<element fileoffset="DA868" posx="15" posy="25" />
	<element fileoffset="DA580" posx="0" posy="26" />
	<element fileoffset="DA598" posx="1" posy="26" />
	<element fileoffset="DA5E0" posx="2" posy="26" />
	<element fileoffset="DA5F8" posx="3" posy="26" />
	<element fileoffset="DA640" posx="4" posy="26" />
	<element fileoffset="DA658" posx="5" posy="26" />
	<element fileoffset="DA6A0" posx="6" posy="26" />
	<element fileoffset="DA6B8" posx="7" posy="26" />
	<element fileoffset="DA880" posx="8" posy="26" />
	<element fileoffset="DA898" posx="9" posy="26" />
	<element fileoffset="DA8E0" posx="10" posy="26" />
	<element fileoffset="DA8F8" posx="11" posy="26" />
	<element fileoffset="DA940" posx="12" posy="26" />
	<element fileoffset="DA958" posx="13" posy="26" />
	<element fileoffset="DA9A0" posx="14" posy="26" />
	<element fileoffset="DA9B8" posx="15" posy="26" />
	<element fileoffset="DA5B0" posx="0" posy="27" />
	<element fileoffset="DA5C8" posx="1" posy="27" />
	<element fileoffset="DA610" posx="2" posy="27" />
	<element fileoffset="DA628" posx="3" posy="27" />
	<element fileoffset="DA670" posx="4" posy="27" />
	<element fileoffset="DA688" posx="5" posy="27" />
	<element fileoffset="DA6D0" posx="6" posy="27" />
	<element fileoffset="DA6E8" posx="7" posy="27" />
	<element fileoffset="DA8B0" posx="8" posy="27" />
	<element fileoffset="DA8C8" posx="9" posy="27" />
	<element fileoffset="DA910" posx="10" posy="27" />
	<element fileoffset="DA928" posx="11" posy="27" />
	<element fileoffset="DA970" posx="12" posy="27" />
	<element fileoffset="DA988" posx="13" posy="27" />
	<element fileoffset="DA9D0" posx="14" posy="27" />
	<element fileoffset="DA9E8" posx="15" posy="27" />
</arranger>