<?xml version="1.0" encoding="utf-16"?>
<arranger elementsx="8" elementsy="4" width="8" height="8" layout="tiled" color="indexed" defaultcodec="SNES 3bpp" defaultdatafile="/FF2" defaultpalette="/Character Overworld Sprites/Palettes/CharMapPal3">
	<element fileoffset="D9B00" posx="0" posy="0" />
	<element fileoffset="D9B18" posx="1" posy="0" />
	<element fileoffset="D9B60" posx="2" posy="0" />
	<element fileoffset="D9B78" posx="3" posy="0" />
	<element fileoffset="D9BC0" posx="4" posy="0" />
	<element fileoffset="D9BD8" posx="5" posy="0" />
	<element fileoffset="D9C20" posx="6" posy="0" />
	<element fileoffset="D9C38" posx="7" posy="0" />
	<element fileoffset="D9B30" posx="0" posy="1" />
	<element fileoffset="D9B48" posx="1" posy="1" />
	<element fileoffset="D9B90" posx="2" posy="1" />
	<element fileoffset="D9BA8" posx="3" posy="1" />
	<element fileoffset="D9BF0" posx="4" posy="1" />
	<element fileoffset="D9C08" posx="5" posy="1" />
	<element fileoffset="D9C50" posx="6" posy="1" />
	<element fileoffset="D9C68" posx="7" posy="1" />
	<element fileoffset="D9C80" posx="0" posy="2" />
	<element fileoffset="D9C98" posx="1" posy="2" />
	<element fileoffset="D9CE0" posx="2" posy="2" />
	<element fileoffset="D9CF8" posx="3" posy="2" />
	<element fileoffset="D9D40" posx="4" posy="2" />
	<element fileoffset="D9D58" posx="5" posy="2" />
	<element fileoffset="D9DA0" posx="6" posy="2" />
	<element fileoffset="D9DB8" posx="7" posy="2" />
	<element fileoffset="D9CB0" posx="0" posy="3" />
	<element fileoffset="D9CC8" posx="1" posy="3" />
	<element fileoffset="D9D10" posx="2" posy="3" />
	<element fileoffset="D9D28" posx="3" posy="3" />
	<element fileoffset="D9D70" posx="4" posy="3" />
	<element fileoffset="D9D88" posx="5" posy="3" />
	<element fileoffset="D9DD0" posx="6" posy="3" />
	<element fileoffset="D9DE8" posx="7" posy="3" />
</arranger>