<?xml version="1.0" encoding="utf-16"?>
<arranger elementsx="8" elementsy="4" width="8" height="8" layout="tiled" color="indexed" defaultcodec="SNES 3bpp" defaultdatafile="/FF2" defaultpalette="/Character Overworld Sprites/Palettes/CharMapPal0">
	<element fileoffset="D8000" posx="0" posy="0" />
	<element fileoffset="D8018" posx="1" posy="0" />
	<element fileoffset="D8060" posx="2" posy="0" />
	<element fileoffset="D8078" posx="3" posy="0" />
	<element fileoffset="D80C0" posx="4" posy="0" />
	<element fileoffset="D80D8" posx="5" posy="0" />
	<element fileoffset="D8120" posx="6" posy="0" />
	<element fileoffset="D8138" posx="7" posy="0" />
	<element fileoffset="D8030" posx="0" posy="1" />
	<element fileoffset="D8048" posx="1" posy="1" />
	<element fileoffset="D8090" posx="2" posy="1" />
	<element fileoffset="D80A8" posx="3" posy="1" />
	<element fileoffset="D80F0" posx="4" posy="1" />
	<element fileoffset="D8108" posx="5" posy="1" />
	<element fileoffset="D8150" posx="6" posy="1" />
	<element fileoffset="D8168" posx="7" posy="1" />
	<element fileoffset="D8180" posx="0" posy="2" />
	<element fileoffset="D8198" posx="1" posy="2" />
	<element fileoffset="D81E0" posx="2" posy="2" />
	<element fileoffset="D81F8" posx="3" posy="2" />
	<element fileoffset="D8240" posx="4" posy="2" />
	<element fileoffset="D8258" posx="5" posy="2" />
	<element fileoffset="D82A0" posx="6" posy="2" />
	<element fileoffset="D82B8" posx="7" posy="2" />
	<element fileoffset="D81B0" posx="0" posy="3" />
	<element fileoffset="D81C8" posx="1" posy="3" />
	<element fileoffset="D8210" posx="2" posy="3" />
	<element fileoffset="D8228" posx="3" posy="3" />
	<element fileoffset="D8270" posx="4" posy="3" />
	<element fileoffset="D8288" posx="5" posy="3" />
	<element fileoffset="D82D0" posx="6" posy="3" />
	<element fileoffset="D82E8" posx="7" posy="3" />
</arranger>