<?xml version="1.0" encoding="utf-16"?>
<arranger elementsx="8" elementsy="4" width="8" height="8" layout="tiled" color="indexed" defaultcodec="SNES 3bpp" defaultdatafile="/FF2" defaultpalette="/Character Overworld Sprites/Palettes/CharMapPal0">
	<element fileoffset="D9E00" posx="0" posy="0" />
	<element fileoffset="D9E18" posx="1" posy="0" />
	<element fileoffset="D9E60" posx="2" posy="0" />
	<element fileoffset="D9E78" posx="3" posy="0" />
	<element fileoffset="D9EC0" posx="4" posy="0" />
	<element fileoffset="D9ED8" posx="5" posy="0" />
	<element fileoffset="D9F20" posx="6" posy="0" />
	<element fileoffset="D9F38" posx="7" posy="0" />
	<element fileoffset="D9E30" posx="0" posy="1" />
	<element fileoffset="D9E48" posx="1" posy="1" />
	<element fileoffset="D9E90" posx="2" posy="1" />
	<element fileoffset="D9EA8" posx="3" posy="1" />
	<element fileoffset="D9EF0" posx="4" posy="1" />
	<element fileoffset="D9F08" posx="5" posy="1" />
	<element fileoffset="D9F50" posx="6" posy="1" />
	<element fileoffset="D9F68" posx="7" posy="1" />
	<element fileoffset="D9F80" posx="0" posy="2" />
	<element fileoffset="D9F98" posx="1" posy="2" />
	<element fileoffset="D9FE0" posx="2" posy="2" />
	<element fileoffset="D9FF8" posx="3" posy="2" />
	<element fileoffset="DA040" posx="4" posy="2" />
	<element fileoffset="DA058" posx="5" posy="2" />
	<element fileoffset="DA0A0" posx="6" posy="2" />
	<element fileoffset="DA0B8" posx="7" posy="2" />
	<element fileoffset="D9FB0" posx="0" posy="3" />
	<element fileoffset="D9FC8" posx="1" posy="3" />
	<element fileoffset="DA010" posx="2" posy="3" />
	<element fileoffset="DA028" posx="3" posy="3" />
	<element fileoffset="DA070" posx="4" posy="3" />
	<element fileoffset="DA088" posx="5" posy="3" />
	<element fileoffset="DA0D0" posx="6" posy="3" />
	<element fileoffset="DA0E8" posx="7" posy="3" />
</arranger>