<?xml version="1.0" encoding="utf-16"?>
<arranger elementsx="8" elementsy="4" width="8" height="8" layout="tiled" color="indexed" defaultcodec="SNES 3bpp" defaultdatafile="/FF2" defaultpalette="/Character Overworld Sprites/Palettes/CharMapPal0">
	<element fileoffset="DA400" posx="0" posy="0" />
	<element fileoffset="DA418" posx="1" posy="0" />
	<element fileoffset="DA460" posx="2" posy="0" />
	<element fileoffset="DA478" posx="3" posy="0" />
	<element fileoffset="DA4C0" posx="4" posy="0" />
	<element fileoffset="DA4D8" posx="5" posy="0" />
	<element fileoffset="DA520" posx="6" posy="0" />
	<element fileoffset="DA538" posx="7" posy="0" />
	<element fileoffset="DA430" posx="0" posy="1" />
	<element fileoffset="DA448" posx="1" posy="1" />
	<element fileoffset="DA490" posx="2" posy="1" />
	<element fileoffset="DA4A8" posx="3" posy="1" />
	<element fileoffset="DA4F0" posx="4" posy="1" />
	<element fileoffset="DA508" posx="5" posy="1" />
	<element fileoffset="DA550" posx="6" posy="1" />
	<element fileoffset="DA568" posx="7" posy="1" />
	<element fileoffset="DA580" posx="0" posy="2" />
	<element fileoffset="DA598" posx="1" posy="2" />
	<element fileoffset="DA5E0" posx="2" posy="2" />
	<element fileoffset="DA5F8" posx="3" posy="2" />
	<element fileoffset="DA640" posx="4" posy="2" />
	<element fileoffset="DA658" posx="5" posy="2" />
	<element fileoffset="DA6A0" posx="6" posy="2" />
	<element fileoffset="DA6B8" posx="7" posy="2" />
	<element fileoffset="DA5B0" posx="0" posy="3" />
	<element fileoffset="DA5C8" posx="1" posy="3" />
	<element fileoffset="DA610" posx="2" posy="3" />
	<element fileoffset="DA628" posx="3" posy="3" />
	<element fileoffset="DA670" posx="4" posy="3" />
	<element fileoffset="DA688" posx="5" posy="3" />
	<element fileoffset="DA6D0" posx="6" posy="3" />
	<element fileoffset="DA6E8" posx="7" posy="3" />
</arranger>