<?xml version="1.0" encoding="utf-16"?>
<arranger elementsx="8" elementsy="4" width="8" height="8" layout="tiled" color="indexed" defaultcodec="SNES 3bpp" defaultdatafile="/FF2" defaultpalette="/Character Overworld Sprites/Palettes/CharMapPal2">
	<element fileoffset="D8C00" posx="0" posy="0" />
	<element fileoffset="D8C18" posx="1" posy="0" />
	<element fileoffset="D8C60" posx="2" posy="0" />
	<element fileoffset="D8C78" posx="3" posy="0" />
	<element fileoffset="D8CC0" posx="4" posy="0" />
	<element fileoffset="D8CD8" posx="5" posy="0" />
	<element fileoffset="D8D20" posx="6" posy="0" />
	<element fileoffset="D8D38" posx="7" posy="0" />
	<element fileoffset="D8C30" posx="0" posy="1" />
	<element fileoffset="D8C48" posx="1" posy="1" />
	<element fileoffset="D8C90" posx="2" posy="1" />
	<element fileoffset="D8CA8" posx="3" posy="1" />
	<element fileoffset="D8CF0" posx="4" posy="1" />
	<element fileoffset="D8D08" posx="5" posy="1" />
	<element fileoffset="D8D50" posx="6" posy="1" />
	<element fileoffset="D8D68" posx="7" posy="1" />
	<element fileoffset="D8D80" posx="0" posy="2" />
	<element fileoffset="D8D98" posx="1" posy="2" />
	<element fileoffset="D8DE0" posx="2" posy="2" />
	<element fileoffset="D8DF8" posx="3" posy="2" />
	<element fileoffset="D8E40" posx="4" posy="2" />
	<element fileoffset="D8E58" posx="5" posy="2" />
	<element fileoffset="D8EA0" posx="6" posy="2" />
	<element fileoffset="D8EB8" posx="7" posy="2" />
	<element fileoffset="D8DB0" posx="0" posy="3" />
	<element fileoffset="D8DC8" posx="1" posy="3" />
	<element fileoffset="D8E10" posx="2" posy="3" />
	<element fileoffset="D8E28" posx="3" posy="3" />
	<element fileoffset="D8E70" posx="4" posy="3" />
	<element fileoffset="D8E88" posx="5" posy="3" />
	<element fileoffset="D8ED0" posx="6" posy="3" />
	<element fileoffset="D8EE8" posx="7" posy="3" />
</arranger>