<?xml version="1.0" encoding="utf-16"?>
<arranger elementsx="8" elementsy="4" width="8" height="8" layout="tiled" color="indexed" defaultcodec="SNES 3bpp" defaultdatafile="/FF2" defaultpalette="/Character Overworld Sprites/Palettes/CharMapPal0">
	<element fileoffset="DA700" posx="0" posy="0" />
	<element fileoffset="DA718" posx="1" posy="0" />
	<element fileoffset="DA760" posx="2" posy="0" />
	<element fileoffset="DA778" posx="3" posy="0" />
	<element fileoffset="DA7C0" posx="4" posy="0" />
	<element fileoffset="DA7D8" posx="5" posy="0" />
	<element fileoffset="DA820" posx="6" posy="0" />
	<element fileoffset="DA838" posx="7" posy="0" />
	<element fileoffset="DA730" posx="0" posy="1" />
	<element fileoffset="DA748" posx="1" posy="1" />
	<element fileoffset="DA790" posx="2" posy="1" />
	<element fileoffset="DA7A8" posx="3" posy="1" />
	<element fileoffset="DA7F0" posx="4" posy="1" />
	<element fileoffset="DA808" posx="5" posy="1" />
	<element fileoffset="DA850" posx="6" posy="1" />
	<element fileoffset="DA868" posx="7" posy="1" />
	<element fileoffset="DA880" posx="0" posy="2" />
	<element fileoffset="DA898" posx="1" posy="2" />
	<element fileoffset="DA8E0" posx="2" posy="2" />
	<element fileoffset="DA8F8" posx="3" posy="2" />
	<element fileoffset="DA940" posx="4" posy="2" />
	<element fileoffset="DA958" posx="5" posy="2" />
	<element fileoffset="DA9A0" posx="6" posy="2" />
	<element fileoffset="DA9B8" posx="7" posy="2" />
	<element fileoffset="DA8B0" posx="0" posy="3" />
	<element fileoffset="DA8C8" posx="1" posy="3" />
	<element fileoffset="DA910" posx="2" posy="3" />
	<element fileoffset="DA928" posx="3" posy="3" />
	<element fileoffset="DA970" posx="4" posy="3" />
	<element fileoffset="DA988" posx="5" posy="3" />
	<element fileoffset="DA9D0" posx="6" posy="3" />
	<element fileoffset="DA9E8" posx="7" posy="3" />
</arranger>