<?xml version="1.0" encoding="utf-16"?>
<arranger elementsx="8" elementsy="4" width="8" height="8" layout="tiled" color="indexed" defaultcodec="SNES 3bpp" defaultdatafile="/FF2" defaultpalette="/Character Overworld Sprites/Palettes/CharMapPal0">
	<element fileoffset="D8300" posx="0" posy="0" />
	<element fileoffset="D8318" posx="1" posy="0" />
	<element fileoffset="D8360" posx="2" posy="0" />
	<element fileoffset="D8378" posx="3" posy="0" />
	<element fileoffset="D83C0" posx="4" posy="0" />
	<element fileoffset="D83D8" posx="5" posy="0" />
	<element fileoffset="D8420" posx="6" posy="0" />
	<element fileoffset="D8438" posx="7" posy="0" />
	<element fileoffset="D8330" posx="0" posy="1" />
	<element fileoffset="D8348" posx="1" posy="1" />
	<element fileoffset="D8390" posx="2" posy="1" />
	<element fileoffset="D83A8" posx="3" posy="1" />
	<element fileoffset="D83F0" posx="4" posy="1" />
	<element fileoffset="D8408" posx="5" posy="1" />
	<element fileoffset="D8450" posx="6" posy="1" />
	<element fileoffset="D8468" posx="7" posy="1" />
	<element fileoffset="D8480" posx="0" posy="2" />
	<element fileoffset="D8498" posx="1" posy="2" />
	<element fileoffset="D84E0" posx="2" posy="2" />
	<element fileoffset="D84F8" posx="3" posy="2" />
	<element fileoffset="D8540" posx="4" posy="2" />
	<element fileoffset="D8558" posx="5" posy="2" />
	<element fileoffset="D85A0" posx="6" posy="2" />
	<element fileoffset="D85B8" posx="7" posy="2" />
	<element fileoffset="D84B0" posx="0" posy="3" />
	<element fileoffset="D84C8" posx="1" posy="3" />
	<element fileoffset="D8510" posx="2" posy="3" />
	<element fileoffset="D8528" posx="3" posy="3" />
	<element fileoffset="D8570" posx="4" posy="3" />
	<element fileoffset="D8588" posx="5" posy="3" />
	<element fileoffset="D85D0" posx="6" posy="3" />
	<element fileoffset="D85E8" posx="7" posy="3" />
</arranger>