<?xml version="1.0" encoding="utf-16"?>
<arranger elementsx="8" elementsy="4" width="8" height="8" layout="tiled" color="indexed" defaultcodec="SNES 3bpp" defaultdatafile="/FF2" defaultpalette="/Character Overworld Sprites/Palettes/CharMapPal1">
	<element fileoffset="D9500" posx="0" posy="0" />
	<element fileoffset="D9518" posx="1" posy="0" />
	<element fileoffset="D9560" posx="2" posy="0" />
	<element fileoffset="D9578" posx="3" posy="0" />
	<element fileoffset="D95C0" posx="4" posy="0" />
	<element fileoffset="D95D8" posx="5" posy="0" />
	<element fileoffset="D9620" posx="6" posy="0" />
	<element fileoffset="D9638" posx="7" posy="0" />
	<element fileoffset="D9530" posx="0" posy="1" />
	<element fileoffset="D9548" posx="1" posy="1" />
	<element fileoffset="D9590" posx="2" posy="1" />
	<element fileoffset="D95A8" posx="3" posy="1" />
	<element fileoffset="D95F0" posx="4" posy="1" />
	<element fileoffset="D9608" posx="5" posy="1" />
	<element fileoffset="D9650" posx="6" posy="1" />
	<element fileoffset="D9668" posx="7" posy="1" />
	<element fileoffset="D9680" posx="0" posy="2" />
	<element fileoffset="D9698" posx="1" posy="2" />
	<element fileoffset="D96E0" posx="2" posy="2" />
	<element fileoffset="D96F8" posx="3" posy="2" />
	<element fileoffset="D9740" posx="4" posy="2" />
	<element fileoffset="D9758" posx="5" posy="2" />
	<element fileoffset="D97A0" posx="6" posy="2" />
	<element fileoffset="D97B8" posx="7" posy="2" />
	<element fileoffset="D96B0" posx="0" posy="3" />
	<element fileoffset="D96C8" posx="1" posy="3" />
	<element fileoffset="D9710" posx="2" posy="3" />
	<element fileoffset="D9728" posx="3" posy="3" />
	<element fileoffset="D9770" posx="4" posy="3" />
	<element fileoffset="D9788" posx="5" posy="3" />
	<element fileoffset="D97D0" posx="6" posy="3" />
	<element fileoffset="D97E8" posx="7" posy="3" />
</arranger>