<?xml version="1.0" encoding="utf-16"?>
<arranger elementsx="8" elementsy="4" width="8" height="8" layout="tiled" color="indexed" defaultcodec="SNES 3bpp" defaultdatafile="/FF2" defaultpalette="/Character Overworld Sprites/Palettes/CharMapPal1">
	<element fileoffset="D9800" posx="0" posy="0" />
	<element fileoffset="D9818" posx="1" posy="0" />
	<element fileoffset="D9860" posx="2" posy="0" />
	<element fileoffset="D9878" posx="3" posy="0" />
	<element fileoffset="D98C0" posx="4" posy="0" />
	<element fileoffset="D98D8" posx="5" posy="0" />
	<element fileoffset="D9920" posx="6" posy="0" />
	<element fileoffset="D9938" posx="7" posy="0" />
	<element fileoffset="D9830" posx="0" posy="1" />
	<element fileoffset="D9848" posx="1" posy="1" />
	<element fileoffset="D9890" posx="2" posy="1" />
	<element fileoffset="D98A8" posx="3" posy="1" />
	<element fileoffset="D98F0" posx="4" posy="1" />
	<element fileoffset="D9908" posx="5" posy="1" />
	<element fileoffset="D9950" posx="6" posy="1" />
	<element fileoffset="D9968" posx="7" posy="1" />
	<element fileoffset="D9980" posx="0" posy="2" />
	<element fileoffset="D9998" posx="1" posy="2" />
	<element fileoffset="D99E0" posx="2" posy="2" />
	<element fileoffset="D99F8" posx="3" posy="2" />
	<element fileoffset="D9A40" posx="4" posy="2" />
	<element fileoffset="D9A58" posx="5" posy="2" />
	<element fileoffset="D9AA0" posx="6" posy="2" />
	<element fileoffset="D9AB8" posx="7" posy="2" />
	<element fileoffset="D99B0" posx="0" posy="3" />
	<element fileoffset="D99C8" posx="1" posy="3" />
	<element fileoffset="D9A10" posx="2" posy="3" />
	<element fileoffset="D9A28" posx="3" posy="3" />
	<element fileoffset="D9A70" posx="4" posy="3" />
	<element fileoffset="D9A88" posx="5" posy="3" />
	<element fileoffset="D9AD0" posx="6" posy="3" />
	<element fileoffset="D9AE8" posx="7" posy="3" />
</arranger>