<?xml version="1.0" encoding="utf-16"?>
<arranger elementsx="8" elementsy="4" width="8" height="8" layout="tiled" color="indexed" defaultcodec="SNES 3bpp" defaultdatafile="/FF2" defaultpalette="/Character Overworld Sprites/Palettes/CharMapPal2">
	<element fileoffset="D8F00" posx="0" posy="0" />
	<element fileoffset="D8F18" posx="1" posy="0" />
	<element fileoffset="D8F60" posx="2" posy="0" />
	<element fileoffset="D8F78" posx="3" posy="0" />
	<element fileoffset="D8FC0" posx="4" posy="0" />
	<element fileoffset="D8FD8" posx="5" posy="0" />
	<element fileoffset="D9020" posx="6" posy="0" />
	<element fileoffset="D9038" posx="7" posy="0" />
	<element fileoffset="D8F30" posx="0" posy="1" />
	<element fileoffset="D8F48" posx="1" posy="1" />
	<element fileoffset="D8F90" posx="2" posy="1" />
	<element fileoffset="D8FA8" posx="3" posy="1" />
	<element fileoffset="D8FF0" posx="4" posy="1" />
	<element fileoffset="D9008" posx="5" posy="1" />
	<element fileoffset="D9050" posx="6" posy="1" />
	<element fileoffset="D9068" posx="7" posy="1" />
	<element fileoffset="D9080" posx="0" posy="2" />
	<element fileoffset="D9098" posx="1" posy="2" />
	<element fileoffset="D90E0" posx="2" posy="2" />
	<element fileoffset="D90F8" posx="3" posy="2" />
	<element fileoffset="D9140" posx="4" posy="2" />
	<element fileoffset="D9158" posx="5" posy="2" />
	<element fileoffset="D91A0" posx="6" posy="2" />
	<element fileoffset="D91B8" posx="7" posy="2" />
	<element fileoffset="D90B0" posx="0" posy="3" />
	<element fileoffset="D90C8" posx="1" posy="3" />
	<element fileoffset="D9110" posx="2" posy="3" />
	<element fileoffset="D9128" posx="3" posy="3" />
	<element fileoffset="D9170" posx="4" posy="3" />
	<element fileoffset="D9188" posx="5" posy="3" />
	<element fileoffset="D91D0" posx="6" posy="3" />
	<element fileoffset="D91E8" posx="7" posy="3" />
</arranger>