<?xml version="1.0" encoding="utf-16"?>
<arranger elementsx="8" elementsy="4" width="8" height="8" layout="tiled" color="indexed" defaultcodec="SNES 3bpp" defaultdatafile="/FF2" defaultpalette="/Character Overworld Sprites/Palettes/CharMapPal2">
	<element fileoffset="D8900" posx="0" posy="0" />
	<element fileoffset="D8918" posx="1" posy="0" />
	<element fileoffset="D8960" posx="2" posy="0" />
	<element fileoffset="D8978" posx="3" posy="0" />
	<element fileoffset="D89C0" posx="4" posy="0" />
	<element fileoffset="D89D8" posx="5" posy="0" />
	<element fileoffset="D8A20" posx="6" posy="0" />
	<element fileoffset="D8A38" posx="7" posy="0" />
	<element fileoffset="D8930" posx="0" posy="1" />
	<element fileoffset="D8948" posx="1" posy="1" />
	<element fileoffset="D8990" posx="2" posy="1" />
	<element fileoffset="D89A8" posx="3" posy="1" />
	<element fileoffset="D89F0" posx="4" posy="1" />
	<element fileoffset="D8A08" posx="5" posy="1" />
	<element fileoffset="D8A50" posx="6" posy="1" />
	<element fileoffset="D8A68" posx="7" posy="1" />
	<element fileoffset="D8A80" posx="0" posy="2" />
	<element fileoffset="D8A98" posx="1" posy="2" />
	<element fileoffset="D8AE0" posx="2" posy="2" />
	<element fileoffset="D8AF8" posx="3" posy="2" />
	<element fileoffset="D8B40" posx="4" posy="2" />
	<element fileoffset="D8B58" posx="5" posy="2" />
	<element fileoffset="D8BA0" posx="6" posy="2" />
	<element fileoffset="D8BB8" posx="7" posy="2" />
	<element fileoffset="D8AB0" posx="0" posy="3" />
	<element fileoffset="D8AC8" posx="1" posy="3" />
	<element fileoffset="D8B10" posx="2" posy="3" />
	<element fileoffset="D8B28" posx="3" posy="3" />
	<element fileoffset="D8B70" posx="4" posy="3" />
	<element fileoffset="D8B88" posx="5" posy="3" />
	<element fileoffset="D8BD0" posx="6" posy="3" />
	<element fileoffset="D8BE8" posx="7" posy="3" />
</arranger>