<?xml version="1.0" encoding="utf-16"?>
<arranger elementsx="8" elementsy="4" width="8" height="8" layout="tiled" color="indexed" defaultcodec="SNES 3bpp" defaultdatafile="/FF2" defaultpalette="/Character Overworld Sprites/Palettes/CharMapPal0">
	<element fileoffset="D9200" posx="0" posy="0" />
	<element fileoffset="D9218" posx="1" posy="0" />
	<element fileoffset="D9260" posx="2" posy="0" />
	<element fileoffset="D9278" posx="3" posy="0" />
	<element fileoffset="D92C0" posx="4" posy="0" />
	<element fileoffset="D92D8" posx="5" posy="0" />
	<element fileoffset="D9320" posx="6" posy="0" />
	<element fileoffset="D9338" posx="7" posy="0" />
	<element fileoffset="D9230" posx="0" posy="1" />
	<element fileoffset="D9248" posx="1" posy="1" />
	<element fileoffset="D9290" posx="2" posy="1" />
	<element fileoffset="D92A8" posx="3" posy="1" />
	<element fileoffset="D92F0" posx="4" posy="1" />
	<element fileoffset="D9308" posx="5" posy="1" />
	<element fileoffset="D9350" posx="6" posy="1" />
	<element fileoffset="D9368" posx="7" posy="1" />
	<element fileoffset="D9380" posx="0" posy="2" />
	<element fileoffset="D9398" posx="1" posy="2" />
	<element fileoffset="D93E0" posx="2" posy="2" />
	<element fileoffset="D93F8" posx="3" posy="2" />
	<element fileoffset="D9440" posx="4" posy="2" />
	<element fileoffset="D9458" posx="5" posy="2" />
	<element fileoffset="D94A0" posx="6" posy="2" />
	<element fileoffset="D94B8" posx="7" posy="2" />
	<element fileoffset="D93B0" posx="0" posy="3" />
	<element fileoffset="D93C8" posx="1" posy="3" />
	<element fileoffset="D9410" posx="2" posy="3" />
	<element fileoffset="D9428" posx="3" posy="3" />
	<element fileoffset="D9470" posx="4" posy="3" />
	<element fileoffset="D9488" posx="5" posy="3" />
	<element fileoffset="D94D0" posx="6" posy="3" />
	<element fileoffset="D94E8" posx="7" posy="3" />
</arranger>