<?xml version="1.0" encoding="utf-16"?>
<arranger elementsx="8" elementsy="4" width="8" height="8" layout="tiled" color="indexed" defaultcodec="SNES 3bpp" defaultdatafile="/FF2" defaultpalette="/Character Overworld Sprites/Palettes/CharMapPal1">
	<element fileoffset="D8600" posx="0" posy="0" />
	<element fileoffset="D8618" posx="1" posy="0" />
	<element fileoffset="D8660" posx="2" posy="0" />
	<element fileoffset="D8678" posx="3" posy="0" />
	<element fileoffset="D86C0" posx="4" posy="0" />
	<element fileoffset="D86D8" posx="5" posy="0" />
	<element fileoffset="D8720" posx="6" posy="0" />
	<element fileoffset="D8738" posx="7" posy="0" />
	<element fileoffset="D8630" posx="0" posy="1" />
	<element fileoffset="D8648" posx="1" posy="1" />
	<element fileoffset="D8690" posx="2" posy="1" />
	<element fileoffset="D86A8" posx="3" posy="1" />
	<element fileoffset="D86F0" posx="4" posy="1" />
	<element fileoffset="D8708" posx="5" posy="1" />
	<element fileoffset="D8750" posx="6" posy="1" />
	<element fileoffset="D8768" posx="7" posy="1" />
	<element fileoffset="D8780" posx="0" posy="2" />
	<element fileoffset="D8798" posx="1" posy="2" />
	<element fileoffset="D87E0" posx="2" posy="2" />
	<element fileoffset="D87F8" posx="3" posy="2" />
	<element fileoffset="D8840" posx="4" posy="2" />
	<element fileoffset="D8858" posx="5" posy="2" />
	<element fileoffset="D88A0" posx="6" posy="2" />
	<element fileoffset="D88B8" posx="7" posy="2" />
	<element fileoffset="D87B0" posx="0" posy="3" />
	<element fileoffset="D87C8" posx="1" posy="3" />
	<element fileoffset="D8810" posx="2" posy="3" />
	<element fileoffset="D8828" posx="3" posy="3" />
	<element fileoffset="D8870" posx="4" posy="3" />
	<element fileoffset="D8888" posx="5" posy="3" />
	<element fileoffset="D88D0" posx="6" posy="3" />
	<element fileoffset="D88E8" posx="7" posy="3" />
</arranger>