<?xml version="1.0" encoding="utf-16"?>
<arranger elementsx="16" elementsy="16" width="8" height="8" layout="tiled" color="indexed" defaultcodec="NES 2bpp" defaultdatafile="/Crystalis.nes" defaultpalette="/Hero Sprites/HeroPal">
	<element fileoffset="50010" posx="0" posy="0" />
	<element fileoffset="50020" posx="1" posy="0" />
	<element fileoffset="50030" posx="2" posy="0" />
	<element fileoffset="50040" posx="3" posy="0" />
	<element fileoffset="50050" posx="4" posy="0" />
	<element fileoffset="50060" posx="5" posy="0" />
	<element fileoffset="50070" posx="6" posy="0" />
	<element fileoffset="50080" posx="7" posy="0" />
	<element fileoffset="50090" posx="8" posy="0" />
	<element fileoffset="500A0" posx="9" posy="0" />
	<element fileoffset="500B0" posx="10" posy="0" />
	<element fileoffset="500C0" posx="11" posy="0" />
	<element fileoffset="501B0" posx="12" posy="0" />
	<element fileoffset="501C0" posx="13" posy="0" />
	<element fileoffset="505D0" posx="14" posy="0" />
	<element fileoffset="505E0" posx="15" posy="0" />
	<element fileoffset="500D0" posx="0" posy="1" />
	<element fileoffset="500E0" posx="1" posy="1" />
	<element fileoffset="500F0" posx="2" posy="1" />
	<element fileoffset="50100" posx="3" posy="1" />
	<element fileoffset="50110" posx="4" posy="1" />
	<element fileoffset="50120" posx="5" posy="1" />
	<element fileoffset="50130" posx="6" posy="1" />
	<element fileoffset="50140" posx="7" posy="1" />
	<element fileoffset="50150" posx="8" posy="1" />
	<element fileoffset="50160" posx="9" posy="1" />
	<element fileoffset="50170" posx="10" posy="1" />
	<element fileoffset="50180" posx="11" posy="1" />
	<element fileoffset="50010" posx="12" posy="1" />
	<element fileoffset="50020" posx="13" posy="1" />
	<element fileoffset="50430" posx="14" posy="1" />
	<element fileoffset="50440" posx="15" posy="1" />
	<element fileoffset="50190" posx="0" posy="2" />
	<element fileoffset="501A0" posx="1" posy="2" />
	<element fileoffset="501B0" posx="2" posy="2" />
	<element fileoffset="501C0" posx="3" posy="2" />
	<element fileoffset="501D0" posx="4" posy="2" />
	<element fileoffset="501E0" posx="5" posy="2" />
	<element fileoffset="501F0" posx="6" posy="2" />
	<element fileoffset="50200" posx="7" posy="2" />
	<element fileoffset="50210" posx="8" posy="2" />
	<element fileoffset="50220" posx="9" posy="2" />
	<element fileoffset="50230" posx="10" posy="2" />
	<element fileoffset="50240" posx="11" posy="2" />
	<element fileoffset="50270" posx="12" posy="2" />
	<element fileoffset="50280" posx="13" posy="2" />
	<element fileoffset="50650" posx="14" posy="2" />
	<element fileoffset="50660" posx="15" posy="2" />
	<element fileoffset="50250" posx="0" posy="3" />
	<element fileoffset="50260" posx="1" posy="3" />
	<element fileoffset="50270" posx="2" posy="3" />
	<element fileoffset="50280" posx="3" posy="3" />
	<element fileoffset="50290" posx="4" posy="3" />
	<element fileoffset="502A0" posx="5" posy="3" />
	<element fileoffset="502B0" posx="6" posy="3" />
	<element fileoffset="502C0" posx="7" posy="3" />
	<element fileoffset="502D0" posx="8" posy="3" />
	<element fileoffset="502E0" posx="9" posy="3" />
	<element fileoffset="502F0" posx="10" posy="3" />
	<element fileoffset="50300" posx="11" posy="3" />
	<element fileoffset="50310" posx="0" posy="4" />
	<element fileoffset="50320" posx="1" posy="4" />
	<element fileoffset="50330" posx="2" posy="4" />
	<element fileoffset="50340" posx="3" posy="4" />
	<element fileoffset="50350" posx="4" posy="4" />
	<element fileoffset="50360" posx="5" posy="4" />
	<element fileoffset="50370" posx="6" posy="4" />
	<element fileoffset="50380" posx="7" posy="4" />
	<element fileoffset="50390" posx="8" posy="4" />
	<element fileoffset="503A0" posx="9" posy="4" />
	<element fileoffset="503B0" posx="10" posy="4" />
	<element fileoffset="503C0" posx="11" posy="4" />
	<element fileoffset="503D0" posx="0" posy="5" />
	<element fileoffset="503E0" posx="1" posy="5" />
	<element fileoffset="503F0" posx="2" posy="5" />
	<element fileoffset="50400" posx="3" posy="5" />
	<element fileoffset="50410" posx="4" posy="5" />
	<element fileoffset="50420" posx="5" posy="5" />
	<element fileoffset="50430" posx="6" posy="5" />
	<element fileoffset="50440" posx="7" posy="5" />
	<element fileoffset="50450" posx="8" posy="5" />
	<element fileoffset="50460" posx="9" posy="5" />
	<element fileoffset="50470" posx="10" posy="5" />
	<element fileoffset="50480" posx="11" posy="5" />
	<element fileoffset="50490" posx="0" posy="6" />
	<element fileoffset="504A0" posx="1" posy="6" />
	<element fileoffset="504B0" posx="2" posy="6" />
	<element fileoffset="504C0" posx="3" posy="6" />
	<element fileoffset="504D0" posx="4" posy="6" />
	<element fileoffset="504E0" posx="5" posy="6" />
	<element fileoffset="504F0" posx="6" posy="6" />
	<element fileoffset="50500" posx="7" posy="6" />
	<element fileoffset="50510" posx="8" posy="6" />
	<element fileoffset="50520" posx="9" posy="6" />
	<element fileoffset="50530" posx="10" posy="6" />
	<element fileoffset="50540" posx="11" posy="6" />
	<element fileoffset="50550" posx="0" posy="7" />
	<element fileoffset="50560" posx="1" posy="7" />
	<element fileoffset="50570" posx="2" posy="7" />
	<element fileoffset="50580" posx="3" posy="7" />
	<element fileoffset="50590" posx="4" posy="7" />
	<element fileoffset="505A0" posx="5" posy="7" />
	<element fileoffset="505B0" posx="6" posy="7" />
	<element fileoffset="505C0" posx="7" posy="7" />
	<element fileoffset="505D0" posx="8" posy="7" />
	<element fileoffset="505E0" posx="9" posy="7" />
	<element fileoffset="505F0" posx="10" posy="7" />
	<element fileoffset="50600" posx="11" posy="7" />
	<element fileoffset="50610" posx="0" posy="8" />
	<element fileoffset="50620" posx="1" posy="8" />
	<element fileoffset="50630" posx="2" posy="8" />
	<element fileoffset="50640" posx="3" posy="8" />
	<element fileoffset="50650" posx="4" posy="8" />
	<element fileoffset="50660" posx="5" posy="8" />
	<element fileoffset="50670" posx="6" posy="8" />
	<element fileoffset="50680" posx="7" posy="8" />
	<element fileoffset="50690" posx="8" posy="8" />
	<element fileoffset="506A0" posx="9" posy="8" />
	<element fileoffset="506B0" posx="10" posy="8" />
	<element fileoffset="506C0" posx="11" posy="8" />
	<element fileoffset="506D0" posx="0" posy="9" />
	<element fileoffset="506E0" posx="1" posy="9" />
	<element fileoffset="506F0" posx="2" posy="9" />
	<element fileoffset="50700" posx="3" posy="9" />
	<element fileoffset="50710" posx="4" posy="9" />
	<element fileoffset="50720" posx="5" posy="9" />
	<element fileoffset="50730" posx="6" posy="9" />
	<element fileoffset="50740" posx="7" posy="9" />
	<element fileoffset="50750" posx="8" posy="9" />
	<element fileoffset="50760" posx="9" posy="9" />
	<element fileoffset="50770" posx="10" posy="9" />
	<element fileoffset="50780" posx="11" posy="9" />
	<element fileoffset="50790" posx="0" posy="10" />
	<element fileoffset="507A0" posx="1" posy="10" />
	<element fileoffset="507B0" posx="2" posy="10" />
	<element fileoffset="507C0" posx="3" posy="10" />
	<element fileoffset="507D0" posx="4" posy="10" />
	<element fileoffset="507E0" posx="5" posy="10" />
	<element fileoffset="507F0" posx="6" posy="10" />
	<element fileoffset="50800" posx="7" posy="10" />
	<element fileoffset="50810" posx="8" posy="10" />
	<element fileoffset="50820" posx="9" posy="10" />
	<element fileoffset="50830" posx="10" posy="10" />
	<element fileoffset="50840" posx="11" posy="10" />
	<element fileoffset="50850" posx="0" posy="11" />
	<element fileoffset="50860" posx="1" posy="11" />
	<element fileoffset="50870" posx="2" posy="11" />
	<element fileoffset="50880" posx="3" posy="11" />
	<element fileoffset="50890" posx="4" posy="11" />
	<element fileoffset="508A0" posx="5" posy="11" />
	<element fileoffset="508B0" posx="6" posy="11" />
	<element fileoffset="508C0" posx="7" posy="11" />
	<element fileoffset="508D0" posx="8" posy="11" />
	<element fileoffset="508E0" posx="9" posy="11" />
	<element fileoffset="508F0" posx="10" posy="11" />
	<element fileoffset="50900" posx="11" posy="11" />
	<element fileoffset="50910" posx="0" posy="12" />
	<element fileoffset="50920" posx="1" posy="12" />
	<element fileoffset="50930" posx="2" posy="12" />
	<element fileoffset="50940" posx="3" posy="12" />
	<element fileoffset="50950" posx="4" posy="12" />
	<element fileoffset="50960" posx="5" posy="12" />
	<element fileoffset="50970" posx="6" posy="12" />
	<element fileoffset="50980" posx="7" posy="12" />
	<element fileoffset="50990" posx="8" posy="12" />
	<element fileoffset="509A0" posx="9" posy="12" />
	<element fileoffset="509B0" posx="10" posy="12" />
	<element fileoffset="509C0" posx="11" posy="12" />
	<element fileoffset="509D0" posx="0" posy="13" />
	<element fileoffset="509E0" posx="1" posy="13" />
	<element fileoffset="509F0" posx="2" posy="13" />
	<element fileoffset="50A00" posx="3" posy="13" />
	<element fileoffset="50A10" posx="4" posy="13" />
	<element fileoffset="50A20" posx="5" posy="13" />
	<element fileoffset="50A30" posx="6" posy="13" />
	<element fileoffset="50A40" posx="7" posy="13" />
	<element fileoffset="50A50" posx="8" posy="13" />
	<element fileoffset="50A60" posx="9" posy="13" />
	<element fileoffset="50A70" posx="10" posy="13" />
	<element fileoffset="50A80" posx="11" posy="13" />
	<element fileoffset="50A90" posx="0" posy="14" />
	<element fileoffset="50AA0" posx="1" posy="14" />
	<element fileoffset="50AB0" posx="2" posy="14" />
	<element fileoffset="50AC0" posx="3" posy="14" />
	<element fileoffset="50AD0" posx="4" posy="14" />
	<element fileoffset="50AE0" posx="5" posy="14" />
	<element fileoffset="50AF0" posx="6" posy="14" />
	<element fileoffset="50B00" posx="7" posy="14" />
	<element fileoffset="50B10" posx="8" posy="14" />
	<element fileoffset="50B20" posx="9" posy="14" />
	<element fileoffset="50B30" posx="10" posy="14" />
	<element fileoffset="50B40" posx="11" posy="14" />
	<element fileoffset="50B50" posx="0" posy="15" />
	<element fileoffset="50B60" posx="1" posy="15" />
	<element fileoffset="50B70" posx="2" posy="15" />
	<element fileoffset="50B80" posx="3" posy="15" />
	<element fileoffset="50B90" posx="4" posy="15" />
	<element fileoffset="50BA0" posx="5" posy="15" />
	<element fileoffset="50BB0" posx="6" posy="15" />
	<element fileoffset="50BC0" posx="7" posy="15" />
	<element fileoffset="50BD0" posx="8" posy="15" />
	<element fileoffset="50BE0" posx="9" posy="15" />
	<element fileoffset="50BF0" posx="10" posy="15" />
	<element fileoffset="50C00" posx="11" posy="15" />
</arranger>